index,time_start,time_peak,time_end,nar,xray_class,USFLUX,MEANGAM,MEANGBT,MEANGBZ,MEANGBH,MEANJZD,TOTUSJZ,MEANJZH,TOTUSJH,ABSNJZH,SAVNCPP,MEANPOT,TOTPOT,MEANSHR,SHRGT45,R_VALUE,AREA_ACR,g_s,slf,d_l_f
0,2010-05-05 17:13:00,2010-05-05 17:19:00,2010-05-05 17:22:00,11069,M,8.173642857142856e+21,39.09839285714286,106.91964285714285,117.06749999999998,60.249749999999985,0.09842435714285715,13019464285714.285,-0.029897142857142855,824.7546428571428,338.7,12663214285714.285,7341.367857142855,1.1065214285714284e+23,32.15092857142857,19.633142857142854,4.197942857142857,229.17285714285714,5825.175000000001,14.520392857142854,123.17107142857142
1,2010-06-12 00:30:00,2010-06-12 00:57:00,2010-06-12 01:02:00,11081,M,2.428493333333334e+21,46.15473333333334,134.37333333333333,140.28866666666664,72.3993,-0.2898267233333333,5286173333333.333,-0.012858726666666669,252.94499999999996,49.375826666666654,2740363333333.3335,4074.3233333333333,2.1658499999999994e+22,35.607666666666674,25.8308,3.2680100000000007,87.5782,228.11858518518517,34.31951851851853,88.62759259259262
2,2010-06-13 05:30:00,2010-06-13 05:39:00,2010-06-13 05:44:00,11079,M,,,,,,,,,,,,,,,,,,,,
3,2010-08-07 17:55:00,2010-08-07 18:24:00,2010-08-07 18:47:00,11093,M,1.3834928571428568e+22,39.081178571428566,95.2279642857143,94.85442857142856,41.902571428571434,-0.0826027357142857,17840678571428.57,-0.005903271428571427,881.6467857142858,130.84571428571428,1301265000000.0,7590.635714285716,2.235146428571429e+23,33.816321428571435,23.566178571428573,3.725882142857143,501.7292857142857,678.505,18.974,198.155
4,2010-10-16 19:07:00,2010-10-16 19:12:00,2010-10-16 19:15:00,11112,M,1.2484333333333334e+22,37.736966666666675,126.41299999999997,127.22233333333332,60.91623333333333,0.40798833333333323,20610733333333.332,0.003449356666666666,1010.1163333333332,69.02369999999999,6671546666666.667,3600.473333333334,9.60036666666667e+22,29.778799999999997,16.21166666666667,3.914333333333333,695.8486666666664,1608.2940000000006,14.952266666666668,91.49526666666664
5,2010-11-04 23:30:00,2010-11-04 23:58:00,2010-11-05 00:12:00,11121,M,,,,,,,,,,,,,,,,,,,,
6,2010-11-05 12:43:00,2010-11-05 13:29:00,2010-11-05 14:06:00,11121,M,,,,,,,,,,,,,,,,,,,,
7,2010-11-06 15:27:00,2010-11-06 15:36:00,2010-11-06 15:44:00,11121,M,2.6397882352941178e+22,27.9835294117647,86.3965294117647,90.80105882352942,36.372823529411754,0.08725064705882354,26470470588235.293,0.000713310588235294,1318.470588235294,28.0386,2058814705882.353,2205.323529411765,1.1483764705882354e+23,22.80770588235294,7.323088235294118,4.066105882352941,548.3076470588235,12.4125,94.693,324.0382352941176
8,2011-01-28 00:44:00,2011-01-28 01:03:00,2011-01-28 01:10:00,11149,M,,,,,,,,,,,,,,,,,,,,
9,2011-02-09 01:23:00,2011-02-09 01:31:00,2011-02-09 01:35:00,11153,M,,,,,,,,,,,,,,,,,,,,
10,2011-02-13 17:28:00,2011-02-13 17:38:00,2011-02-13 17:47:00,11158,M,1.2673035714285711e+22,59.36089285714285,118.23107142857143,125.29785714285713,86.60464285714286,0.15008725000000006,35017535714285.715,0.028593249999999997,1909.2821428571428,641.617142857143,23046750000000.0,9977.642857142857,2.9917892857142862e+23,48.51324999999999,49.30039285714287,4.682692857142858,573.9364285714286,32066.5,9.67389285714286,143.68571428571428
11,2011-02-14 17:20:00,2011-02-14 17:26:00,2011-02-14 17:32:00,11158,M,2.3172607142857143e+22,60.264214285714274,100.49457142857145,110.62107142857145,73.75839285714285,0.11231907142857143,50316214285714.29,0.02235775,2931.9035714285715,819.7592857142856,16737642857142.857,15559.035714285714,7.588214285714285e+23,51.266535714285716,57.13182142857143,4.85455357142857,996.5475000000002,90660.71428571429,8.053110714285715,172.3314285714286
12,2011-02-15 01:44:00,2011-02-15 01:56:00,2011-02-15 02:06:00,11158,X,2.3997100000000002e+22,60.61413333333333,93.725,101.95133333333334,69.25916666666666,0.046738980000000006,51899233333333.336,0.014619333333333337,2917.226666666667,579.1176666666665,10305166666666.666,15376.966666666667,8.105046666666664e+23,52.38866666666667,59.3986,4.86163,1075.49,84791.4,8.156963333333334,180.62766666666667
13,2011-02-16 07:35:00,2011-02-16 07:44:00,2011-02-16 07:55:00,11161,M,1.6385692307692311e+22,42.00203846153845,107.50653846153847,114.8696153846154,59.47607692307692,-0.0779283946153846,25242346153846.152,-0.012678776923076923,1433.323076923077,290.54,5735634615384.615,7207.457692307692,2.1950615384615384e+23,35.52780769230768,24.743730769230783,4.480726923076923,570.9980769230768,6318.696153846154,12.093653846153845,146.47384615384615
14,2011-02-16 14:19:00,2011-02-16 14:25:00,2011-02-16 14:29:00,11158,M,2.7736633333333335e+22,55.991533333333344,98.69526666666665,110.78833333333334,68.86933333333332,0.28978766666666667,55675866666666.664,0.02456543333333333,3188.33,1028.4103333333335,33573466666666.668,14425.3,8.020476666666664e+23,48.878233333333334,53.5838,4.7994933333333325,1085.2733333333335,69870.13333333333,8.966296666666665,188.5036666666667
15,2011-02-18 09:55:00,2011-02-18 10:11:00,2011-02-18 10:15:00,11158,M,3.5327192307692305e+22,46.92550000000001,95.99511538461539,106.04384615384615,59.71484615384615,0.03455053269230769,53658923076923.08,0.015367615384615386,3228.615384615385,754.683076923077,26798807692307.69,11269.923076923076,7.35621153846154e+23,40.571230769230766,36.57007692307691,4.8119000000000005,1105.6576923076923,34902.346153846156,11.203884615384617,211.91384615384615
16,2011-02-18 10:23:00,2011-02-18 10:26:00,2011-02-18 10:37:00,11162,M,1.5264423076923076e+22,51.27734615384615,114.36423076923076,115.75961538461539,67.42838461538462,0.23883250000000003,28212961538461.54,-0.005415534615384614,1342.1999999999998,130.81500000000003,3220531153846.154,8774.273076923075,2.8488076923076924e+23,41.72546153846155,39.937769230769234,3.826088461538462,764.4203846153846,4764.0653846153855,17.995692307692305,230.58999999999997
17,2011-02-18 12:59:00,2011-02-18 13:03:00,2011-02-18 13:06:00,11158,M,3.5940571428571423e+22,46.22717857142857,93.83771428571427,104.04035714285715,57.92832142857143,0.06990474464285713,52868214285714.29,0.013903857142857143,3195.307142857143,702.5614285714286,23044750000000.0,10956.142857142857,7.35394285714286e+23,39.89037037037038,35.214214285714284,4.726021428571428,1085.3500000000001,30591.0,12.023964285714287,215.81142857142854
18,2011-02-18 14:00:00,2011-02-18 14:08:00,2011-02-18 14:15:00,11162,M,1.6574833333333337e+22,52.1612,120.26433333333331,122.35866666666665,73.18330000000002,0.07481084333333334,32983300000000.0,-0.0032651566666666667,1606.3999999999994,84.60989999999998,2311960333333.3335,8935.983333333334,3.1247500000000004e+23,41.95766666666666,39.68986666666667,4.15404,830.3080000000003,7233.110000000001,17.904766666666667,243.45
19,2011-02-18 20:56:00,2011-02-18 21:04:00,2011-02-18 21:14:00,11162,M,1.8129607142857148e+22,52.81182142857143,119.68714285714285,123.94464285714287,76.71775000000001,0.005630982499999998,40006607142857.14,-0.005050389285714286,1982.625,148.31617857142854,2716399642857.143,9455.367857142857,3.689921428571428e+23,42.14717857142856,38.61978571428572,4.649649999999999,954.0678571428571,17648.75,16.20617857142857,253.32071428571425
20,2011-02-24 07:23:00,2011-02-24 07:35:00,2011-02-24 07:42:00,11163,M,,,,,,,,,,,,,,,,,,,,
21,2011-02-28 12:38:00,2011-02-28 12:52:00,2011-02-28 13:03:00,11164,M,,,,,,,,,,,,,,,,,,,,
22,2011-03-07 05:00:00,2011-03-07 05:13:00,2011-03-07 05:19:00,11164,M,,,,,,,,,,,,,,,,,,,,
23,2011-03-07 07:49:00,2011-03-07 07:54:00,2011-03-07 07:56:00,11165,M,,,,,,,,,,,,,,,,,,,,
24,2011-03-07 07:59:00,2011-03-07 08:07:00,2011-03-07 08:15:00,11164,M,,,,,,,,,,,,,,,,,,,,
25,2011-03-07 09:14:00,2011-03-07 09:20:00,2011-03-07 09:28:00,11164,M,,,,,,,,,,,,,,,,,,,,
26,2011-03-07 13:45:00,2011-03-07 14:30:00,2011-03-07 14:56:00,11166,M,,,,,,,,,,,,,,,,,,,,
27,2011-03-07 19:43:00,2011-03-07 20:12:00,2011-03-07 20:58:00,11164,M,,,,,,,,,,,,,,,,,,,,
28,2011-03-07 21:45:00,2011-03-07 21:50:00,2011-03-07 21:55:00,11165,M,,,,,,,,,,,,,,,,,,,,
29,2011-03-08 02:24:00,2011-03-08 02:29:00,2011-03-08 02:32:00,11165,M,,,,,,,,,,,,,,,,,,,,
30,2011-03-08 03:37:00,2011-03-08 03:58:00,2011-03-08 04:20:00,11171,M,,,,,,,,,,,,,,,,,,,,
31,2011-03-08 10:35:00,2011-03-08 10:44:00,2011-03-08 10:55:00,11165,M,,,,,,,,,,,,,,,,,,,,
32,2011-03-08 18:08:00,2011-03-08 18:28:00,2011-03-08 18:41:00,11165,M,,,,,,,,,,,,,,,,,,,,
33,2011-03-08 19:46:00,2011-03-08 20:16:00,2011-03-08 21:19:00,11165,M,,,,,,,,,,,,,,,,,,,,
34,2011-03-09 10:35:00,2011-03-09 11:07:00,2011-03-09 11:21:00,11166,M,,,,,,,,,,,,,,,,,,,,
35,2011-03-09 13:17:00,2011-03-09 14:02:00,2011-03-09 14:13:00,11166,M,,,,,,,,,,,,,,,,,,,,
36,2011-03-09 23:13:00,2011-03-09 23:23:00,2011-03-09 23:29:00,11166,X,,,,,,,,,,,,,,,,,,,,
37,2011-03-12 04:33:00,2011-03-12 04:43:00,2011-03-12 04:48:00,11166,M,,,,,,,,,,,,,,,,,,,,
38,2011-03-14 19:30:00,2011-03-14 19:52:00,2011-03-14 19:54:00,11169,M,,,,,,,,,,,,,,,,,,,,
39,2011-03-15 00:18:00,2011-03-15 00:22:00,2011-03-15 00:24:00,11169,M,,,,,,,,,,,,,,,,,,,,
40,2011-03-23 02:03:00,2011-03-23 02:17:00,2011-03-23 02:24:00,11176,M,,,,,,,,,,,,,,,,,,,,
41,2011-03-24 12:01:00,2011-03-24 12:07:00,2011-03-24 12:11:00,11176,M,,,,,,,,,,,,,,,,,,,,
42,2011-03-25 23:08:00,2011-03-25 23:22:00,2011-03-25 23:30:00,11176,M,,,,,,,,,,,,,,,,,,,,
43,2011-04-15 17:02:00,2011-04-15 17:12:00,2011-04-15 17:28:00,11190,M,,,,,,,,,,,,,,,,,,,,
44,2011-04-22 04:35:00,2011-04-22 04:57:00,2011-04-22 05:14:00,11195,M,,,,,,,,,,,,,,,,,,,,
45,2011-04-22 15:47:00,2011-04-22 15:53:00,2011-04-22 16:11:00,11195,M,,,,,,,,,,,,,,,,,,,,
46,2011-05-28 21:09:00,2011-05-28 21:50:00,2011-05-28 22:01:00,11226,M,,,,,,,,,,,,,,,,,,,,
47,2011-05-29 10:08:00,2011-05-29 10:33:00,2011-05-29 11:08:00,11226,M,,,,,,,,,,,,,,,,,,,,
48,2011-06-07 06:16:00,2011-06-07 06:41:00,2011-06-07 06:59:00,11226,M,,,,,,,,,,,,,,,,,,,,
49,2011-06-14 21:36:00,2011-06-14 21:47:00,2011-06-14 22:10:00,11236,M,,,,,,,,,,,,,,,,,,,,
50,2011-07-27 15:48:00,2011-07-27 16:07:00,2011-07-27 16:22:00,11260,M,,,,,,,,,,,,,,,,,,,,
51,2011-07-30 02:04:00,2011-07-30 02:09:00,2011-07-30 02:12:00,11261,M,,,,,,,,,,,,,,,,,,,,
52,2011-08-02 05:19:00,2011-08-02 06:19:00,2011-08-02 06:48:00,11261,M,,,,,,,,,,,,,,,,,,,,
53,2011-08-03 03:08:00,2011-08-03 03:37:00,2011-08-03 03:51:00,11261,M,,,,,,,,,,,,,,,,,,,,
54,2011-08-03 04:29:00,2011-08-03 04:32:00,2011-08-03 04:35:00,11263,M,,,,,,,,,,,,,,,,,,,,
55,2011-08-03 13:17:00,2011-08-03 13:48:00,2011-08-03 14:10:00,11261,M,,,,,,,,,,,,,,,,,,,,
56,2011-08-04 03:41:00,2011-08-04 03:57:00,2011-08-04 04:04:00,11261,M,,,,,,,,,,,,,,,,,,,,
57,2011-08-08 18:00:00,2011-08-08 18:10:00,2011-08-08 18:18:00,11263,M,,,,,,,,,,,,,,,,,,,,
58,2011-08-09 03:19:00,2011-08-09 03:54:00,2011-08-09 04:08:00,11263,M,,,,,,,,,,,,,,,,,,,,
59,2011-08-09 07:48:00,2011-08-09 08:05:00,2011-08-09 08:08:00,11263,X,,,,,,,,,,,,,,,,,,,,
60,2011-09-04 11:21:00,2011-09-04 11:45:00,2011-09-04 11:50:00,11286,M,,,,,,,,,,,,,,,,,,,,
61,2011-09-05 04:08:00,2011-09-05 04:28:00,2011-09-05 04:32:00,11286,M,,,,,,,,,,,,,,,,,,,,
62,2011-09-05 07:27:00,2011-09-05 07:58:00,2011-09-05 08:06:00,11286,M,,,,,,,,,,,,,,,,,,,,
63,2011-09-06 01:35:00,2011-09-06 01:50:00,2011-09-06 02:05:00,11283,M,,,,,,,,,,,,,,,,,,,,
64,2011-09-06 22:12:00,2011-09-06 22:20:00,2011-09-06 22:24:00,11283,X,,,,,,,,,,,,,,,,,,,,
65,2011-09-07 22:32:00,2011-09-07 22:38:00,2011-09-07 22:44:00,11283,X,,,,,,,,,,,,,,,,,,,,
66,2011-09-08 15:32:00,2011-09-08 15:46:00,2011-09-08 15:52:00,11283,M,,,,,,,,,,,,,,,,,,,,
67,2011-09-09 06:01:00,2011-09-09 06:11:00,2011-09-09 06:17:00,11283,M,,,,,,,,,,,,,,,,,,,,
68,2011-09-09 12:39:00,2011-09-09 12:49:00,2011-09-09 12:56:00,11283,M,,,,,,,,,,,,,,,,,,,,
69,2011-09-10 07:18:00,2011-09-10 07:40:00,2011-09-10 07:56:00,11283,M,,,,,,,,,,,,,,,,,,,,
70,2011-09-21 12:04:00,2011-09-21 12:23:00,2011-09-21 12:45:00,11301,M,,,,,,,,,,,,,,,,,,,,
71,2011-09-22 09:53:00,2011-09-22 10:00:00,2011-09-22 10:09:00,11302,M,,,,,,,,,,,,,,,,,,,,
72,2011-09-22 10:29:00,2011-09-22 11:01:00,2011-09-22 11:44:00,11302,X,,,,,,,,,,,,,,,,,,,,
73,2011-09-23 01:47:00,2011-09-23 01:59:00,2011-09-23 02:10:00,11295,M,,,,,,,,,,,,,,,,,,,,
74,2011-09-23 21:54:00,2011-09-23 22:15:00,2011-09-23 22:34:00,11295,M,,,,,,,,,,,,,,,,,,,,
75,2011-09-23 23:48:00,2011-09-23 23:56:00,2011-09-24 00:04:00,11302,M,,,,,,,,,,,,,,,,,,,,
76,2011-09-24 09:21:00,2011-09-24 09:40:00,2011-09-24 09:48:00,11302,X,,,,,,,,,,,,,,,,,,,,
77,2011-09-24 12:33:00,2011-09-24 13:20:00,2011-09-24 14:10:00,11302,M,,,,,,,,,,,,,,,,,,,,
78,2011-09-24 16:36:00,2011-09-24 16:59:00,2011-09-24 17:15:00,11295,M,,,,,,,,,,,,,,,,,,,,
79,2011-09-24 17:19:00,2011-09-24 17:25:00,2011-09-24 17:31:00,11302,M,,,,,,,,,,,,,,,,,,,,
80,2011-09-24 17:59:00,2011-09-24 18:15:00,2011-09-24 18:24:00,11302,M,,,,,,,,,,,,,,,,,,,,
81,2011-09-24 19:09:00,2011-09-24 19:21:00,2011-09-24 19:41:00,11302,M,,,,,,,,,,,,,,,,,,,,
82,2011-09-24 20:29:00,2011-09-24 20:36:00,2011-09-24 20:42:00,11302,M,,,,,,,,,,,,,,,,,,,,
83,2011-09-24 21:23:00,2011-09-24 21:27:00,2011-09-24 21:32:00,11303,M,,,,,,,,,,,,,,,,,,,,
84,2011-09-24 23:45:00,2011-09-24 23:58:00,2011-09-25 00:09:00,11303,M,,,,,,,,,,,,,,,,,,,,
85,2011-09-25 02:27:00,2011-09-25 02:33:00,2011-09-25 02:37:00,11302,M,,,,,,,,,,,,,,,,,,,,
86,2011-09-25 04:31:00,2011-09-25 04:50:00,2011-09-25 05:05:00,11302,M,,,,,,,,,,,,,,,,,,,,
87,2011-09-25 08:46:00,2011-09-25 08:49:00,2011-09-25 08:52:00,11302,M,,,,,,,,,,,,,,,,,,,,
88,2011-09-25 09:25:00,2011-09-25 09:35:00,2011-09-25 09:53:00,11303,M,,,,,,,,,,,,,,,,,,,,
89,2011-09-25 15:26:00,2011-09-25 15:33:00,2011-09-25 15:38:00,11302,M,,,,,,,,,,,,,,,,,,,,
90,2011-09-25 16:51:00,2011-09-25 16:58:00,2011-09-25 17:09:00,11303,M,,,,,,,,,,,,,,,,,,,,
91,2011-09-26 05:06:00,2011-09-26 05:08:00,2011-09-26 05:13:00,11302,M,,,,,,,,,,,,,,,,,,,,
92,2011-09-26 14:37:00,2011-09-26 14:46:00,2011-09-26 15:02:00,11302,M,,,,,,,,,,,,,,,,,,,,
93,2011-09-28 13:24:00,2011-09-28 13:28:00,2011-09-28 13:30:00,11302,M,,,,,,,,,,,,,,,,,,,,
94,2011-09-30 18:55:00,2011-09-30 19:06:00,2011-09-30 19:15:00,11305,M,,,,,,,,,,,,,,,,,,,,
95,2011-10-01 08:56:00,2011-10-01 09:59:00,2011-10-01 10:17:00,11305,M,,,,,,,,,,,,,,,,,,,,
96,2011-10-02 00:37:00,2011-10-02 00:50:00,2011-10-02 00:59:00,11305,M,,,,,,,,,,,,,,,,,,,,
97,2011-10-02 17:19:00,2011-10-02 17:23:00,2011-10-02 17:26:00,11302,M,,,,,,,,,,,,,,,,,,,,
98,2011-10-21 12:53:00,2011-10-21 13:00:00,2011-10-21 13:08:00,11319,M,,,,,,,,,,,,,,,,,,,,
99,2011-10-22 10:00:00,2011-10-22 11:10:00,2011-10-22 13:09:00,11314,M,,,,,,,,,,,,,,,,,,,,
100,2011-11-02 21:52:00,2011-11-02 22:01:00,2011-11-02 22:19:00,11339,M,,,,,,,,,,,,,,,,,,,,
101,2011-11-03 10:58:00,2011-11-03 11:11:00,2011-11-03 11:20:00,11339,M,,,,,,,,,,,,,,,,,,,,
102,2011-11-03 20:16:00,2011-11-03 20:27:00,2011-11-03 20:32:00,11339,X,,,,,,,,,,,,,,,,,,,,
103,2011-11-03 23:28:00,2011-11-03 23:36:00,2011-11-03 23:44:00,11339,M,,,,,,,,,,,,,,,,,,,,
104,2011-11-04 20:31:00,2011-11-04 20:40:00,2011-11-04 20:46:00,11339,M,,,,,,,,,,,,,,,,,,,,
105,2011-11-05 03:08:00,2011-11-05 03:35:00,2011-11-05 03:58:00,11339,M,,,,,,,,,,,,,,,,,,,,
106,2011-11-05 11:10:00,2011-11-05 11:21:00,2011-11-05 11:42:00,11339,M,,,,,,,,,,,,,,,,,,,,
107,2011-11-05 20:31:00,2011-11-05 20:38:00,2011-11-05 20:54:00,11339,M,,,,,,,,,,,,,,,,,,,,
108,2011-11-06 00:46:00,2011-11-06 01:03:00,2011-11-06 01:24:00,11339,M,,,,,,,,,,,,,,,,,,,,
109,2011-11-06 06:14:00,2011-11-06 06:35:00,2011-11-06 06:41:00,11339,M,,,,,,,,,,,,,,,,,,,,
110,2011-11-09 13:04:00,2011-11-09 13:35:00,2011-11-09 14:12:00,11342,M,,,,,,,,,,,,,,,,,,,,
111,2011-11-15 09:03:00,2011-11-15 09:12:00,2011-11-15 09:23:00,11348,M,,,,,,,,,,,,,,,,,,,,
112,2011-11-15 12:30:00,2011-11-15 12:43:00,2011-11-15 12:50:00,11346,M,,,,,,,,,,,,,,,,,,,,
113,2011-11-15 22:27:00,2011-11-15 22:35:00,2011-11-15 22:42:00,11348,M,,,,,,,,,,,,,,,,,,,,
114,2011-12-25 18:11:00,2011-12-25 18:16:00,2011-12-25 18:20:00,11387,M,,,,,,,,,,,,,,,,,,,,
115,2011-12-26 02:13:00,2011-12-26 02:27:00,2011-12-26 02:36:00,11387,M,,,,,,,,,,,,,,,,,,,,
116,2011-12-26 20:12:00,2011-12-26 20:30:00,2011-12-26 20:36:00,11387,M,,,,,,,,,,,,,,,,,,,,
117,2011-12-29 13:40:00,2011-12-29 13:50:00,2011-12-29 14:01:00,11389,M,,,,,,,,,,,,,,,,,,,,
118,2011-12-29 21:43:00,2011-12-29 21:51:00,2011-12-29 21:59:00,11389,M,,,,,,,,,,,,,,,,,,,,
119,2011-12-30 03:03:00,2011-12-30 03:09:00,2011-12-30 03:13:00,11389,M,,,,,,,,,,,,,,,,,,,,
120,2011-12-31 13:09:00,2011-12-31 13:15:00,2011-12-31 13:19:00,11389,M,,,,,,,,,,,,,,,,,,,,
121,2011-12-31 16:16:00,2011-12-31 16:26:00,2011-12-31 16:34:00,11389,M,,,,,,,,,,,,,,,,,,,,
122,2012-01-14 13:14:00,2012-01-14 13:18:00,2012-01-14 13:20:00,11401,M,,,,,,,,,,,,,,,,,,,,
123,2012-01-17 04:41:00,2012-01-17 04:53:00,2012-01-17 05:07:00,11401,M,,,,,,,,,,,,,,,,,,,,
124,2012-01-18 19:04:00,2012-01-18 19:12:00,2012-01-18 19:27:00,11401,M,,,,,,,,,,,,,,,,,,,,
125,2012-01-19 13:44:00,2012-01-19 16:05:00,2012-01-19 17:50:00,11402,M,,,,,,,,,,,,,,,,,,,,
126,2012-01-23 03:38:00,2012-01-23 03:59:00,2012-01-23 04:34:00,11402,M,,,,,,,,,,,,,,,,,,,,
127,2012-01-27 17:37:00,2012-01-27 18:37:00,2012-01-27 18:56:00,11402,X,,,,,,,,,,,,,,,,,,,,
128,2012-02-06 19:31:00,2012-02-06 20:00:00,2012-02-06 20:17:00,11410,M,,,,,,,,,,,,,,,,,,,,
129,2012-03-02 17:29:00,2012-03-02 17:46:00,2012-03-02 18:07:00,11429,M,,,,,,,,,,,,,,,,,,,,
130,2012-03-04 10:29:00,2012-03-04 10:52:00,2012-03-04 12:16:00,11429,M,,,,,,,,,,,,,,,,,,,,
131,2012-03-05 02:30:00,2012-03-05 04:09:00,2012-03-05 04:43:00,11429,X,,,,,,,,,,,,,,,,,,,,
132,2012-03-05 19:10:00,2012-03-05 19:16:00,2012-03-05 19:21:00,11429,M,,,,,,,,,,,,,,,,,,,,
133,2012-03-05 19:27:00,2012-03-05 19:30:00,2012-03-05 19:32:00,11429,M,,,,,,,,,,,,,,,,,,,,
134,2012-03-05 22:26:00,2012-03-05 22:34:00,2012-03-05 22:42:00,11429,M,,,,,,,,,,,,,,,,,,,,
135,2012-03-06 00:22:00,2012-03-06 00:28:00,2012-03-06 00:31:00,11429,M,,,,,,,,,,,,,,,,,,,,
136,2012-03-06 01:36:00,2012-03-06 01:44:00,2012-03-06 01:50:00,11429,M,,,,,,,,,,,,,,,,,,,,
137,2012-03-06 04:01:00,2012-03-06 04:05:00,2012-03-06 04:08:00,11429,M,,,,,,,,,,,,,,,,,,,,
138,2012-03-06 07:52:00,2012-03-06 07:55:00,2012-03-06 08:00:00,11429,M,,,,,,,,,,,,,,,,,,,,
139,2012-03-06 12:23:00,2012-03-06 12:41:00,2012-03-06 12:54:00,11429,M,,,,,,,,,,,,,,,,,,,,
140,2012-03-06 22:49:00,2012-03-06 22:53:00,2012-03-06 23:11:00,11429,M,,,,,,,,,,,,,,,,,,,,
141,2012-03-07 00:02:00,2012-03-07 00:24:00,2012-03-07 00:40:00,11429,X,,,,,,,,,,,,,,,,,,,,
142,2012-03-07 01:05:00,2012-03-07 01:14:00,2012-03-07 01:23:00,11430,X,,,,,,,,,,,,,,,,,,,,
143,2012-03-09 03:22:00,2012-03-09 03:53:00,2012-03-09 04:18:00,11429,M,,,,,,,,,,,,,,,,,,,,
144,2012-03-10 17:15:00,2012-03-10 17:44:00,2012-03-10 18:30:00,11429,M,,,,,,,,,,,,,,,,,,,,
145,2012-03-13 17:12:00,2012-03-13 17:41:00,2012-03-13 18:25:00,11429,M,,,,,,,,,,,,,,,,,,,,
146,2012-03-14 15:08:00,2012-03-14 15:21:00,2012-03-14 15:36:00,11432,M,,,,,,,,,,,,,,,,,,,,
147,2012-03-15 07:23:00,2012-03-15 07:52:00,2012-03-15 08:08:00,11432,M,,,,,,,,,,,,,,,,,,,,
148,2012-03-17 20:32:00,2012-03-17 20:39:00,2012-03-17 20:42:00,11434,M,,,,,,,,,,,,,,,,,,,,
149,2012-03-23 19:34:00,2012-03-23 19:40:00,2012-03-23 19:44:00,11445,M,,,,,,,,,,,,,,,,,,,,
150,2012-04-16 17:24:00,2012-04-16 17:45:00,2012-04-16 18:00:00,11461,M,,,,,,,,,,,,,,,,,,,,
151,2012-04-27 08:15:00,2012-04-27 08:24:00,2012-04-27 08:29:00,11466,M,,,,,,,,,,,,,,,,,,,,
152,2012-05-05 13:19:00,2012-05-05 13:23:00,2012-05-05 13:29:00,11476,M,,,,,,,,,,,,,,,,,,,,
153,2012-05-05 22:56:00,2012-05-05 23:01:00,2012-05-05 23:04:00,11476,M,,,,,,,,,,,,,,,,,,,,
154,2012-05-06 01:12:00,2012-05-06 01:18:00,2012-05-06 01:20:00,11476,M,,,,,,,,,,,,,,,,,,,,
155,2012-05-06 17:41:00,2012-05-06 17:47:00,2012-05-06 17:52:00,11476,M,,,,,,,,,,,,,,,,,,,,
156,2012-05-07 14:03:00,2012-05-07 14:31:00,2012-05-07 14:52:00,11471,M,,,,,,,,,,,,,,,,,,,,
157,2012-05-08 13:02:00,2012-05-08 13:08:00,2012-05-08 13:12:00,11476,M,,,,,,,,,,,,,,,,,,,,
158,2012-05-09 12:21:00,2012-05-09 12:32:00,2012-05-09 12:36:00,11476,M,,,,,,,,,,,,,,,,,,,,
159,2012-05-09 14:02:00,2012-05-09 14:08:00,2012-05-09 14:14:00,11476,M,,,,,,,,,,,,,,,,,,,,
160,2012-05-09 21:01:00,2012-05-09 21:05:00,2012-05-09 21:09:00,11476,M,,,,,,,,,,,,,,,,,,,,
161,2012-05-10 04:11:00,2012-05-10 04:18:00,2012-05-10 04:23:00,11476,M,,,,,,,,,,,,,,,,,,,,
162,2012-05-10 20:20:00,2012-05-10 20:26:00,2012-05-10 20:30:00,11476,M,,,,,,,,,,,,,,,,,,,,
163,2012-05-17 01:25:00,2012-05-17 01:47:00,2012-05-17 02:14:00,11476,M,,,,,,,,,,,,,,,,,,,,
164,2012-06-03 17:48:00,2012-06-03 17:55:00,2012-06-03 17:57:00,11496,M,,,,,,,,,,,,,,,,,,,,
165,2012-06-06 19:54:00,2012-06-06 20:06:00,2012-06-06 20:13:00,11494,M,,,,,,,,,,,,,,,,,,,,
166,2012-06-09 11:20:00,2012-06-09 11:32:00,2012-06-09 11:35:00,11504,M,,,,,,,,,,,,,,,,,,,,
167,2012-06-09 16:45:00,2012-06-09 16:53:00,2012-06-09 16:56:00,11504,M,,,,,,,,,,,,,,,,,,,,
168,2012-06-10 06:39:00,2012-06-10 06:45:00,2012-06-10 06:50:00,11504,M,,,,,,,,,,,,,,,,,,,,
169,2012-06-13 11:29:00,2012-06-13 13:17:00,2012-06-13 14:31:00,11504,M,,,,,,,,,,,,,,,,,,,,
170,2012-06-14 12:52:00,2012-06-14 14:35:00,2012-06-14 15:56:00,11504,M,,,,,,,,,,,,,,,,,,,,
171,2012-06-28 16:07:00,2012-06-28 16:12:00,2012-06-28 16:15:00,11513,M,,,,,,,,,,,,,,,,,,,,
172,2012-06-29 09:13:00,2012-06-29 09:20:00,2012-06-29 09:22:00,11513,M,,,,,,,,,,,,,,,,,,,,
173,2012-06-30 12:48:00,2012-06-30 12:52:00,2012-06-30 12:54:00,11513,M,,,,,,,,,,,,,,,,,,,,
174,2012-06-30 18:26:00,2012-06-30 18:32:00,2012-06-30 18:34:00,11513,M,,,,,,,,,,,,,,,,,,,,
175,2012-07-01 19:11:00,2012-07-01 19:18:00,2012-07-01 19:21:00,11513,M,,,,,,,,,,,,,,,,,,,,
176,2012-07-02 00:26:00,2012-07-02 00:35:00,2012-07-02 00:40:00,11513,M,,,,,,,,,,,,,,,,,,,,
177,2012-07-02 10:43:00,2012-07-02 10:52:00,2012-07-02 10:57:00,11515,M,,,,,,,,,,,,,,,,,,,,
178,2012-07-02 19:59:00,2012-07-02 20:07:00,2012-07-02 20:13:00,11515,M,,,,,,,,,,,,,,,,,,,,
179,2012-07-02 23:49:00,2012-07-02 23:56:00,2012-07-03 00:03:00,11515,M,,,,,,,,,,,,,,,,,,,,
180,2012-07-04 04:28:00,2012-07-04 04:37:00,2012-07-04 04:45:00,11515,M,,,,,,,,,,,,,,,,,,,,
181,2012-07-04 09:47:00,2012-07-04 09:55:00,2012-07-04 09:57:00,11515,M,,,,,,,,,,,,,,,,,,,,
182,2012-07-04 12:07:00,2012-07-04 12:24:00,2012-07-04 12:32:00,11515,M,,,,,,,,,,,,,,,,,,,,
183,2012-07-04 14:35:00,2012-07-04 14:40:00,2012-07-04 14:42:00,11515,M,,,,,,,,,,,,,,,,,,,,
184,2012-07-04 16:33:00,2012-07-04 16:39:00,2012-07-04 16:48:00,11513,M,,,,,,,,,,,,,,,,,,,,
185,2012-07-04 22:03:00,2012-07-04 22:09:00,2012-07-04 22:15:00,11515,M,,,,,,,,,,,,,,,,,,,,
186,2012-07-04 23:47:00,2012-07-04 23:55:00,2012-07-05 00:02:00,11515,M,,,,,,,,,,,,,,,,,,,,
187,2012-07-05 01:05:00,2012-07-05 01:10:00,2012-07-05 01:15:00,11515,M,,,,,,,,,,,,,,,,,,,,
188,2012-07-05 02:35:00,2012-07-05 02:42:00,2012-07-05 02:47:00,11515,M,,,,,,,,,,,,,,,,,,,,
189,2012-07-05 03:25:00,2012-07-05 03:36:00,2012-07-05 03:39:00,11515,M,,,,,,,,,,,,,,,,,,,,
190,2012-07-05 06:49:00,2012-07-05 06:58:00,2012-07-05 07:05:00,11515,M,,,,,,,,,,,,,,,,,,,,
191,2012-07-05 07:40:00,2012-07-05 07:45:00,2012-07-05 07:48:00,11519,M,,,,,,,,,,,,,,,,,,,,
192,2012-07-05 10:44:00,2012-07-05 10:48:00,2012-07-05 10:50:00,11515,M,,,,,,,,,,,,,,,,,,,,
193,2012-07-05 11:39:00,2012-07-05 11:44:00,2012-07-05 11:49:00,11515,M,,,,,,,,,,,,,,,,,,,,
194,2012-07-05 13:05:00,2012-07-05 13:18:00,2012-07-05 13:32:00,11515,M,,,,,,,,,,,,,,,,,,,,
195,2012-07-05 20:09:00,2012-07-05 20:14:00,2012-07-05 20:28:00,11515,M,,,,,,,,,,,,,,,,,,,,
196,2012-07-05 21:37:00,2012-07-05 21:45:00,2012-07-05 21:51:00,11515,M,,,,,,,,,,,,,,,,,,,,
197,2012-07-06 01:37:00,2012-07-06 01:40:00,2012-07-06 01:42:00,11515,M,,,,,,,,,,,,,,,,,,,,
198,2012-07-06 02:44:00,2012-07-06 02:51:00,2012-07-06 02:58:00,11515,M,,,,,,,,,,,,,,,,,,,,
199,2012-07-06 08:17:00,2012-07-06 08:23:00,2012-07-06 08:27:00,11515,M,,,,,,,,,,,,,,,,,,,,
200,2012-07-06 10:24:00,2012-07-06 10:29:00,2012-07-06 10:32:00,11515,M,,,,,,,,,,,,,,,,,,,,
201,2012-07-06 13:26:00,2012-07-06 13:30:00,2012-07-06 13:32:00,11515,M,,,,,,,,,,,,,,,,,,,,
202,2012-07-06 18:48:00,2012-07-06 18:55:00,2012-07-06 19:05:00,11515,M,,,,,,,,,,,,,,,,,,,,
203,2012-07-06 23:01:00,2012-07-06 23:08:00,2012-07-06 23:14:00,11515,X,,,,,,,,,,,,,,,,,,,,
204,2012-07-07 03:10:00,2012-07-07 03:15:00,2012-07-07 03:23:00,11515,M,,,,,,,,,,,,,,,,,,,,
205,2012-07-07 08:18:00,2012-07-07 08:28:00,2012-07-07 08:39:00,11520,M,,,,,,,,,,,,,,,,,,,,
206,2012-07-07 10:57:00,2012-07-07 11:03:00,2012-07-07 11:07:00,11515,M,,,,,,,,,,,,,,,,,,,,
207,2012-07-08 05:41:00,2012-07-08 05:46:00,2012-07-08 05:52:00,11515,M,,,,,,,,,,,,,,,,,,,,
208,2012-07-08 09:44:00,2012-07-08 09:53:00,2012-07-08 09:57:00,11515,M,,,,,,,,,,,,,,,,,,,,
209,2012-07-08 12:06:00,2012-07-08 12:10:00,2012-07-08 12:13:00,11515,M,,,,,,,,,,,,,,,,,,,,
210,2012-07-08 16:23:00,2012-07-08 16:32:00,2012-07-08 16:42:00,11515,M,,,,,,,,,,,,,,,,,,,,
211,2012-07-09 23:03:00,2012-07-09 23:07:00,2012-07-09 23:11:00,11520,M,,,,,,,,,,,,,,,,,,,,
212,2012-07-10 04:58:00,2012-07-10 05:14:00,2012-07-10 05:31:00,11520,M,,,,,,,,,,,,,,,,,,,,
213,2012-07-10 06:05:00,2012-07-10 06:27:00,2012-07-10 06:47:00,11520,M,,,,,,,,,,,,,,,,,,,,
214,2012-07-12 15:37:00,2012-07-12 16:49:00,2012-07-12 17:30:00,11520,X,,,,,,,,,,,,,,,,,,,,
215,2012-07-14 04:51:00,2012-07-14 04:58:00,2012-07-14 05:05:00,11521,M,,,,,,,,,,,,,,,,,,,,
216,2012-07-17 12:03:00,2012-07-17 17:15:00,2012-07-17 19:04:00,11520,M,,,,,,,,,,,,,,,,,,,,
217,2012-07-19 04:17:00,2012-07-19 05:58:00,2012-07-19 06:56:00,11520,M,,,,,,,,,,,,,,,,,,,,
218,2012-07-27 17:17:00,2012-07-27 17:26:00,2012-07-27 17:32:00,11532,M,,,,,,,,,,,,,,,,,,,,
219,2012-07-28 20:44:00,2012-07-28 20:56:00,2012-07-28 21:04:00,11532,M,,,,,,,,,,,,,,,,,,,,
220,2012-07-29 06:15:00,2012-07-29 06:22:00,2012-07-29 06:29:00,11532,M,,,,,,,,,,,,,,,,,,,,
221,2012-07-30 15:39:00,2012-07-30 15:48:00,2012-07-30 15:53:00,11536,M,,,,,,,,,,,,,,,,,,,,
222,2012-08-06 04:33:00,2012-08-06 04:38:00,2012-08-06 04:41:00,11542,M,,,,,,,,,,,,,,,,,,,,
223,2012-08-11 11:55:00,2012-08-11 12:20:00,2012-08-11 12:57:00,11540,M,,,,,,,,,,,,,,,,,,,,
224,2012-08-17 13:12:00,2012-08-17 13:19:00,2012-08-17 13:23:00,11548,M,,,,,,,,,,,,,,,,,,,,
225,2012-08-17 17:08:00,2012-08-17 17:20:00,2012-08-17 17:27:00,11548,M,,,,,,,,,,,,,,,,,,,,
226,2012-08-18 00:24:00,2012-08-18 01:02:00,2012-08-18 01:07:00,11548,M,,,,,,,,,,,,,,,,,,,,
227,2012-08-18 03:17:00,2012-08-18 03:23:00,2012-08-18 03:30:00,11548,M,,,,,,,,,,,,,,,,,,,,
228,2012-08-18 16:02:00,2012-08-18 16:07:00,2012-08-18 16:09:00,11548,M,,,,,,,,,,,,,,,,,,,,
229,2012-08-18 22:46:00,2012-08-18 22:54:00,2012-08-18 23:00:00,11548,M,,,,,,,,,,,,,,,,,,,,
230,2012-08-18 23:15:00,2012-08-18 23:22:00,2012-08-18 23:32:00,11548,M,,,,,,,,,,,,,,,,,,,,
231,2012-08-30 12:02:00,2012-08-30 12:11:00,2012-08-30 12:14:00,11563,M,,,,,,,,,,,,,,,,,,,,
232,2012-09-06 04:06:00,2012-09-06 04:13:00,2012-09-06 04:20:00,11560,M,,,,,,,,,,,,,,,,,,,,
233,2012-09-08 17:35:00,2012-09-08 17:59:00,2012-09-08 18:20:00,11564,M,,,,,,,,,,,,,,,,,,,,
234,2012-09-09 21:50:00,2012-09-09 22:36:00,2012-09-09 22:56:00,11564,M,,,,,,,,,,,,,,,,,,,,
235,2012-09-30 04:27:00,2012-09-30 04:33:00,2012-09-30 04:42:00,11583,M,,,,,,,,,,,,,,,,,,,,
236,2012-10-20 18:05:00,2012-10-20 18:14:00,2012-10-20 18:19:00,11598,M,,,,,,,,,,,,,,,,,,,,
237,2012-10-21 19:46:00,2012-10-21 20:03:00,2012-10-21 20:20:00,11598,M,,,,,,,,,,,,,,,,,,,,
238,2012-10-22 18:38:00,2012-10-22 18:51:00,2012-10-22 19:01:00,11598,M,,,,,,,,,,,,,,,,,,,,
239,2012-10-23 03:13:00,2012-10-23 03:17:00,2012-10-23 03:21:00,11598,X,,,,,,,,,,,,,,,,,,,,
240,2012-11-08 02:08:00,2012-11-08 02:23:00,2012-11-08 02:55:00,11611,M,,,,,,,,,,,,,,,,,,,,
241,2012-11-11 02:11:00,2012-11-11 02:33:00,2012-11-11 02:52:00,11614,M,,,,,,,,,,,,,,,,,,,,
242,2012-11-12 23:13:00,2012-11-12 23:28:00,2012-11-12 23:33:00,11613,M,,,,,,,,,,,,,,,,,,,,
243,2012-11-13 01:58:00,2012-11-13 02:04:00,2012-11-13 02:06:00,11613,M,,,,,,,,,,,,,,,,,,,,
244,2012-11-13 05:42:00,2012-11-13 05:50:00,2012-11-13 05:54:00,11613,M,,,,,,,,,,,,,,,,,,,,
245,2012-11-13 20:50:00,2012-11-13 20:54:00,2012-11-13 20:57:00,11613,M,,,,,,,,,,,,,,,,,,,,
246,2012-11-14 03:59:00,2012-11-14 04:04:00,2012-11-14 04:07:00,11613,M,,,,,,,,,,,,,,,,,,,,
247,2012-11-20 19:21:00,2012-11-20 19:28:00,2012-11-20 19:32:00,11618,M,,,,,,,,,,,,,,,,,,,,
248,2012-11-21 06:45:00,2012-11-21 06:56:00,2012-11-21 07:08:00,11618,M,,,,,,,,,,,,,,,,,,,,
249,2012-11-21 15:10:00,2012-11-21 15:30:00,2012-11-21 15:38:00,11618,M,,,,,,,,,,,,,,,,,,,,
250,2012-11-27 15:52:00,2012-11-27 15:57:00,2012-11-27 16:03:00,11618,M,,,,,,,,,,,,,,,,,,,,
251,2012-11-27 21:05:00,2012-11-27 21:26:00,2012-11-27 21:30:00,11620,M,,,,,,,,,,,,,,,,,,,,
252,2012-11-28 21:20:00,2012-11-28 21:36:00,2012-11-28 21:48:00,11620,M,,,,,,,,,,,,,,,,,,,,
253,2013-01-05 09:26:00,2013-01-05 09:31:00,2013-01-05 09:34:00,11652,M,,,,,,,,,,,,,,,,,,,,
254,2013-01-11 08:43:00,2013-01-11 09:11:00,2013-01-11 09:17:00,11654,M,,,,,,,,,,,,,,,,,,,,
255,2013-01-11 14:51:00,2013-01-11 15:07:00,2013-01-11 15:24:00,11654,M,,,,,,,,,,,,,,,,,,,,
256,2013-01-13 00:45:00,2013-01-13 00:50:00,2013-01-13 00:52:00,11652,M,,,,,,,,,,,,,,,,,,,,
257,2013-01-13 08:35:00,2013-01-13 08:38:00,2013-01-13 08:40:00,11652,M,,,,,,,,,,,,,,,,,,,,
258,2013-02-17 15:45:00,2013-02-17 15:50:00,2013-02-17 15:52:00,11675,M,,,,,,,,,,,,,,,,,,,,
259,2013-03-05 07:47:00,2013-03-05 07:54:00,2013-03-05 07:59:00,11686,M,,,,,,,,,,,,,,,,,,,,
260,2013-03-15 05:46:00,2013-03-15 06:58:00,2013-03-15 08:35:00,11692,M,,,,,,,,,,,,,,,,,,,,
261,2013-03-21 21:42:00,2013-03-21 22:04:00,2013-03-21 22:36:00,11692,M,,,,,,,,,,,,,,,,,,,,
262,2013-04-05 17:34:00,2013-04-05 17:48:00,2013-04-05 18:04:00,11719,M,,,,,,,,,,,,,,,,,,,,
263,2013-04-11 06:55:00,2013-04-11 07:16:00,2013-04-11 07:29:00,11719,M,,,,,,,,,,,,,,,,,,,,
264,2013-04-12 19:52:00,2013-04-12 20:38:00,2013-04-12 20:46:00,11718,M,,,,,,,,,,,,,,,,,,,,
265,2013-04-22 10:22:00,2013-04-22 10:29:00,2013-04-22 10:31:00,11726,M,,,,,,,,,,,,,,,,,,,,
266,2013-05-02 04:58:00,2013-05-02 05:10:00,2013-05-02 05:19:00,11731,M,,,,,,,,,,,,,,,,,,,,
267,2013-05-03 16:39:00,2013-05-03 16:55:00,2013-05-03 17:22:00,11731,M,,,,,,,,,,,,,,,,,,,,
268,2013-05-03 17:24:00,2013-05-03 17:32:00,2013-05-03 17:41:00,11739,M,,,,,,,,,,,,,,,,,,,,
269,2013-05-05 17:42:00,2013-05-05 17:56:00,2013-05-05 17:58:00,11739,M,,,,,,,,,,,,,,,,,,,,
270,2013-05-10 00:44:00,2013-05-10 00:57:00,2013-05-10 01:08:00,11745,M,,,,,,,,,,,,,,,,,,,,
271,2013-05-10 12:37:00,2013-05-10 12:56:00,2013-05-10 13:04:00,11745,M,,,,,,,,,,,,,,,,,,,,
272,2013-05-12 20:17:00,2013-05-12 20:32:00,2013-05-12 21:03:00,11748,M,,,,,,,,,,,,,,,,,,,,
273,2013-05-12 22:37:00,2013-05-12 22:44:00,2013-05-12 22:52:00,11748,M,,,,,,,,,,,,,,,,,,,,
274,2013-05-13 01:53:00,2013-05-13 02:17:00,2013-05-13 02:32:00,11748,X,,,,,,,,,,,,,,,,,,,,
275,2013-05-13 11:57:00,2013-05-13 12:03:00,2013-05-13 12:09:00,11748,M,,,,,,,,,,,,,,,,,,,,
276,2013-05-13 15:48:00,2013-05-13 16:05:00,2013-05-13 16:16:00,11748,X,,,,,,,,,,,,,,,,,,,,
277,2013-05-14 00:00:00,2013-05-14 01:11:00,2013-05-14 01:20:00,11748,X,,,,,,,,,,,,,,,,,,,,
278,2013-05-15 01:25:00,2013-05-15 01:48:00,2013-05-15 01:58:00,11748,X,,,,,,,,,,,,,,,,,,,,
279,2013-05-16 21:36:00,2013-05-16 21:53:00,2013-05-16 22:03:00,11748,M,,,,,,,,,,,,,,,,,,,,
280,2013-05-17 08:43:00,2013-05-17 08:57:00,2013-05-17 09:19:00,11748,M,,,,,,,,,,,,,,,,,,,,
281,2013-05-20 05:16:00,2013-05-20 05:25:00,2013-05-20 06:03:00,11755,M,,,,,,,,,,,,,,,,,,,,
282,2013-05-22 13:08:00,2013-05-22 13:32:00,2013-05-22 14:08:00,11745,M,,,,,,,,,,,,,,,,,,,,
283,2013-05-31 19:52:00,2013-05-31 20:00:00,2013-05-31 20:06:00,11760,M,,,,,,,,,,,,,,,,,,,,
284,2013-06-05 08:14:00,2013-06-05 08:57:00,2013-06-05 09:26:00,11762,M,,,,,,,,,,,,,,,,,,,,
285,2013-06-07 22:11:00,2013-06-07 22:49:00,2013-06-07 23:04:00,11762,M,,,,,,,,,,,,,,,,,,,,
286,2013-06-21 02:30:00,2013-06-21 03:14:00,2013-06-21 03:43:00,11777,M,,,,,,,,,,,,,,,,,,,,
287,2013-06-23 20:48:00,2013-06-23 20:56:00,2013-06-23 20:59:00,11778,M,,,,,,,,,,,,,,,,,,,,
288,2013-07-03 07:00:00,2013-07-03 07:08:00,2013-07-03 07:18:00,11787,M,,,,,,,,,,,,,,,,,,,,
289,2013-08-12 10:21:00,2013-08-12 10:41:00,2013-08-12 10:47:00,11817,M,,,,,,,,,,,,,,,,,,,,
290,2013-08-17 18:16:00,2013-08-17 18:24:00,2013-08-17 18:35:00,11818,M,,,,,,,,,,,,,,,,,,,,
291,2013-08-17 18:49:00,2013-08-17 19:33:00,2013-08-17 19:54:00,11818,M,,,,,,,,,,,,,,,,,,,,
292,2013-10-09 01:23:00,2013-10-09 01:48:00,2013-10-09 01:56:00,11865,M,,,,,,,,,,,,,,,,,,,,
293,2013-10-13 00:12:00,2013-10-13 00:43:00,2013-10-13 01:05:00,11865,M,,,,,,,,,,,,,,,,,,,,
294,2013-10-15 08:26:00,2013-10-15 08:38:00,2013-10-15 08:48:00,11865,M,,,,,,,,,,,,,,,,,,,,
295,2013-10-15 23:31:00,2013-10-15 23:36:00,2013-10-15 23:41:00,11865,M,,,,,,,,,,,,,,,,,,,,
296,2013-10-17 15:09:00,2013-10-17 15:41:00,2013-10-17 15:58:00,11861,M,,,,,,,,,,,,,,,,,,,,
297,2013-10-22 00:14:00,2013-10-22 00:22:00,2013-10-22 00:28:00,11875,M,,,,,,,,,,,,,,,,,,,,
298,2013-10-22 14:49:00,2013-10-22 15:20:00,2013-10-22 15:28:00,11875,M,,,,,,,,,,,,,,,,,,,,
299,2013-10-22 21:15:00,2013-10-22 21:20:00,2013-10-22 21:22:00,11875,M,,,,,,,,,,,,,,,,,,,,
300,2013-10-23 20:41:00,2013-10-23 20:53:00,2013-10-23 20:59:00,11875,M,,,,,,,,,,,,,,,,,,,,
301,2013-10-23 23:33:00,2013-10-23 23:43:00,2013-10-23 23:47:00,11875,M,,,,,,,,,,,,,,,,,,,,
302,2013-10-23 23:58:00,2013-10-24 00:08:00,2013-10-24 00:16:00,11875,M,,,,,,,,,,,,,,,,,,,,
303,2013-10-24 00:21:00,2013-10-24 00:30:00,2013-10-24 00:35:00,11877,M,,,,,,,,,,,,,,,,,,,,
304,2013-10-24 09:59:00,2013-10-24 10:09:00,2013-10-24 10:17:00,11875,M,,,,,,,,,,,,,,,,,,,,
305,2013-10-24 10:30:00,2013-10-24 10:33:00,2013-10-24 10:37:00,11875,M,,,,,,,,,,,,,,,,,,,,
306,2013-10-25 02:48:00,2013-10-25 03:02:00,2013-10-25 03:12:00,11882,M,,,,,,,,,,,,,,,,,,,,
307,2013-10-25 07:53:00,2013-10-25 08:01:00,2013-10-25 08:09:00,11882,X,,,,,,,,,,,,,,,,,,,,
308,2013-10-25 09:43:00,2013-10-25 10:12:00,2013-10-25 10:25:00,11882,M,,,,,,,,,,,,,,,,,,,,
309,2013-10-25 14:51:00,2013-10-25 15:03:00,2013-10-25 15:12:00,11882,X,,,,,,,,,,,,,,,,,,,,
310,2013-10-25 17:02:00,2013-10-25 17:09:00,2013-10-25 17:16:00,11882,M,,,,,,,,,,,,,,,,,,,,
311,2013-10-25 19:05:00,2013-10-25 19:21:00,2013-10-25 19:24:00,11882,M,,,,,,,,,,,,,,,,,,,,
312,2013-10-25 20:54:00,2013-10-25 20:58:00,2013-10-25 21:13:00,11882,M,,,,,,,,,,,,,,,,,,,,
313,2013-10-26 05:59:00,2013-10-26 06:06:00,2013-10-26 06:20:00,11882,M,,,,,,,,,,,,,,,,,,,,
314,2013-10-26 09:17:00,2013-10-26 09:37:00,2013-10-26 09:48:00,11882,M,,,,,,,,,,,,,,,,,,,,
315,2013-10-26 10:48:00,2013-10-26 11:17:00,2013-10-26 11:34:00,11882,M,,,,,,,,,,,,,,,,,,,,
316,2013-10-26 19:24:00,2013-10-26 19:27:00,2013-10-26 19:30:00,11884,M,,,,,,,,,,,,,,,,,,,,
317,2013-10-26 19:49:00,2013-10-26 19:53:00,2013-10-26 19:58:00,11882,M,,,,,,,,,,,,,,,,,,,,
318,2013-10-27 12:36:00,2013-10-27 12:48:00,2013-10-27 12:52:00,11875,M,,,,,,,,,,,,,,,,,,,,
319,2013-10-28 01:41:00,2013-10-28 02:03:00,2013-10-28 02:12:00,11875,X,,,,,,,,,,,,,,,,,,,,
320,2013-10-28 04:32:00,2013-10-28 04:41:00,2013-10-28 04:46:00,11875,M,,,,,,,,,,,,,,,,,,,,
321,2013-10-28 11:32:00,2013-10-28 11:53:00,2013-10-28 12:39:00,11877,M,,,,,,,,,,,,,,,,,,,,
322,2013-10-28 14:00:00,2013-10-28 14:05:00,2013-10-28 14:12:00,11875,M,,,,,,,,,,,,,,,,,,,,
323,2013-10-28 14:46:00,2013-10-28 15:01:00,2013-10-28 15:04:00,11882,M,,,,,,,,,,,,,,,,,,,,
324,2013-10-28 15:07:00,2013-10-28 15:15:00,2013-10-28 15:21:00,11882,M,,,,,,,,,,,,,,,,,,,,
325,2013-10-28 20:48:00,2013-10-28 20:57:00,2013-10-28 21:02:00,11875,M,,,,,,,,,,,,,,,,,,,,
326,2013-10-29 21:42:00,2013-10-29 21:54:00,2013-10-29 22:01:00,11875,X,,,,,,,,,,,,,,,,,,,,
327,2013-10-31 13:36:00,2013-10-31 13:51:00,2013-10-31 14:02:00,11877,M,,,,,,,,,,,,,,,,,,,,
328,2013-11-01 19:46:00,2013-11-01 19:53:00,2013-11-01 19:58:00,11884,M,,,,,,,,,,,,,,,,,,,,
329,2013-11-02 22:13:00,2013-11-02 22:21:00,2013-11-02 22:25:00,11884,M,,,,,,,,,,,,,,,,,,,,
330,2013-11-03 05:16:00,2013-11-03 05:22:00,2013-11-03 05:26:00,11884,M,,,,,,,,,,,,,,,,,,,,
331,2013-11-05 08:12:00,2013-11-05 08:18:00,2013-11-05 08:21:00,11890,M,,,,,,,,,,,,,,,,,,,,
332,2013-11-05 18:08:00,2013-11-05 18:13:00,2013-11-05 18:17:00,11890,M,,,,,,,,,,,,,,,,,,,,
333,2013-11-05 22:07:00,2013-11-05 22:12:00,2013-11-05 22:15:00,11890,X,,,,,,,,,,,,,,,,,,,,
334,2013-11-06 13:39:00,2013-11-06 13:46:00,2013-11-06 13:53:00,11890,M,,,,,,,,,,,,,,,,,,,,
335,2013-11-07 03:34:00,2013-11-07 03:40:00,2013-11-07 03:43:00,11890,M,,,,,,,,,,,,,,,,,,,,
336,2013-11-07 14:15:00,2013-11-07 14:25:00,2013-11-07 14:31:00,11890,M,,,,,,,,,,,,,,,,,,,,
337,2013-11-08 04:20:00,2013-11-08 04:26:00,2013-11-08 04:29:00,11890,X,,,,,,,,,,,,,,,,,,,,
338,2013-11-08 09:22:00,2013-11-08 09:28:00,2013-11-08 09:31:00,11891,M,,,,,,,,,,,,,,,,,,,,
339,2013-11-10 05:08:00,2013-11-10 05:14:00,2013-11-10 05:18:00,11890,X,,,,,,,,,,,,,,,,,,,,
340,2013-11-11 11:01:00,2013-11-11 11:18:00,2013-11-11 11:30:00,11897,M,,,,,,,,,,,,,,,,,,,,
341,2013-11-13 14:57:00,2013-11-13 15:20:00,2013-11-13 15:41:00,11897,M,,,,,,,,,,,,,,,,,,,,
342,2013-11-15 02:20:00,2013-11-15 02:29:00,2013-11-15 02:33:00,11899,M,,,,,,,,,,,,,,,,,,,,
343,2013-11-16 04:47:00,2013-11-16 04:53:00,2013-11-16 04:57:00,11900,M,,,,,,,,,,,,,,,,,,,,
344,2013-11-16 07:45:00,2013-11-16 07:49:00,2013-11-16 07:53:00,11900,M,,,,,,,,,,,,,,,,,,,,
345,2013-11-17 05:06:00,2013-11-17 05:10:00,2013-11-17 05:13:00,11900,M,,,,,,,,,,,,,,,,,,,,
346,2013-11-19 10:14:00,2013-11-19 10:26:00,2013-11-19 10:34:00,11893,X,,,,,,,,,,,,,,,,,,,,
347,2013-11-21 10:52:00,2013-11-21 11:11:00,2013-11-21 11:42:00,11893,M,,,,,,,,,,,,,,,,,,,,
348,2013-11-23 02:20:00,2013-11-23 02:32:00,2013-11-23 02:49:00,11904,M,,,,,,,,,,,,,,,,,,,,
349,2013-11-23 12:49:00,2013-11-23 12:57:00,2013-11-23 13:05:00,11904,M,,,,,,,,,,,,,,,,,,,,
350,2013-12-07 07:17:00,2013-12-07 07:29:00,2013-12-07 07:49:00,11909,M,,,,,,,,,,,,,,,,,,,,
351,2013-12-19 23:06:00,2013-12-19 23:19:00,2013-12-19 23:26:00,11934,M,,,,,,,,,,,,,,,,,,,,
352,2013-12-20 11:35:00,2013-12-20 11:57:00,2013-12-20 12:07:00,11934,M,,,,,,,,,,,,,,,,,,,,
353,2013-12-22 08:05:00,2013-12-22 08:11:00,2013-12-22 08:18:00,11928,M,,,,,,,,,,,,,,,,,,,,
354,2013-12-22 08:33:00,2013-12-22 08:37:00,2013-12-22 08:41:00,11928,M,,,,,,,,,,,,,,,,,,,,
355,2013-12-22 14:24:00,2013-12-22 14:38:00,2013-12-22 14:48:00,11934,M,,,,,,,,,,,,,,,,,,,,
356,2013-12-22 15:06:00,2013-12-22 15:12:00,2013-12-22 15:19:00,11928,M,,,,,,,,,,,,,,,,,,,,
357,2013-12-22 21:23:00,2013-12-22 22:08:00,2013-12-22 22:13:00,11928,M,,,,,,,,,,,,,,,,,,,,
358,2013-12-22 23:44:00,2013-12-23 00:03:00,2013-12-23 00:05:00,11928,M,,,,,,,,,,,,,,,,,,,,
359,2013-12-23 08:59:00,2013-12-23 09:06:00,2013-12-23 09:09:00,11928,M,,,,,,,,,,,,,,,,,,,,
360,2013-12-29 07:49:00,2013-12-29 07:56:00,2013-12-29 08:00:00,11936,M,,,,,,,,,,,,,,,,,,,,
361,2013-12-31 21:45:00,2013-12-31 21:58:00,2013-12-31 22:20:00,11936,M,,,,,,,,,,,,,,,,,,,,
362,2014-01-01 18:40:00,2014-01-01 18:52:00,2014-01-01 19:03:00,11936,M,,,,,,,,,,,,,,,,,,,,
363,2014-01-02 02:24:00,2014-01-02 02:33:00,2014-01-02 02:56:00,11944,M,,,,,,,,,,,,,,,,,,,,
364,2014-01-02 22:12:00,2014-01-02 22:18:00,2014-01-02 22:22:00,11944,M,,,,,,,,,,,,,,,,,,,,
365,2014-01-03 12:41:00,2014-01-03 12:50:00,2014-01-03 12:54:00,11944,M,,,,,,,,,,,,,,,,,,,,
366,2014-01-03 21:09:00,2014-01-03 21:14:00,2014-01-03 21:19:00,11944,M,,,,,,,,,,,,,,,,,,,,
367,2014-01-04 10:16:00,2014-01-04 10:25:00,2014-01-04 10:41:00,11944,M,,,,,,,,,,,,,,,,,,,,
368,2014-01-04 22:12:00,2014-01-04 22:52:00,2014-01-04 23:22:00,11936,M,,,,,,,,,,,,,,,,,,,,
369,2014-01-07 03:49:00,2014-01-07 03:53:00,2014-01-07 03:56:00,11946,M,,,,,,,,,,,,,,,,,,,,
370,2014-01-07 10:07:00,2014-01-07 10:13:00,2014-01-07 10:37:00,11944,M,,,,,,,,,,,,,,,,,,,,
371,2014-01-07 18:04:00,2014-01-07 18:32:00,2014-01-07 18:58:00,11944,X,,,,,,,,,,,,,,,,,,,,
372,2014-01-08 03:39:00,2014-01-08 03:47:00,2014-01-08 03:54:00,11947,M,,,,,,,,,,,,,,,,,,,,
373,2014-01-13 21:48:00,2014-01-13 21:51:00,2014-01-13 21:53:00,11944,M,,,,,,,,,,,,,,,,,,,,
374,2014-01-27 01:05:00,2014-01-27 01:22:00,2014-01-27 01:39:00,11967,M,,,,,,,,,,,,,,,,,,,,
375,2014-01-27 02:02:00,2014-01-27 02:11:00,2014-01-27 02:18:00,11967,M,,,,,,,,,,,,,,,,,,,,
376,2014-01-27 22:05:00,2014-01-27 22:10:00,2014-01-27 22:15:00,11967,M,,,,,,,,,,,,,,,,,,,,
377,2014-01-28 04:02:00,2014-01-28 04:09:00,2014-01-28 04:13:00,11967,M,,,,,,,,,,,,,,,,,,,,
378,2014-01-28 07:25:00,2014-01-28 07:31:00,2014-01-28 07:34:00,11967,M,,,,,,,,,,,,,,,,,,,,
379,2014-01-28 11:34:00,2014-01-28 11:38:00,2014-01-28 11:41:00,11967,M,,,,,,,,,,,,,,,,,,,,
380,2014-01-28 12:33:00,2014-01-28 12:46:00,2014-01-28 12:50:00,11967,M,,,,,,,,,,,,,,,,,,,,
381,2014-01-28 19:00:00,2014-01-28 19:40:00,2014-01-28 19:46:00,11967,M,,,,,,,,,,,,,,,,,,,,
382,2014-01-28 22:04:00,2014-01-28 22:16:00,2014-01-28 22:20:00,11967,M,,,,,,,,,,,,,,,,,,,,
383,2014-01-30 06:33:00,2014-01-30 06:39:00,2014-01-30 06:44:00,11967,M,,,,,,,,,,,,,,,,,,,,
384,2014-01-30 07:54:00,2014-01-30 08:11:00,2014-01-30 08:41:00,11967,M,,,,,,,,,,,,,,,,,,,,
385,2014-01-30 15:48:00,2014-01-30 16:11:00,2014-01-30 16:28:00,11967,M,,,,,,,,,,,,,,,,,,,,
386,2014-01-31 15:32:00,2014-01-31 15:42:00,2014-01-31 15:53:00,11968,M,,,,,,,,,,,,,,,,,,,,
387,2014-02-01 01:19:00,2014-02-01 01:25:00,2014-02-01 01:38:00,11967,M,,,,,,,,,,,,,,,,,,,,
388,2014-02-01 07:14:00,2014-02-01 07:23:00,2014-02-01 07:36:00,11967,M,,,,,,,,,,,,,,,,,,,,
389,2014-02-02 06:24:00,2014-02-02 06:34:00,2014-02-02 06:37:00,11968,M,,,,,,,,,,,,,,,,,,,,
390,2014-02-02 07:17:00,2014-02-02 08:20:00,2014-02-02 08:29:00,11967,M,,,,,,,,,,,,,,,,,,,,
391,2014-02-02 09:24:00,2014-02-02 09:31:00,2014-02-02 09:36:00,11967,M,,,,,,,,,,,,,,,,,,,,
392,2014-02-02 14:01:00,2014-02-02 14:06:00,2014-02-02 14:09:00,11967,M,,,,,,,,,,,,,,,,,,,,
393,2014-02-02 16:24:00,2014-02-02 16:29:00,2014-02-02 16:36:00,11968,M,,,,,,,,,,,,,,,,,,,,
394,2014-02-02 18:05:00,2014-02-02 18:11:00,2014-02-02 18:18:00,11967,M,,,,,,,,,,,,,,,,,,,,
395,2014-02-02 21:24:00,2014-02-02 22:04:00,2014-02-02 22:14:00,11967,M,,,,,,,,,,,,,,,,,,,,
396,2014-02-04 01:16:00,2014-02-04 01:23:00,2014-02-04 01:31:00,11968,M,,,,,,,,,,,,,,,,,,,,
397,2014-02-04 03:57:00,2014-02-04 04:00:00,2014-02-04 04:06:00,11967,M,,,,,,,,,,,,,,,,,,,,
398,2014-02-04 09:38:00,2014-02-04 09:49:00,2014-02-04 09:58:00,11967,M,,,,,,,,,,,,,,,,,,,,
399,2014-02-04 15:25:00,2014-02-04 16:02:00,2014-02-04 16:49:00,11967,M,,,,,,,,,,,,,,,,,,,,
400,2014-02-05 16:11:00,2014-02-05 16:20:00,2014-02-05 16:42:00,11967,M,,,,,,,,,,,,,,,,,,,,
401,2014-02-06 22:56:00,2014-02-06 23:05:00,2014-02-06 23:10:00,11967,M,,,,,,,,,,,,,,,,,,,,
402,2014-02-07 04:47:00,2014-02-07 04:56:00,2014-02-07 05:04:00,11967,M,,,,,,,,,,,,,,,,,,,,
403,2014-02-07 10:25:00,2014-02-07 10:29:00,2014-02-07 10:31:00,11968,M,,,,,,,,,,,,,,,,,,,,
404,2014-02-11 03:22:00,2014-02-11 03:31:00,2014-02-11 03:39:00,11974,M,,,,,,,,,,,,,,,,,,,,
405,2014-02-11 16:34:00,2014-02-11 16:51:00,2014-02-11 17:10:00,11974,M,,,,,,,,,,,,,,,,,,,,
406,2014-02-12 03:52:00,2014-02-12 04:25:00,2014-02-12 04:38:00,11974,M,,,,,,,,,,,,,,,,,,,,
407,2014-02-12 06:54:00,2014-02-12 06:58:00,2014-02-12 07:04:00,11974,M,,,,,,,,,,,,,,,,,,,,
408,2014-02-12 15:41:00,2014-02-12 15:51:00,2014-02-12 16:15:00,11974,M,,,,,,,,,,,,,,,,,,,,
409,2014-02-13 01:32:00,2014-02-13 01:40:00,2014-02-13 01:50:00,11974,M,,,,,,,,,,,,,,,,,,,,
410,2014-02-13 02:41:00,2014-02-13 02:51:00,2014-02-13 03:04:00,11974,M,,,,,,,,,,,,,,,,,,,,
411,2014-02-13 05:49:00,2014-02-13 06:07:00,2014-02-13 06:13:00,11974,M,,,,,,,,,,,,,,,,,,,,
412,2014-02-13 08:05:00,2014-02-13 08:12:00,2014-02-13 08:19:00,11974,M,,,,,,,,,,,,,,,,,,,,
413,2014-02-13 15:45:00,2014-02-13 15:57:00,2014-02-13 16:06:00,11974,M,,,,,,,,,,,,,,,,,,,,
414,2014-02-14 02:40:00,2014-02-14 02:57:00,2014-02-14 03:10:00,11974,M,,,,,,,,,,,,,,,,,,,,
415,2014-02-14 12:29:00,2014-02-14 12:40:00,2014-02-14 12:45:00,11974,M,,,,,,,,,,,,,,,,,,,,
416,2014-02-14 13:21:00,2014-02-14 13:28:00,2014-02-14 13:39:00,11974,M,,,,,,,,,,,,,,,,,,,,
417,2014-02-14 16:33:00,2014-02-14 16:39:00,2014-02-14 16:42:00,11974,M,,,,,,,,,,,,,,,,,,,,
418,2014-02-16 09:20:00,2014-02-16 09:26:00,2014-02-16 09:29:00,11977,M,,,,,,,,,,,,,,,,,,,,
419,2014-02-20 07:26:00,2014-02-20 07:56:00,2014-02-20 08:25:00,11976,M,,,,,,,,,,,,,,,,,,,,
420,2014-02-24 11:03:00,2014-02-24 11:17:00,2014-02-24 11:42:00,11990,M,,,,,,,,,,,,,,,,,,,,
421,2014-02-24 12:00:00,2014-02-24 12:05:00,2014-02-24 12:10:00,11990,M,,,,,,,,,,,,,,,,,,,,
422,2014-02-25 00:39:00,2014-02-25 00:49:00,2014-02-25 01:03:00,11990,X,,,,,,,,,,,,,,,,,,,,
423,2014-02-26 14:52:00,2014-02-26 15:01:00,2014-02-26 15:10:00,11982,M,,,,,,,,,,,,,,,,,,,,
424,2014-02-28 00:44:00,2014-02-28 00:48:00,2014-02-28 00:50:00,11991,M,,,,,,,,,,,,,,,,,,,,
425,2014-03-01 13:18:00,2014-03-01 13:33:00,2014-03-01 13:40:00,11982,M,,,,,,,,,,,,,,,,,,,,
426,2014-03-02 23:11:00,2014-03-02 23:19:00,2014-03-02 23:26:00,11986,M,,,,,,,,,,,,,,,,,,,,
427,2014-03-03 15:54:00,2014-03-03 15:58:00,2014-03-03 16:01:00,11989,M,,,,,,,,,,,,,,,,,,,,
428,2014-03-05 02:06:00,2014-03-05 02:10:00,2014-03-05 02:12:00,11991,M,,,,,,,,,,,,,,,,,,,,
429,2014-03-08 23:26:00,2014-03-08 23:41:00,2014-03-08 23:50:00,12002,M,,,,,,,,,,,,,,,,,,,,
430,2014-03-09 13:52:00,2014-03-09 13:58:00,2014-03-09 14:05:00,12002,M,,,,,,,,,,,,,,,,,,,,
431,2014-03-09 20:13:00,2014-03-09 20:28:00,2014-03-09 20:35:00,12002,M,,,,,,,,,,,,,,,,,,,,
432,2014-03-10 00:19:00,2014-03-10 00:26:00,2014-03-10 00:33:00,12002,M,,,,,,,,,,,,,,,,,,,,
433,2014-03-10 04:02:00,2014-03-10 04:08:00,2014-03-10 04:13:00,12002,M,,,,,,,,,,,,,,,,,,,,
434,2014-03-10 15:21:00,2014-03-10 15:28:00,2014-03-10 15:32:00,12002,M,,,,,,,,,,,,,,,,,,,,
435,2014-03-10 22:45:00,2014-03-10 23:00:00,2014-03-10 23:12:00,11996,M,,,,,,,,,,,,,,,,,,,,
436,2014-03-11 03:44:00,2014-03-11 03:50:00,2014-03-11 03:56:00,11996,M,,,,,,,,,,,,,,,,,,,,
437,2014-03-11 11:58:00,2014-03-11 12:07:00,2014-03-11 12:14:00,11991,M,,,,,,,,,,,,,,,,,,,,
438,2014-03-12 10:55:00,2014-03-12 11:05:00,2014-03-12 11:11:00,11996,M,,,,,,,,,,,,,,,,,,,,
439,2014-03-12 22:28:00,2014-03-12 22:34:00,2014-03-12 22:39:00,11996,M,,,,,,,,,,,,,,,,,,,,
440,2014-03-13 19:03:00,2014-03-13 19:19:00,2014-03-13 19:30:00,11996,M,,,,,,,,,,,,,,,,,,,,
441,2014-03-20 03:42:00,2014-03-20 03:56:00,2014-03-20 04:08:00,12010,M,,,,,,,,,,,,,,,,,,,,
442,2014-03-22 06:58:00,2014-03-22 07:02:00,2014-03-22 07:05:00,12011,M,,,,,,,,,,,,,,,,,,,,
443,2014-03-28 19:04:00,2014-03-28 19:18:00,2014-03-28 19:27:00,12017,M,,,,,,,,,,,,,,,,,,,,
444,2014-03-28 23:44:00,2014-03-28 23:51:00,2014-03-28 23:58:00,12017,M,,,,,,,,,,,,,,,,,,,,
445,2014-03-29 17:35:00,2014-03-29 17:48:00,2014-03-29 17:54:00,12017,X,,,,,,,,,,,,,,,,,,,,
446,2014-03-30 11:48:00,2014-03-30 11:55:00,2014-03-30 12:02:00,12017,M,,,,,,,,,,,,,,,,,,,,
447,2014-03-31 07:20:00,2014-03-31 08:07:00,2014-03-31 08:18:00,12014,M,,,,,,,,,,,,,,,,,,,,
448,2014-04-02 13:18:00,2014-04-02 14:05:00,2014-04-02 14:28:00,12027,M,,,,,,,,,,,,,,,,,,,,
449,2014-04-16 19:54:00,2014-04-16 19:59:00,2014-04-16 20:04:00,12035,M,,,,,,,,,,,,,,,,,,,,
450,2014-04-18 12:31:00,2014-04-18 13:03:00,2014-04-18 13:20:00,12036,M,,,,,,,,,,,,,,,,,,,,
451,2014-04-25 00:17:00,2014-04-25 00:27:00,2014-04-25 00:38:00,12035,X,,,,,,,,,,,,,,,,,,,,
452,2014-05-06 08:41:00,2014-05-06 09:03:00,2014-05-06 09:21:00,12051,M,,,,,,,,,,,,,,,,,,,,
453,2014-05-06 22:01:00,2014-05-06 22:09:00,2014-05-06 22:20:00,12051,M,,,,,,,,,,,,,,,,,,,,
454,2014-05-07 16:07:00,2014-05-07 16:29:00,2014-05-07 17:03:00,12055,M,,,,,,,,,,,,,,,,,,,,
455,2014-05-08 09:59:00,2014-05-08 10:07:00,2014-05-08 10:18:00,12056,M,,,,,,,,,,,,,,,,,,,,
456,2014-05-24 18:26:00,2014-05-24 18:35:00,2014-05-24 18:44:00,12065,M,,,,,,,,,,,,,,,,,,,,
457,2014-06-10 11:36:00,2014-06-10 11:42:00,2014-06-10 11:44:00,12087,X,,,,,,,,,,,,,,,,,,,,
458,2014-06-10 12:36:00,2014-06-10 12:52:00,2014-06-10 13:03:00,12087,X,,,,,,,,,,,,,,,,,,,,
459,2014-06-11 05:30:00,2014-06-11 05:34:00,2014-06-11 05:36:00,12080,M,,,,,,,,,,,,,,,,,,,,
460,2014-06-11 08:00:00,2014-06-11 08:09:00,2014-06-11 08:15:00,12087,M,,,,,,,,,,,,,,,,,,,,
461,2014-06-11 08:59:00,2014-06-11 09:06:00,2014-06-11 09:10:00,12087,X,,,,,,,,,,,,,,,,,,,,
462,2014-06-11 20:53:00,2014-06-11 21:03:00,2014-06-11 21:10:00,12087,M,,,,,,,,,,,,,,,,,,,,
463,2014-06-12 04:14:00,2014-06-12 04:21:00,2014-06-12 04:26:00,12087,M,,,,,,,,,,,,,,,,,,,,
464,2014-06-12 09:23:00,2014-06-12 09:37:00,2014-06-12 09:42:00,12085,M,,,,,,,,,,,,,,,,,,,,
465,2014-06-12 10:14:00,2014-06-12 10:21:00,2014-06-12 10:27:00,12087,M,,,,,,,,,,,,,,,,,,,,
466,2014-06-12 18:03:00,2014-06-12 18:13:00,2014-06-12 18:23:00,12087,M,,,,,,,,,,,,,,,,,,,,
467,2014-06-12 19:56:00,2014-06-12 20:03:00,2014-06-12 20:05:00,12089,M,,,,,,,,,,,,,,,,,,,,
468,2014-06-12 21:01:00,2014-06-12 21:13:00,2014-06-12 21:19:00,12087,M,,,,,,,,,,,,,,,,,,,,
469,2014-06-12 21:34:00,2014-06-12 22:16:00,2014-06-12 22:52:00,12085,M,,,,,,,,,,,,,,,,,,,,
470,2014-06-13 07:49:00,2014-06-13 07:56:00,2014-06-13 07:59:00,12087,M,,,,,,,,,,,,,,,,,,,,
471,2014-06-15 11:10:00,2014-06-15 11:39:00,2014-06-15 11:50:00,12085,M,,,,,,,,,,,,,,,,,,,,
472,2014-06-15 23:50:00,2014-06-16 00:01:00,2014-06-16 00:17:00,12087,M,,,,,,,,,,,,,,,,,,,,
473,2014-07-01 11:05:00,2014-07-01 11:23:00,2014-07-01 11:59:00,12106,M,,,,,,,,,,,,,,,,,,,,
474,2014-07-08 16:06:00,2014-07-08 16:20:00,2014-07-08 16:30:00,12113,M,,,,,,,,,,,,,,,,,,,,
475,2014-07-09 00:20:00,2014-07-09 00:26:00,2014-07-09 00:33:00,12113,M,,,,,,,,,,,,,,,,,,,,
476,2014-07-10 22:29:00,2014-07-10 22:34:00,2014-07-10 22:37:00,12106,M,,,,,,,,,,,,,,,,,,,,
477,2014-07-31 11:01:00,2014-07-31 11:14:00,2014-07-31 11:21:00,12130,M,,,,,,,,,,,,,,,,,,,,
478,2014-08-01 14:43:00,2014-08-01 14:48:00,2014-08-01 14:57:00,12130,M,,,,,,,,,,,,,,,,,,,,
479,2014-08-01 17:55:00,2014-08-01 18:13:00,2014-08-01 18:48:00,12127,M,,,,,,,,,,,,,,,,,,,,
480,2014-08-21 13:19:00,2014-08-21 13:31:00,2014-08-21 13:42:00,12149,M,,,,,,,,,,,,,,,,,,,,
481,2014-08-22 06:18:00,2014-08-22 06:28:00,2014-08-22 06:34:00,12149,M,,,,,,,,,,,,,,,,,,,,
482,2014-08-24 12:00:00,2014-08-24 12:17:00,2014-08-24 12:25:00,12151,M,,,,,,,,,,,,,,,,,,,,
483,2014-08-25 14:46:00,2014-08-25 15:11:00,2014-08-25 15:31:00,12146,M,,,,,,,,,,,,,,,,,,,,
484,2014-08-25 20:06:00,2014-08-25 20:21:00,2014-08-25 20:29:00,12146,M,,,,,,,,,,,,,,,,,,,,
485,2014-09-03 13:20:00,2014-09-03 13:54:00,2014-09-03 14:23:00,12155,M,,,,,,,,,,,,,,,,,,,,
486,2014-09-06 16:50:00,2014-09-06 17:09:00,2014-09-06 17:22:00,12157,M,,,,,,,,,,,,,,,,,,,,
487,2014-09-08 23:12:00,2014-09-09 00:29:00,2014-09-09 01:31:00,12158,M,,,,,,,,,,,,,,,,,,,,
488,2014-09-10 17:21:00,2014-09-10 17:45:00,2014-09-10 18:20:00,12158,X,,,,,,,,,,,,,,,,,,,,
489,2014-09-11 15:20:00,2014-09-11 15:26:00,2014-09-11 15:31:00,12166,M,,,,,,,,,,,,,,,,,,,,
490,2014-09-11 21:01:00,2014-09-11 21:26:00,2014-09-11 21:30:00,12166,M,,,,,,,,,,,,,,,,,,,,
491,2014-09-14 02:03:00,2014-09-14 02:16:00,2014-09-14 02:36:00,12157,M,,,,,,,,,,,,,,,,,,,,
492,2014-09-18 08:37:00,2014-09-18 08:41:00,2014-09-18 08:53:00,12169,M,,,,,,,,,,,,,,,,,,,,
493,2014-09-28 02:39:00,2014-09-28 02:58:00,2014-09-28 03:19:00,12173,M,,,,,,,,,,,,,,,,,,,,
494,2014-09-28 16:34:00,2014-09-28 17:33:00,2014-09-28 18:00:00,12173,M,,,,,,,,,,,,,,,,,,,,
495,2014-10-02 17:10:00,2014-10-02 17:44:00,2014-10-02 18:15:00,12172,M,,,,,,,,,,,,,,,,,,,,
496,2014-10-02 18:49:00,2014-10-02 19:01:00,2014-10-02 19:14:00,12173,M,,,,,,,,,,,,,,,,,,,,
497,2014-10-09 01:30:00,2014-10-09 01:43:00,2014-10-09 01:47:00,12182,M,,,,,,,,,,,,,,,,,,,,
498,2014-10-09 01:54:00,2014-10-09 01:58:00,2014-10-09 02:02:00,12182,M,,,,,,,,,,,,,,,,,,,,
499,2014-10-09 06:48:00,2014-10-09 06:59:00,2014-10-09 07:06:00,12182,M,,,,,,,,,,,,,,,,,,,,
500,2014-10-16 12:58:00,2014-10-16 13:03:00,2014-10-16 13:05:00,12192,M,,,,,,,,,,,,,,,,,,,,
501,2014-10-18 07:02:00,2014-10-18 07:58:00,2014-10-18 08:49:00,12192,M,,,,,,,,,,,,,,,,,,,,
502,2014-10-19 04:17:00,2014-10-19 05:03:00,2014-10-19 05:48:00,12192,X,,,,,,,,,,,,,,,,,,,,
503,2014-10-20 09:00:00,2014-10-20 09:11:00,2014-10-20 09:20:00,12192,M,,,,,,,,,,,,,,,,,,,,
504,2014-10-20 16:00:00,2014-10-20 16:37:00,2014-10-20 16:55:00,12192,M,,,,,,,,,,,,,,,,,,,,
505,2014-10-20 18:55:00,2014-10-20 19:02:00,2014-10-20 19:04:00,12192,M,,,,,,,,,,,,,,,,,,,,
506,2014-10-20 19:53:00,2014-10-20 20:04:00,2014-10-20 20:13:00,12192,M,,,,,,,,,,,,,,,,,,,,
507,2014-10-20 22:43:00,2014-10-20 22:55:00,2014-10-20 23:13:00,12192,M,,,,,,,,,,,,,,,,,,,,
508,2014-10-22 01:16:00,2014-10-22 01:59:00,2014-10-22 02:28:00,12192,M,,,,,,,,,,,,,,,,,,,,
509,2014-10-22 05:11:00,2014-10-22 05:17:00,2014-10-22 05:21:00,12192,M,,,,,,,,,,,,,,,,,,,,
510,2014-10-22 14:02:00,2014-10-22 14:28:00,2014-10-22 14:50:00,12192,X,,,,,,,,,,,,,,,,,,,,
511,2014-10-23 09:44:00,2014-10-23 09:50:00,2014-10-23 09:56:00,12192,M,,,,,,,,,,,,,,,,,,,,
512,2014-10-24 07:37:00,2014-10-24 07:48:00,2014-10-24 07:53:00,12192,M,,,,,,,,,,,,,,,,,,,,
513,2014-10-24 21:07:00,2014-10-24 21:41:00,2014-10-24 22:13:00,12192,X,,,,,,,,,,,,,,,,,,,,
514,2014-10-25 16:55:00,2014-10-25 17:08:00,2014-10-25 18:11:00,12192,X,,,,,,,,,,,,,,,,,,,,
515,2014-10-26 10:04:00,2014-10-26 10:56:00,2014-10-26 11:18:00,12192,X,,,,,,,,,,,,,,,,,,,,
516,2014-10-26 17:08:00,2014-10-26 17:17:00,2014-10-26 17:30:00,12192,M,,,,,,,,,,,,,,,,,,,,
517,2014-10-26 18:07:00,2014-10-26 18:15:00,2014-10-26 18:20:00,12192,M,,,,,,,,,,,,,,,,,,,,
518,2014-10-26 18:43:00,2014-10-26 18:49:00,2014-10-26 18:56:00,12192,M,,,,,,,,,,,,,,,,,,,,
519,2014-10-26 19:59:00,2014-10-26 20:21:00,2014-10-26 20:45:00,12192,M,,,,,,,,,,,,,,,,,,,,
520,2014-10-27 00:06:00,2014-10-27 00:34:00,2014-10-27 00:44:00,12192,M,,,,,,,,,,,,,,,,,,,,
521,2014-10-27 01:44:00,2014-10-27 02:02:00,2014-10-27 02:11:00,12192,M,,,,,,,,,,,,,,,,,,,,
522,2014-10-27 03:35:00,2014-10-27 03:41:00,2014-10-27 03:48:00,12192,M,,,,,,,,,,,,,,,,,,,,
523,2014-10-27 09:59:00,2014-10-27 10:09:00,2014-10-27 10:26:00,12192,M,,,,,,,,,,,,,,,,,,,,
524,2014-10-27 14:12:00,2014-10-27 14:47:00,2014-10-27 15:09:00,12192,X,,,,,,,,,,,,,,,,,,,,
525,2014-10-27 17:33:00,2014-10-27 17:40:00,2014-10-27 17:47:00,12192,M,,,,,,,,,,,,,,,,,,,,
526,2014-10-28 02:15:00,2014-10-28 02:42:00,2014-10-28 03:08:00,12192,M,,,,,,,,,,,,,,,,,,,,
527,2014-10-28 03:23:00,2014-10-28 03:32:00,2014-10-28 03:41:00,12192,M,,,,,,,,,,,,,,,,,,,,
528,2014-10-28 13:54:00,2014-10-28 14:06:00,2014-10-28 14:23:00,12192,M,,,,,,,,,,,,,,,,,,,,
529,2014-10-29 06:03:00,2014-10-29 08:20:00,2014-10-29 08:52:00,12192,M,,,,,,,,,,,,,,,,,,,,
530,2014-10-29 09:54:00,2014-10-29 10:01:00,2014-10-29 10:06:00,12192,M,,,,,,,,,,,,,,,,,,,,
531,2014-10-29 14:24:00,2014-10-29 14:33:00,2014-10-29 14:51:00,12192,M,,,,,,,,,,,,,,,,,,,,
532,2014-10-29 16:06:00,2014-10-29 16:20:00,2014-10-29 16:33:00,12192,M,,,,,,,,,,,,,,,,,,,,
533,2014-10-29 18:47:00,2014-10-29 18:50:00,2014-10-29 18:52:00,12192,M,,,,,,,,,,,,,,,,,,,,
534,2014-10-29 21:18:00,2014-10-29 21:22:00,2014-10-29 21:25:00,12192,M,,,,,,,,,,,,,,,,,,,,
535,2014-10-30 00:34:00,2014-10-30 00:37:00,2014-10-30 00:40:00,12192,M,,,,,,,,,,,,,,,,,,,,
536,2014-10-30 01:19:00,2014-10-30 01:35:00,2014-10-30 01:56:00,12192,M,,,,,,,,,,,,,,,,,,,,
537,2014-10-30 04:17:00,2014-10-30 04:28:00,2014-10-30 04:36:00,12192,M,,,,,,,,,,,,,,,,,,,,
538,2014-11-03 11:23:00,2014-11-03 11:53:00,2014-11-03 12:17:00,12205,M,,,,,,,,,,,,,,,,,,,,
539,2014-11-03 22:15:00,2014-11-03 22:40:00,2014-11-03 22:53:00,12205,M,,,,,,,,,,,,,,,,,,,,
540,2014-11-04 07:59:00,2014-11-04 08:38:00,2014-11-04 08:51:00,12205,M,,,,,,,,,,,,,,,,,,,,
541,2014-11-04 08:52:00,2014-11-04 09:04:00,2014-11-04 09:13:00,12205,M,,,,,,,,,,,,,,,,,,,,
542,2014-11-05 09:26:00,2014-11-05 09:47:00,2014-11-05 09:55:00,12205,M,,,,,,,,,,,,,,,,,,,,
543,2014-11-05 18:50:00,2014-11-05 19:44:00,2014-11-05 20:15:00,12205,M,,,,,,,,,,,,,,,,,,,,
544,2014-11-06 01:29:00,2014-11-06 01:39:00,2014-11-06 01:54:00,12205,M,,,,,,,,,,,,,,,,,,,,
545,2014-11-06 03:32:00,2014-11-06 03:46:00,2014-11-06 04:02:00,12205,M,,,,,,,,,,,,,,,,,,,,
546,2014-11-06 21:53:00,2014-11-06 22:16:00,2014-11-06 22:34:00,12205,M,,,,,,,,,,,,,,,,,,,,
547,2014-11-07 02:05:00,2014-11-07 02:49:00,2014-11-07 03:32:00,12205,M,,,,,,,,,,,,,,,,,,,,
548,2014-11-07 04:12:00,2014-11-07 04:25:00,2014-11-07 04:38:00,12205,M,,,,,,,,,,,,,,,,,,,,
549,2014-11-07 10:13:00,2014-11-07 10:22:00,2014-11-07 10:30:00,12205,M,,,,,,,,,,,,,,,,,,,,
550,2014-11-07 16:53:00,2014-11-07 17:26:00,2014-11-07 17:34:00,12205,X,,,,,,,,,,,,,,,,,,,,
551,2014-11-09 15:24:00,2014-11-09 15:32:00,2014-11-09 15:38:00,12205,M,,,,,,,,,,,,,,,,,,,,
552,2014-11-15 11:40:00,2014-11-15 12:03:00,2014-11-15 12:10:00,12209,M,,,,,,,,,,,,,,,,,,,,
553,2014-11-15 20:38:00,2014-11-15 20:46:00,2014-11-15 20:50:00,12209,M,,,,,,,,,,,,,,,,,,,,
554,2014-11-16 17:35:00,2014-11-16 17:48:00,2014-11-16 17:57:00,12209,M,,,,,,,,,,,,,,,,,,,,
555,2014-12-01 06:26:00,2014-12-01 06:41:00,2014-12-01 06:59:00,12222,M,,,,,,,,,,,,,,,,,,,,
556,2014-12-04 08:00:00,2014-12-04 08:10:00,2014-12-04 08:21:00,12222,M,,,,,,,,,,,,,,,,,,,,
557,2014-12-04 18:05:00,2014-12-04 18:25:00,2014-12-04 18:56:00,12222,M,,,,,,,,,,,,,,,,,,,,
558,2014-12-04 19:38:00,2014-12-04 19:41:00,2014-12-04 19:44:00,12222,M,,,,,,,,,,,,,,,,,,,,
559,2014-12-05 11:33:00,2014-12-05 12:25:00,2014-12-05 12:47:00,12222,M,,,,,,,,,,,,,,,,,,,,
560,2014-12-13 05:13:00,2014-12-13 05:20:00,2014-12-13 05:25:00,12241,M,,,,,,,,,,,,,,,,,,,,
561,2014-12-14 19:25:00,2014-12-14 19:33:00,2014-12-14 19:39:00,12242,M,,,,,,,,,,,,,,,,,,,,
562,2014-12-17 00:57:00,2014-12-17 01:10:00,2014-12-17 01:20:00,12242,M,,,,,,,,,,,,,,,,,,,,
563,2014-12-17 01:41:00,2014-12-17 01:50:00,2014-12-17 01:57:00,12241,M,,,,,,,,,,,,,,,,,,,,
564,2014-12-17 04:25:00,2014-12-17 04:51:00,2014-12-17 05:20:00,12242,M,,,,,,,,,,,,,,,,,,,,
565,2014-12-17 18:54:00,2014-12-17 19:01:00,2014-12-17 19:20:00,12241,M,,,,,,,,,,,,,,,,,,,,
566,2014-12-18 21:41:00,2014-12-18 21:58:00,2014-12-18 22:25:00,12241,M,,,,,,,,,,,,,,,,,,,,
567,2014-12-19 09:31:00,2014-12-19 09:44:00,2014-12-19 09:54:00,12242,M,,,,,,,,,,,,,,,,,,,,
568,2014-12-20 00:11:00,2014-12-20 00:28:00,2014-12-20 00:55:00,12242,X,,,,,,,,,,,,,,,,,,,,
569,2014-12-21 07:18:00,2014-12-21 07:32:00,2014-12-21 07:51:00,12242,M,,,,,,,,,,,,,,,,,,,,
570,2014-12-21 11:24:00,2014-12-21 12:17:00,2014-12-21 12:57:00,12241,M,,,,,,,,,,,,,,,,,,,,
571,2014-12-22 01:33:00,2014-12-22 01:49:00,2014-12-22 01:59:00,12242,M,,,,,,,,,,,,,,,,,,,,
572,2014-12-27 02:03:00,2014-12-27 02:16:00,2014-12-27 02:24:00,12249,M,,,,,,,,,,,,,,,,,,,,
573,2015-01-03 09:40:00,2015-01-03 09:47:00,2015-01-03 09:50:00,12253,M,,,,,,,,,,,,,,,,,,,,
574,2015-01-04 15:18:00,2015-01-04 15:36:00,2015-01-04 15:53:00,12253,M,,,,,,,,,,,,,,,,,,,,
575,2015-01-22 04:43:00,2015-01-22 04:52:00,2015-01-22 05:02:00,12268,M,,,,,,,,,,,,,,,,,,,,
576,2015-01-26 16:46:00,2015-01-26 16:53:00,2015-01-26 16:58:00,12268,M,,,,,,,,,,,,,,,,,,,,
577,2015-01-28 04:21:00,2015-01-28 04:41:00,2015-01-28 04:55:00,12268,M,,,,,,,,,,,,,,,,,,,,
578,2015-01-28 21:32:00,2015-01-28 21:37:00,2015-01-28 21:40:00,12277,M,,,,,,,,,,,,,,,,,,,,
579,2015-01-29 11:32:00,2015-01-29 11:42:00,2015-01-29 11:52:00,12268,M,,,,,,,,,,,,,,,,,,,,
580,2015-01-30 00:32:00,2015-01-30 00:44:00,2015-01-30 01:02:00,12268,M,,,,,,,,,,,,,,,,,,,,
581,2015-01-30 05:29:00,2015-01-30 05:36:00,2015-01-30 06:35:00,12268,M,,,,,,,,,,,,,,,,,,,,
582,2015-01-30 12:10:00,2015-01-30 12:16:00,2015-01-30 12:21:00,12277,M,,,,,,,,,,,,,,,,,,,,
583,2015-02-04 02:08:00,2015-02-04 02:15:00,2015-02-04 02:21:00,12277,M,,,,,,,,,,,,,,,,,,,,
584,2015-02-09 22:59:00,2015-02-09 23:35:00,2015-02-10 00:14:00,12282,M,,,,,,,,,,,,,,,,,,,,
585,2015-03-02 06:31:00,2015-03-02 06:39:00,2015-03-02 06:44:00,12290,M,,,,,,,,,,,,,,,,,,,,
586,2015-03-02 09:37:00,2015-03-02 09:48:00,2015-03-02 09:58:00,12290,M,,,,,,,,,,,,,,,,,,,,
587,2015-03-02 15:10:00,2015-03-02 15:28:00,2015-03-02 15:37:00,12290,M,,,,,,,,,,,,,,,,,,,,
588,2015-03-02 19:21:00,2015-03-02 19:31:00,2015-03-02 19:36:00,12290,M,,,,,,,,,,,,,,,,,,,,
589,2015-03-03 01:25:00,2015-03-03 01:35:00,2015-03-03 01:42:00,12290,M,,,,,,,,,,,,,,,,,,,,
590,2015-03-05 17:06:00,2015-03-05 18:11:00,2015-03-05 18:26:00,12297,M,,,,,,,,,,,,,,,,,,,,
591,2015-03-06 04:14:00,2015-03-06 04:57:00,2015-03-06 05:27:00,12297,M,,,,,,,,,,,,,,,,,,,,
592,2015-03-06 06:55:00,2015-03-06 08:15:00,2015-03-06 08:28:00,12297,M,,,,,,,,,,,,,,,,,,,,
593,2015-03-07 21:45:00,2015-03-07 22:22:00,2015-03-07 22:58:00,12297,M,,,,,,,,,,,,,,,,,,,,
594,2015-03-09 14:22:00,2015-03-09 14:33:00,2015-03-09 14:37:00,12297,M,,,,,,,,,,,,,,,,,,,,
595,2015-03-09 23:29:00,2015-03-09 23:53:00,2015-03-10 00:12:00,12297,M,,,,,,,,,,,,,,,,,,,,
596,2015-03-10 03:19:00,2015-03-10 03:24:00,2015-03-10 03:28:00,12297,M,,,,,,,,,,,,,,,,,,,,
597,2015-03-10 23:46:00,2015-03-11 00:02:00,2015-03-11 00:06:00,12297,M,,,,,,,,,,,,,,,,,,,,
598,2015-03-11 07:10:00,2015-03-11 07:18:00,2015-03-11 07:43:00,12297,M,,,,,,,,,,,,,,,,,,,,
599,2015-03-11 07:51:00,2015-03-11 07:57:00,2015-03-11 08:03:00,12297,M,,,,,,,,,,,,,,,,,,,,
600,2015-03-11 16:11:00,2015-03-11 16:22:00,2015-03-11 16:29:00,12297,X,,,,,,,,,,,,,,,,,,,,
601,2015-03-11 18:37:00,2015-03-11 18:51:00,2015-03-11 18:57:00,12297,M,,,,,,,,,,,,,,,,,,,,
602,2015-03-12 04:41:00,2015-03-12 04:46:00,2015-03-12 04:50:00,12297,M,,,,,,,,,,,,,,,,,,,,
603,2015-03-12 11:38:00,2015-03-12 11:50:00,2015-03-12 12:02:00,12297,M,,,,,,,,,,,,,,,,,,,,
604,2015-03-12 12:09:00,2015-03-12 12:14:00,2015-03-12 12:18:00,12297,M,,,,,,,,,,,,,,,,,,,,
605,2015-03-12 13:50:00,2015-03-12 14:08:00,2015-03-12 14:13:00,12297,M,,,,,,,,,,,,,,,,,,,,
606,2015-03-12 21:44:00,2015-03-12 21:51:00,2015-03-12 21:56:00,12297,M,,,,,,,,,,,,,,,,,,,,
607,2015-03-13 03:47:00,2015-03-13 04:01:00,2015-03-13 04:16:00,12297,M,,,,,,,,,,,,,,,,,,,,
608,2015-03-13 05:49:00,2015-03-13 06:07:00,2015-03-13 06:12:00,12297,M,,,,,,,,,,,,,,,,,,,,
609,2015-03-14 04:23:00,2015-03-14 04:40:00,2015-03-14 04:54:00,12297,M,,,,,,,,,,,,,,,,,,,,
610,2015-03-15 09:36:00,2015-03-15 09:40:00,2015-03-15 09:46:00,12297,M,,,,,,,,,,,,,,,,,,,,
611,2015-03-15 22:42:00,2015-03-15 23:22:00,2015-03-15 23:38:00,12297,M,,,,,,,,,,,,,,,,,,,,
612,2015-03-16 10:39:00,2015-03-16 10:58:00,2015-03-16 11:17:00,12297,M,,,,,,,,,,,,,,,,,,,,
613,2015-03-17 22:49:00,2015-03-17 23:34:00,2015-03-17 23:48:00,12297,M,,,,,,,,,,,,,,,,,,,,
614,2015-04-08 14:37:00,2015-04-08 14:43:00,2015-04-08 14:47:00,12320,M,,,,,,,,,,,,,,,,,,,,
615,2015-04-12 08:51:00,2015-04-12 09:50:00,2015-04-12 10:44:00,12321,M,,,,,,,,,,,,,,,,,,,,
616,2015-04-21 07:08:00,2015-04-21 07:21:00,2015-04-21 07:27:00,12322,M,,,,,,,,,,,,,,,,,,,,
617,2015-04-21 11:49:00,2015-04-21 11:57:00,2015-04-21 12:02:00,12322,M,,,,,,,,,,,,,,,,,,,,
618,2015-04-21 15:24:00,2015-04-21 15:45:00,2015-04-21 15:51:00,12322,M,,,,,,,,,,,,,,,,,,,,
619,2015-04-21 16:55:00,2015-04-21 17:00:00,2015-04-21 17:09:00,12322,M,,,,,,,,,,,,,,,,,,,,
620,2015-04-21 21:39:00,2015-04-21 21:45:00,2015-04-21 21:55:00,12322,M,,,,,,,,,,,,,,,,,,,,
621,2015-04-21 21:58:00,2015-04-21 22:01:00,2015-04-21 22:04:00,12325,M,,,,,,,,,,,,,,,,,,,,
622,2015-04-22 08:30:00,2015-04-22 08:44:00,2015-04-22 08:58:00,12322,M,,,,,,,,,,,,,,,,,,,,
623,2015-04-23 09:18:00,2015-04-23 10:07:00,2015-04-23 11:10:00,12322,M,,,,,,,,,,,,,,,,,,,,
624,2015-05-05 09:42:00,2015-05-05 09:47:00,2015-05-05 09:51:00,12339,M,,,,,,,,,,,,,,,,,,,,
625,2015-05-05 13:45:00,2015-05-05 13:53:00,2015-05-05 13:56:00,12339,M,,,,,,,,,,,,,,,,,,,,
626,2015-05-05 14:19:00,2015-05-05 14:25:00,2015-05-05 14:32:00,12335,M,,,,,,,,,,,,,,,,,,,,
627,2015-05-05 17:12:00,2015-05-05 17:24:00,2015-05-05 17:30:00,12335,M,,,,,,,,,,,,,,,,,,,,
628,2015-05-05 22:05:00,2015-05-05 22:11:00,2015-05-05 22:15:00,12339,X,,,,,,,,,,,,,,,,,,,,
629,2015-05-06 11:45:00,2015-05-06 11:49:00,2015-05-06 11:51:00,12339,M,,,,,,,,,,,,,,,,,,,,
630,2015-06-11 08:49:00,2015-06-11 08:55:00,2015-06-11 08:59:00,12367,M,,,,,,,,,,,,,,,,,,,,
631,2015-06-13 07:20:00,2015-06-13 07:29:00,2015-06-13 07:47:00,12360,M,,,,,,,,,,,,,,,,,,,,
632,2015-06-14 00:52:00,2015-06-14 00:59:00,2015-06-14 01:09:00,12360,M,,,,,,,,,,,,,,,,,,,,
633,2015-06-18 00:33:00,2015-06-18 01:27:00,2015-06-18 01:55:00,12365,M,,,,,,,,,,,,,,,,,,,,
634,2015-06-18 16:30:00,2015-06-18 17:36:00,2015-06-18 18:25:00,12371,M,,,,,,,,,,,,,,,,,,,,
635,2015-06-20 06:28:00,2015-06-20 06:48:00,2015-06-20 07:09:00,12371,M,,,,,,,,,,,,,,,,,,,,
636,2015-06-21 01:02:00,2015-06-21 01:42:00,2015-06-21 02:00:00,12371,M,,,,,,,,,,,,,,,,,,,,
637,2015-06-21 02:06:00,2015-06-21 02:36:00,2015-06-21 03:02:00,12371,M,,,,,,,,,,,,,,,,,,,,
638,2015-06-21 09:38:00,2015-06-21 09:44:00,2015-06-21 09:50:00,12367,M,,,,,,,,,,,,,,,,,,,,
639,2015-06-21 18:10:00,2015-06-21 18:20:00,2015-06-21 18:28:00,12367,M,,,,,,,,,,,,,,,,,,,,
640,2015-06-22 17:39:00,2015-06-22 18:23:00,2015-06-22 18:51:00,12371,M,,,,,,,,,,,,,,,,,,,,
641,2015-06-25 08:02:00,2015-06-25 08:16:00,2015-06-25 09:05:00,12371,M,,,,,,,,,,,,,,,,,,,,
642,2015-07-03 12:47:00,2015-07-03 12:51:00,2015-07-03 12:53:00,12378,M,,,,,,,,,,,,,,,,,,,,
643,2015-07-06 08:24:00,2015-07-06 08:44:00,2015-07-06 08:59:00,12381,M,,,,,,,,,,,,,,,,,,,,
644,2015-07-06 20:32:00,2015-07-06 20:40:00,2015-07-06 20:50:00,12381,M,,,,,,,,,,,,,,,,,,,,
645,2015-08-21 01:56:00,2015-08-21 02:18:00,2015-08-21 02:37:00,12403,M,,,,,,,,,,,,,,,,,,,,
646,2015-08-21 09:34:00,2015-08-21 09:48:00,2015-08-21 10:07:00,12403,M,,,,,,,,,,,,,,,,,,,,
647,2015-08-21 19:10:00,2015-08-21 20:34:00,2015-08-21 20:50:00,12403,M,,,,,,,,,,,,,,,,,,,,
648,2015-08-22 06:39:00,2015-08-22 06:49:00,2015-08-22 06:59:00,12403,M,,,,,,,,,,,,,,,,,,,,
649,2015-08-22 21:19:00,2015-08-22 21:24:00,2015-08-22 21:28:00,12403,M,,,,,,,,,,,,,,,,,,,,
650,2015-08-24 07:26:00,2015-08-24 07:33:00,2015-08-24 07:35:00,12403,M,,,,,,,,,,,,,,,,,,,,
651,2015-08-24 17:40:00,2015-08-24 17:46:00,2015-08-24 17:49:00,12403,M,,,,,,,,,,,,,,,,,,,,
652,2015-08-27 04:48:00,2015-08-27 05:44:00,2015-08-27 06:03:00,12403,M,,,,,,,,,,,,,,,,,,,,
653,2015-08-28 13:04:00,2015-08-28 13:16:00,2015-08-28 13:23:00,12403,M,,,,,,,,,,,,,,,,,,,,
654,2015-08-28 18:56:00,2015-08-28 19:03:00,2015-08-28 19:06:00,12403,M,,,,,,,,,,,,,,,,,,,,
655,2015-08-30 02:01:00,2015-08-30 03:30:00,2015-08-30 04:23:00,12403,M,,,,,,,,,,,,,,,,,,,,
656,2015-09-17 09:34:00,2015-09-17 09:40:00,2015-09-17 09:45:00,12415,M,,,,,,,,,,,,,,,,,,,,
657,2015-09-20 04:55:00,2015-09-20 05:03:00,2015-09-20 05:17:00,12420,M,,,,,,,,,,,,,,,,,,,,
658,2015-09-20 17:32:00,2015-09-20 18:03:00,2015-09-20 18:29:00,12415,M,,,,,,,,,,,,,,,,,,,,
659,2015-09-27 10:20:00,2015-09-27 10:40:00,2015-09-27 10:46:00,12422,M,,,,,,,,,,,,,,,,,,,,
660,2015-09-27 20:54:00,2015-09-27 21:00:00,2015-09-27 21:15:00,12422,M,,,,,,,,,,,,,,,,,,,,
661,2015-09-28 03:45:00,2015-09-28 03:55:00,2015-09-28 03:59:00,12423,M,,,,,,,,,,,,,,,,,,,,
662,2015-09-28 07:27:00,2015-09-28 07:35:00,2015-09-28 07:46:00,12422,M,,,,,,,,,,,,,,,,,,,,
663,2015-09-28 13:01:00,2015-09-28 13:18:00,2015-09-28 13:29:00,12422,M,,,,,,,,,,,,,,,,,,,,
664,2015-09-28 14:53:00,2015-09-28 14:58:00,2015-09-28 15:03:00,12422,M,,,,,,,,,,,,,,,,,,,,
665,2015-09-29 03:11:00,2015-09-29 03:16:00,2015-09-29 03:31:00,12423,M,,,,,,,,,,,,,,,,,,,,
666,2015-09-29 03:41:00,2015-09-29 03:43:00,2015-09-29 03:53:00,12422,M,,,,,,,,,,,,,,,,,,,,
667,2015-09-29 05:05:00,2015-09-29 05:16:00,2015-09-29 05:23:00,12422,M,,,,,,,,,,,,,,,,,,,,
668,2015-09-29 05:33:00,2015-09-29 05:37:00,2015-09-29 05:39:00,12423,M,,,,,,,,,,,,,,,,,,,,
669,2015-09-29 05:53:00,2015-09-29 05:56:00,2015-09-29 06:04:00,12422,M,,,,,,,,,,,,,,,,,,,,
670,2015-09-29 06:39:00,2015-09-29 06:43:00,2015-09-29 06:46:00,12422,M,,,,,,,,,,,,,,,,,,,,
671,2015-09-29 08:46:00,2015-09-29 08:51:00,2015-09-29 08:55:00,12423,M,,,,,,,,,,,,,,,,,,,,
672,2015-09-29 11:09:00,2015-09-29 11:15:00,2015-09-29 11:20:00,12422,M,,,,,,,,,,,,,,,,,,,,
673,2015-09-29 19:20:00,2015-09-29 19:24:00,2015-09-29 19:27:00,12422,M,,,,,,,,,,,,,,,,,,,,
674,2015-09-30 10:49:00,2015-09-30 10:59:00,2015-09-30 11:13:00,12422,M,,,,,,,,,,,,,,,,,,,,
675,2015-09-30 13:18:00,2015-09-30 13:20:00,2015-09-30 13:21:00,12422,M,,,,,,,,,,,,,,,,,,,,
676,2015-10-01 13:03:00,2015-10-01 13:10:00,2015-10-01 13:14:00,12422,M,,,,,,,,,,,,,,,,,,,,
677,2015-10-02 00:06:00,2015-10-02 00:13:00,2015-10-02 00:17:00,12422,M,,,,,,,,,,,,,,,,,,,,
678,2015-10-02 12:19:00,2015-10-02 12:26:00,2015-10-02 12:31:00,12422,M,,,,,,,,,,,,,,,,,,,,
679,2015-10-02 17:08:00,2015-10-02 17:18:00,2015-10-02 17:23:00,12422,M,,,,,,,,,,,,,,,,,,,,
680,2015-10-04 02:34:00,2015-10-04 02:41:00,2015-10-04 02:48:00,12422,M,,,,,,,,,,,,,,,,,,,,
681,2015-10-15 23:27:00,2015-10-15 23:31:00,2015-10-15 23:37:00,12434,M,,,,,,,,,,,,,,,,,,,,
682,2015-10-16 06:11:00,2015-10-16 06:16:00,2015-10-16 06:20:00,12434,M,,,,,,,,,,,,,,,,,,,,
683,2015-10-17 20:09:00,2015-10-17 20:23:00,2015-10-17 20:28:00,12437,M,,,,,,,,,,,,,,,,,,,,
684,2015-10-17 20:35:00,2015-10-17 20:42:00,2015-10-17 20:46:00,12437,M,,,,,,,,,,,,,,,,,,,,
685,2015-10-31 17:48:00,2015-10-31 17:52:00,2015-10-31 17:55:00,12443,M,,,,,,,,,,,,,,,,,,,,
686,2015-11-04 03:20:00,2015-11-04 03:26:00,2015-11-04 03:29:00,12445,M,,,,,,,,,,,,,,,,,,,,
687,2015-11-04 11:55:00,2015-11-04 12:03:00,2015-11-04 12:06:00,12445,M,,,,,,,,,,,,,,,,,,,,
688,2015-11-04 13:31:00,2015-11-04 13:52:00,2015-11-04 14:13:00,12443,M,,,,,,,,,,,,,,,,,,,,
689,2015-11-09 12:49:00,2015-11-09 13:12:00,2015-11-09 13:28:00,12449,M,,,,,,,,,,,,,,,,,,,,
690,2015-12-21 00:52:00,2015-12-21 01:03:00,2015-12-21 01:11:00,12472,M,,,,,,,,,,,,,,,,,,,,
691,2015-12-21 10:09:00,2015-12-21 10:19:00,2015-12-21 10:32:00,12472,M,,,,,,,,,,,,,,,,,,,,
692,2015-12-22 03:15:00,2015-12-22 03:34:00,2015-12-22 03:48:00,12473,M,,,,,,,,,,,,,,,,,,,,
693,2015-12-23 00:23:00,2015-12-23 00:40:00,2015-12-23 00:52:00,12473,M,,,,,,,,,,,,,,,,,,,,
694,2015-12-24 01:49:00,2015-12-24 02:12:00,2015-12-24 02:22:00,12473,M,,,,,,,,,,,,,,,,,,,,
695,2015-12-28 11:20:00,2015-12-28 12:45:00,2015-12-28 14:09:00,12473,M,,,,,,,,,,,,,,,,,,,,
696,2016-01-01 23:10:00,2016-01-02 00:11:00,2016-01-02 01:01:00,12473,M,,,,,,,,,,,,,,,,,,,,
697,2016-02-12 10:36:00,2016-02-12 10:47:00,2016-02-12 10:53:00,12497,M,,,,,,,,,,,,,,,,,,,,
698,2016-02-13 15:16:00,2016-02-13 15:24:00,2016-02-13 15:26:00,12497,M,,,,,,,,,,,,,,,,,,,,
699,2016-02-14 19:18:00,2016-02-14 19:26:00,2016-02-14 19:29:00,12497,M,,,,,,,,,,,,,,,,,,,,
700,2016-02-15 10:41:00,2016-02-15 11:00:00,2016-02-15 11:06:00,12497,M,,,,,,,,,,,,,,,,,,,,
701,2016-04-18 00:14:00,2016-04-18 00:29:00,2016-04-18 00:39:00,12529,M,,,,,,,,,,,,,,,,,,,,
702,2016-07-21 00:42:00,2016-07-21 00:46:00,2016-07-21 00:50:00,12567,M,,,,,,,,,,,,,,,,,,,,
703,2016-07-21 01:34:00,2016-07-21 01:49:00,2016-07-21 02:04:00,12567,M,,,,,,,,,,,,,,,,,,,,
704,2016-07-23 01:46:00,2016-07-23 02:11:00,2016-07-23 02:23:00,12567,M,,,,,,,,,,,,,,,,,,,,
705,2016-07-23 05:00:00,2016-07-23 05:16:00,2016-07-23 05:24:00,12567,M,,,,,,,,,,,,,,,,,,,,
706,2016-07-23 05:27:00,2016-07-23 05:31:00,2016-07-23 05:33:00,12567,M,,,,,,,,,,,,,,,,,,,,
707,2016-07-24 06:09:00,2016-07-24 06:20:00,2016-07-24 06:32:00,12567,M,,,,,,,,,,,,,,,,,,,,
708,2016-07-24 17:30:00,2016-07-24 17:43:00,2016-07-24 18:12:00,12567,M,,,,,,,,,,,,,,,,,,,,
709,2016-11-29 17:19:00,2016-11-29 17:23:00,2016-11-29 17:26:00,12615,M,,,,,,,,,,,,,,,,,,,,
710,2016-11-29 23:29:00,2016-11-29 23:38:00,2016-11-29 23:40:00,12615,M,,,,,,,,,,,,,,,,,,,,
711,2017-04-01 21:35:00,2017-04-01 21:48:00,2017-04-01 22:05:00,12644,M,,,,,,,,,,,,,,,,,,,,
712,2017-04-02 07:50:00,2017-04-02 08:02:00,2017-04-02 08:13:00,12644,M,,,,,,,,,,,,,,,,,,,,
713,2017-04-02 12:52:00,2017-04-02 13:00:00,2017-04-02 13:11:00,12644,M,,,,,,,,,,,,,,,,,,,,
714,2017-04-02 18:18:00,2017-04-02 18:38:00,2017-04-02 19:28:00,12644,M,,,,,,,,,,,,,,,,,,,,
715,2017-04-02 20:26:00,2017-04-02 20:33:00,2017-04-02 20:38:00,12644,M,,,,,,,,,,,,,,,,,,,,
716,2017-04-03 00:56:00,2017-04-03 01:05:00,2017-04-03 01:12:00,12644,M,,,,,,,,,,,,,,,,,,,,
717,2017-04-03 14:19:00,2017-04-03 14:29:00,2017-04-03 14:34:00,12644,M,,,,,,,,,,,,,,,,,,,,
718,2017-07-09 03:09:00,2017-07-09 03:18:00,2017-07-09 03:37:00,12665,M,,,,,,,,,,,,,,,,,,,,
719,2017-07-14 01:07:00,2017-07-14 02:09:00,2017-07-14 03:24:00,12665,M,,,,,,,,,,,,,,,,,,,,
720,2017-08-20 01:36:00,2017-08-20 01:52:00,2017-08-20 02:03:00,12672,M,,,,,,,,,,,,,,,,,,,,
721,2017-09-04 05:36:00,2017-09-04 05:49:00,2017-09-04 06:05:00,12673,M,,,,,,,,,,,,,,,,,,,,
722,2017-09-04 15:11:00,2017-09-04 15:30:00,2017-09-04 15:33:00,12673,M,,,,,,,,,,,,,,,,,,,,
723,2017-09-04 18:05:00,2017-09-04 18:22:00,2017-09-04 18:31:00,12673,M,,,,,,,,,,,,,,,,,,,,
724,2017-09-04 18:46:00,2017-09-04 19:37:00,2017-09-04 19:52:00,12673,M,,,,,,,,,,,,,,,,,,,,
725,2017-09-04 19:59:00,2017-09-04 20:02:00,2017-09-04 20:06:00,12673,M,,,,,,,,,,,,,,,,,,,,
726,2017-09-04 20:28:00,2017-09-04 20:33:00,2017-09-04 20:37:00,12673,M,,,,,,,,,,,,,,,,,,,,
727,2017-09-04 22:10:00,2017-09-04 22:14:00,2017-09-04 22:19:00,12673,M,,,,,,,,,,,,,,,,,,,,
728,2017-09-05 01:03:00,2017-09-05 01:08:00,2017-09-05 01:11:00,12673,M,,,,,,,,,,,,,,,,,,,,
729,2017-09-05 03:42:00,2017-09-05 03:51:00,2017-09-05 04:04:00,12673,M,,,,,,,,,,,,,,,,,,,,
730,2017-09-05 04:33:00,2017-09-05 04:53:00,2017-09-05 05:07:00,12673,M,,,,,,,,,,,,,,,,,,,,
731,2017-09-05 06:33:00,2017-09-05 06:40:00,2017-09-05 06:43:00,12673,M,,,,,,,,,,,,,,,,,,,,
732,2017-09-05 17:37:00,2017-09-05 17:43:00,2017-09-05 17:51:00,12673,M,,,,,,,,,,,,,,,,,,,,
733,2017-09-06 08:57:00,2017-09-06 09:10:00,2017-09-06 09:17:00,12673,X,,,,,,,,,,,,,,,,,,,,
734,2017-09-06 11:53:00,2017-09-06 12:02:00,2017-09-06 12:10:00,12673,X,,,,,,,,,,,,,,,,,,,,
735,2017-09-06 15:51:00,2017-09-06 15:56:00,2017-09-06 16:03:00,12673,M,,,,,,,,,,,,,,,,,,,,
736,2017-09-06 19:21:00,2017-09-06 19:30:00,2017-09-06 19:35:00,12673,M,,,,,,,,,,,,,,,,,,,,
737,2017-09-07 04:59:00,2017-09-07 05:02:00,2017-09-07 05:08:00,12673,M,,,,,,,,,,,,,,,,,,,,
738,2017-09-07 09:49:00,2017-09-07 09:54:00,2017-09-07 09:58:00,12673,M,,,,,,,,,,,,,,,,,,,,
739,2017-09-07 10:11:00,2017-09-07 10:15:00,2017-09-07 10:18:00,12673,M,,,,,,,,,,,,,,,,,,,,
740,2017-09-07 14:20:00,2017-09-07 14:36:00,2017-09-07 14:55:00,12673,X,,,,,,,,,,,,,,,,,,,,
741,2017-09-07 23:50:00,2017-09-07 23:59:00,2017-09-08 00:14:00,12673,M,,,,,,,,,,,,,,,,,,,,
742,2017-09-08 02:19:00,2017-09-08 02:24:00,2017-09-08 02:29:00,12673,M,,,,,,,,,,,,,,,,,,,,
743,2017-09-08 03:39:00,2017-09-08 03:43:00,2017-09-08 03:45:00,12673,M,,,,,,,,,,,,,,,,,,,,
744,2017-09-08 07:40:00,2017-09-08 07:49:00,2017-09-08 07:58:00,12673,M,,,,,,,,,,,,,,,,,,,,
745,2017-09-08 15:09:00,2017-09-08 15:47:00,2017-09-08 16:04:00,12673,M,,,,,,,,,,,,,,,,,,,,
746,2017-09-08 23:33:00,2017-09-08 23:45:00,2017-09-08 23:56:00,12673,M,,,,,,,,,,,,,,,,,,,,
747,2017-09-09 04:14:00,2017-09-09 04:28:00,2017-09-09 04:43:00,12673,M,,,,,,,,,,,,,,,,,,,,
748,2017-09-09 10:50:00,2017-09-09 11:04:00,2017-09-09 11:42:00,12673,M,,,,,,,,,,,,,,,,,,,,
749,2017-09-09 22:04:00,2017-09-09 23:53:00,2017-09-10 00:41:00,12673,M,,,,,,,,,,,,,,,,,,,,
750,2017-09-10 15:35:00,2017-09-10 16:06:00,2017-09-10 16:31:00,12673,X,,,,,,,,,,,,,,,,,,,,
751,2017-10-20 23:10:00,2017-10-20 23:28:00,2017-10-20 23:37:00,12685,M,,,,,,,,,,,,,,,,,,,,
752,2021-04-19 23:19:00,2021-04-19 23:42:00,2021-04-19 23:59:00,12816,M,,,,,,,,,,,,,,,,,,,,
753,2021-05-07 18:43:00,2021-05-07 19:04:00,2021-05-07 19:19:00,12822,M,,,,,,,,,,,,,,,,,,,,
754,2021-05-22 17:03:00,2021-05-22 17:11:00,2021-05-22 17:16:00,12824,M,,,,,,,,,,,,,,,,,,,,
755,2021-05-22 21:30:00,2021-05-22 21:36:00,2021-05-22 21:43:00,12824,M,,,,,,,,,,,,,,,,,,,,
756,2021-05-23 11:00:00,2021-05-23 11:08:00,2021-05-23 11:14:00,12824,M,,,,,,,,,,,,,,,,,,,,
757,2021-07-03 07:04:00,2021-07-03 07:17:00,2021-07-03 07:22:00,12838,M,,,,,,,,,,,,,,,,,,,,
758,2021-07-03 14:18:00,2021-07-03 14:29:00,2021-07-03 14:34:00,12838,X,,,,,,,,,,,,,,,,,,,,
759,2021-07-03 16:59:00,2021-07-03 17:03:00,2021-07-03 17:14:00,12838,M,,,,,,,,,,,,,,,,,,,,
760,2021-07-04 05:01:00,2021-07-04 05:09:00,2021-07-04 05:15:00,12838,M,,,,,,,,,,,,,,,,,,,,
761,2021-08-28 05:39:00,2021-08-28 06:11:00,2021-08-28 06:23:00,12860,M,,,,,,,,,,,,,,,,,,,,
762,2021-09-23 04:35:00,2021-09-23 04:42:00,2021-09-23 04:50:00,12871,M,,,,,,,,,,,,,,,,,,,,
763,2021-10-09 06:19:00,2021-10-09 06:38:00,2021-10-09 06:53:00,12882,M,,,,,,,,,,,,,,,,,,,,
764,2021-10-28 15:17:00,2021-10-28 15:35:00,2021-10-28 15:48:00,12887,X,,,,,,,,,,,,,,,,,,,,
765,2021-10-29 02:22:00,2021-10-29 02:42:00,2021-10-29 02:53:00,12891,M,,,,,,,,,,,,,,,,,,,,
