T_REC,NOAA_AR,USFLUX,MEANPOT,EPSZ,TOTBSQ,TOTFZ,TOTABSTWIST
2010.05.04_17:24:00.000_TAI,11069,5.987544e+21,5501.1,-0.3687019193424324,5229536593.483387,-1018.8525657968606,1216.566630362739
2013.10.14_03:00:00.000_TAI,11865,1.628014e+22,6627.5,-0.3066304182256304,14440870563.459549,-2339.814305641651,2342.365915077236
2010.10.15_19:12:00.000_TAI,11112,1.104408e+22,2971.2,-0.454163945411238,7179321730.79921,-1722.9345667881744,2389.672058940356
2011.02.08_01:36:00.000_TAI,11153,1.017101e+22,3373.1,-0.54861213040489,7219961412.515813,-2093.0180313980604,1178.7999591721389
2011.02.12_17:36:00.000_TAI,11158,5.466512e+21,5202.9,-0.28255439118425,5323465639.08771,-794.8207127950978,984.1588183661648
2011.02.13_17:24:00.000_TAI,11158,1.879846e+22,14078.0,-0.0314953514029192,27527128903.24016,-458.12078302699854,3577.874110498901
2011.02.14_01:48:00.000_TAI,11158,2.234685e+22,15349.0,-0.0609103266506883,33741086346.97802,-1085.9820348469316,3826.89829817622
2011.02.15_07:48:00.000_TAI,11161,1.171459e+22,3735.9,-0.5181944068678865,9015392531.740808,-2468.59567199102,1901.3384824767968
2016.02.12_11:36:00.000_TAI,12497,2.605934e+22,5761.0,-0.0397890587348193,37892726256.88918,-796.6953183841432,4428.5126077627065
2015.01.25_06:12:00.000_TAI,12268,3.14651e+22,10706.0,-0.2303579866741237,37724957271.72985,-4592.030039495076,5002.580592258692
2011.02.08_10:36:00.000_TAI,11153,1.489751e+22,5590.5,-0.2101540960431289,17050543017.378609,-1893.427791922378,2518.405166284095
2011.02.17_13:00:00.000_TAI,11158,3.25141e+22,10909.0,-0.2287156458225893,38739559478.547134,-4681.911947032849,5103.712497092652
2011.02.17_14:12:00.000_TAI,11162,1.408307e+22,9608.0,-0.1983586270788618,16463349029.659103,-1725.6070234527267,2486.3022397528616
2011.02.17_21:00:00.000_TAI,11162,1.516475e+22,8282.0,-0.2196250019339963,17128337780.68236,-1987.7861313397093,2562.594170430419
2011.02.27_12:48:00.000_TAI,11164,2.449318e+22,5376.1,-0.4322801897781458,18631190128.917816,-4255.774757854888,3602.455884036854
2011.03.06_05:12:00.000_TAI,11164,5.405605e+22,11872.0,-0.2069168797023859,64408721903.71484,-7042.279768949809,8699.150947065571
2011.03.06_08:00:00.000_TAI,11165,2.942691e+22,5381.1,-0.444187994721952,25202455656.06721,-5915.375595873779,4215.227279892364
2014.07.31_07:00:00.000_TAI,12130,5.712703e+22,6289.6,-0.2099883276140116,65019425622.8269,-7214.57952528752,8824.855135635786
2014.12.14_16:24:00.000_TAI,12242,5.421441e+22,5357.6,-0.1988388645027536,64023561614.35407,-6726.880581015983,8355.941561317488
2012.05.07_09:48:00.000_TAI,11476,6.035676e+22,11418.0,-0.2632894439625664,64400741378.27957,-8959.773814594962,8581.354267421399
2011.03.06_21:48:00.000_TAI,11165,4.383901e+22,6491.2,-0.4123671227548672,39297156339.9206,-8562.842181507018,5684.454202608051
2011.03.07_02:24:00.000_TAI,11165,4.623613e+22,7481.2,-0.3843613573867358,43329191761.959946,-8800.209559217561,5748.148331329677
2011.03.08_23:12:00.000_TAI,11166,3.071002e+22,15412.0,-0.0546348284423162,45491552594.58197,-1313.327493524958,5103.55852017859
2011.03.11_04:48:00.000_TAI,11166,3.872077e+22,14345.0,-0.1067800245543301,52872396115.95589,-2983.264110611061,6019.909779529228
2013.10.21_04:36:00.000_TAI,11875,2.288074e+22,5831.6,-0.2701735137080562,23529897104.33033,-3359.1976296465755,3677.4397613119295
2015.08.19_14:48:00.000_TAI,12403,2.383095e+22,4989.9,-0.3332211620544619,23064776130.37961,-4061.2011966983055,3807.4942546977727
2011.03.24_23:24:00.000_TAI,11176,5.419468e+22,6282.9,-0.3426350883960802,48395467327.99325,-8762.12120113241,7473.084131602039
2011.04.14_17:12:00.000_TAI,11190,2.458537e+22,7896.7,-0.2179877980563308,25667546759.75276,-2956.577178216417,5247.2901399080765
2011.04.21_04:48:00.000_TAI,11195,4.731241e+22,3863.0,-0.5168982946322996,34123508611.27331,-9320.335983712412,6642.837547758863
2011.04.21_15:48:00.000_TAI,11195,5.190915e+22,3320.4,-0.5060616183812865,35569116010.10174,-9511.504228071532,7442.991513577383
2014.02.24_13:48:00.000_TAI,11990,2.38494e+22,6909.0,-0.4558865059368672,16334165387.872189,-3934.834978591404,4021.683731244969
2011.07.26_16:00:00.000_TAI,11260,1.48331e+22,5375.5,-0.4271314797233473,12329043274.387497,-2782.683797774805,2673.170516129158
2011.07.29_02:12:00.000_TAI,11261,2.433346e+22,7750.7,-0.288350706887546,23821150410.70581,-3629.581528053551,3647.566077559648
2011.08.01_06:24:00.000_TAI,11261,2.320127e+22,12170.0,-0.0477640672611647,30248562887.57112,-763.4469578645561,5008.848419270242
2011.08.02_03:36:00.000_TAI,11261,2.037682e+22,13596.0,-0.0313434251396348,27774036410.81612,-460.000509015127,4026.595818770285
2014.12.19_22:00:00.000_TAI,12241,2.862224e+22,16653.0,-0.0323837195318815,51807274793.67288,-886.5237180768178,3878.369126414296
2013.10.12_07:36:00.000_TAI,11865,1.989983e+22,7755.5,-0.0598191891681746,25531531904.11063,-807.0310628119998,3979.908633526136
2011.08.03_03:48:00.000_TAI,11261,2.236081e+22,12052.0,-0.096059911167252,27764659529.97798,-1409.312643458435,4414.785641455149
2011.08.07_18:12:00.000_TAI,11263,3.644354e+22,12023.0,-0.176643324941946,44393052964.99416,-4143.669640303072,4906.310625317463
2011.08.08_03:48:00.000_TAI,11263,3.814994e+22,10685.0,-0.2410205429197061,43365415255.21529,-5522.941060285869,4740.769940067825
2015.08.21_17:24:00.000_TAI,12403,3.797758e+22,10035.0,-0.2437968217313735,41477582308.92304,-5343.358386140757,4303.69624301685
2011.09.03_11:48:00.000_TAI,11286,1.849446e+22,4459.1,-0.4085277511122856,14332397554.624607,-3093.949008172196,2787.4039155086944
2011.09.04_04:24:00.000_TAI,11286,1.880212e+22,4593.8,-0.4569868649370628,14590409810.166548,-3523.2542623818927,2782.992216079805
2011.09.04_08:00:00.000_TAI,11286,1.971008e+22,4212.7,-0.464785223015208,14573441920.764038,-3579.209938305948,2815.784970037568
2014.01.04_07:36:00.000_TAI,11936,2.056403e+22,1767.1,-0.1603268292310589,21503639779.59408,-1821.7590656738007,3874.120947813439
2014.02.10_12:12:00.000_TAI,11974,1.758787e+22,8618.3,-0.1159410444716139,19439373488.09289,-1190.9464991039115,3336.5411871269207
2011.09.06_22:36:00.000_TAI,11283,1.574615e+22,10300.0,-0.1298513293652801,17860217009.770603,-1225.4790719708988,2942.494792112735
2011.09.07_15:48:00.000_TAI,11283,1.638136e+22,8475.4,-0.1603130894333833,16336432838.183607,-1383.881687575909,3285.3671269223632
2011.09.08_06:12:00.000_TAI,11283,1.984028e+22,7588.8,-0.2307318506751784,18869502572.419533,-2300.5986630525,3667.073705127292
2013.10.27_04:12:00.000_TAI,11882,2.004227e+22,13234.0,-0.2504126386091307,18365383652.83229,-2430.127797079545,3724.3665621654873
2011.09.09_07:36:00.000_TAI,11283,2.789386e+22,6554.2,-0.3388423579512642,24263022221.163376,-4344.255168478348,4824.558094890071
2011.09.20_12:24:00.000_TAI,11301,4.084702e+22,3215.7,-0.5424516758469194,26932819237.849564,-7719.971056278241,4904.257753696434
2011.09.22_02:00:00.000_TAI,11295,5.303203e+22,5521.9,-0.3691291769174105,43929150468.91462,-8568.484842003689,8581.414666633196
2011.09.22_22:12:00.000_TAI,11295,6.004445e+22,5601.8,-0.4177319884260934,48747052515.575584,-10760.161700878769,8283.242253590637
2011.09.23_09:36:00.000_TAI,11302,6.115072e+22,13578.0,-0.1858562942518982,77360783583.10828,-7597.502878583216,7046.944296137299
2011.09.23_13:12:00.000_TAI,11302,6.133609e+22,14317.0,-0.206602187194616,78211355819.69627,-8538.419656516638,7158.588506674743
2011.09.23_17:00:00.000_TAI,11295,6.692948e+22,7156.2,-0.3778392469072007,58569800374.78023,-11693.74597570903,7849.050050178725
2011.09.23_17:24:00.000_TAI,11302,6.188453e+22,15260.0,-0.1997025365787114,81900636628.3265,-8642.584781637783,7762.1090793552
2011.09.23_18:12:00.000_TAI,11302,6.336746e+22,14432.0,-0.198644013557081,82911089283.45328,-8702.838699436132,8227.44049121367
2014.06.10_11:24:00.000_TAI,12080,6.141792e+22,12106.0,-0.1598369601669474,84707736218.03972,-7154.397688088148,7529.501921708532
2011.09.23_20:36:00.000_TAI,11302,6.120718e+22,16434.0,-0.1969437986327254,85205041799.16994,-8867.072426543185,7667.964159926211
2011.09.24_02:36:00.000_TAI,11302,6.211403e+22,17684.0,-0.1407727030387023,90619121450.6807,-6740.792989296327,7812.918958260803
2011.09.24_04:48:00.000_TAI,11302,5.833914e+22,19251.0,-0.1151085428795228,87602577668.72116,-5328.404906700112,7801.72418275831
2011.09.24_08:48:00.000_TAI,11302,5.496934e+22,19149.0,-0.0931932835475033,82086600212.42987,-4042.309750192947,8102.093037515268
2011.09.24_09:36:00.000_TAI,11303,3.815461e+21,2691.3,-0.5538433674962292,2773803811.254012,-811.7746267211337,510.6064743819624
2011.09.24_15:36:00.000_TAI,11302,5.29862e+22,19711.0,-0.054743173990419,81095173309.30998,-2345.8361580869487,7692.584057545852
2011.09.24_17:00:00.000_TAI,11303,7.610288e+21,5231.9,-0.4589203409711508,6775402667.585993,-1643.029058902854,964.3511933560176
2012.05.10_04:12:00.000_TAI,11476,5.194643e+22,17318.0,-0.0951326474177469,85737039434.88794,-4309.9365940216685,7167.538022407657
2011.09.25_14:48:00.000_TAI,11302,4.722961e+22,20369.0,-0.0463391701049065,76444445448.75282,-1871.832656188796,6949.439192880786
2011.09.27_13:24:00.000_TAI,11302,3.758251e+22,20598.0,0.0112315436411437,65778751096.93887,390.3891811855244,5253.547472352417
2011.09.29_19:12:00.000_TAI,11305,8.963202e+21,13906.0,-0.078928611620452,13612111124.982763,-567.7180361441405,1475.663273368948
2011.09.30_10:00:00.000_TAI,11305,7.995265e+21,16653.0,-0.0289536166440679,13661567017.519505,-209.0143621867828,1173.4355210296494
2011.10.01_00:48:00.000_TAI,11305,9.600959e+21,16824.0,-0.0363744325652829,16971639287.63255,-326.20658233319176,1385.0997384682746
2011.10.01_17:24:00.000_TAI,11302,3.705024e+22,12921.0,-0.1938319895013013,48013463045.94447,-4917.691387571108,5301.594537048008
2011.10.20_13:00:00.000_TAI,11314,7.034761e+22,5866.0,-0.3713887294394251,59122598717.79928,-11602.589261117071,8088.778598662468
2011.10.21_11:12:00.000_TAI,11314,6.312541e+22,6532.2,-0.3503734531788321,54623129806.73784,-10113.010342287516,5936.627511272275
2011.11.04_05:48:00.000_TAI,11339,8.218218e+22,12001.0,-0.2030506792288216,100038271194.41573,-10733.548149904169,9800.115740354451
2011.11.04_03:36:00.000_TAI,11339,8.085321e+22,13113.0,-0.2085840993047252,98202670664.22765,-10823.735521773157,9860.456858576315
2011.11.04_11:24:00.000_TAI,11339,7.822827e+22,12052.0,-0.1965420104064204,90997201591.67244,-9450.529834211273,10017.789773419454
2011.11.04_20:36:00.000_TAI,11339,8.035227e+22,12783.0,-0.1999926236435187,96990082995.74892,-10249.766682510695,11054.360916367708
2014.01.02_03:24:00.000_TAI,11944,8.230209e+22,11689.0,-0.1933671823271484,98452778659.70476,-10059.663572760022,10684.762107140625
2011.11.05_06:36:00.000_TAI,11339,7.630486e+22,11998.0,-0.165300668342135,91463020135.48572,-7989.007648111978,10637.98947791457
2011.11.08_13:36:00.000_TAI,11342,3.637898e+22,6113.1,-0.3371578883973216,31375085672.0115,-5589.731544597133,6091.084003317824
2013.01.12_20:00:00.000_TAI,11652,2.232744e+22,4619.3,-0.474107698156029,16224876080.507812,-4064.723967373121,3333.8770910382677
2011.12.25_02:24:00.000_TAI,11387,3.206849e+21,3678.6,-0.3883841924276367,2618814379.474797,-537.4510321413493,684.2092179786184
2011.12.25_20:36:00.000_TAI,11387,8.63994e+21,9860.3,-0.1595928298945634,10155385013.471811,-856.4112342706172,2007.52436654484
2011.12.29_03:12:00.000_TAI,11389,6.501233e+22,5941.9,-0.4109551378851519,53208239733.14445,-11554.35965002011,7949.583385019607
2013.11.18_17:12:00.000_TAI,11893,5.844351e+22,7450.8,-0.3583915065033002,51415895342.75079,-9737.055489192762,9165.229496550131
2011.12.30_16:24:00.000_TAI,11389,6.036511e+22,6007.0,-0.3501103568385689,52032741948.22477,-9626.187562497766,8927.949829614705
2014.01.28_22:24:00.000_TAI,11967,8.615274e+22,15919.0,-0.2704008878557514,84566746739.12685,-12083.15381650792,11380.031334258849
2011.03.06_21:24:00.000_TAI,11164,5.995961e+22,9939.2,-0.2723791174242197,61124106076.1294,-8797.49348731212,10604.53248398174
2012.02.05_20:00:00.000_TAI,11410,2.741331e+22,5158.3,-0.4104502479438568,21738781055.490314,-4714.8545881276505,3789.080910736656
2012.03.04_04:00:00.000_TAI,11429,3.77381e+22,14848.0,-0.22678635194743,48525213397.60417,-5815.097960970187,3381.868812016284
2012.03.04_19:12:00.000_TAI,11429,4.341028e+22,13193.0,-0.2614381553622998,53298334829.011536,-7363.008329356898,5012.008065147217
2013.03.21_09:36:00.000_TAI,11692,4.308002e+22,6472.3,-0.2600418442441644,53203876254.33557,-7310.7035660030515,5108.6008563328505
2011.04.21_05:12:00.000_TAI,11195,4.617027e+22,3923.2,-0.2228646250099671,58700719348.6627,-6912.853143074532,5311.661272508673
2016.07.21_19:48:00.000_TAI,12567,4.733254e+22,9937.0,-0.2302487173546112,60993405614.41195,-7420.834567806227,5753.737283227294
2012.03.05_01:48:00.000_TAI,11429,4.819927e+22,14541.0,-0.2248436152842564,62832780034.28,-7465.167822786213,5890.297168198033
2012.03.05_04:00:00.000_TAI,11430,4.894667e+22,14435.0,-0.2107159921160361,64008236081.83067,-7126.987779393269,6292.116724735876
2012.05.15_22:24:00.000_TAI,11476,4.879771e+22,6055.3,-0.1981076417586844,65250269350.73714,-6830.558421242996,6146.196117082251
2012.03.05_12:36:00.000_TAI,11430,4.770395e+22,16121.0,-0.1882548001234678,64915384890.39932,-6457.528847083494,5894.944218105426
2012.03.05_22:48:00.000_TAI,11429,5.34372e+22,17438.0,-0.1470944195222318,76183501128.23227,-5921.473561550802,7025.723421344354
2012.03.06_00:24:00.000_TAI,11429,5.332782e+22,18207.0,-0.1328987806723093,77811407539.56111,-5464.330717865316,7108.240169487399
2012.03.06_17:00:00.000_TAI,11429,5.372936e+22,15124.0,-0.1378813279413481,78332584123.1996,-5707.167357127043,7257.535023502563
2012.03.08_03:48:00.000_TAI,11429,5.639983e+22,16383.0,-0.0840549264467003,79239904772.8143,-3519.4912059433755,8680.55361953212
2012.03.09_17:48:00.000_TAI,11429,4.881572e+22,13537.0,-0.1391331898430085,62864228569.47228,-4621.756696856045,7886.166224525416
2012.03.12_17:36:00.000_TAI,11429,5.76152e+22,8246.2,-0.2935854288728765,56286830452.664055,-8732.004705384228,7050.102707214342
2012.03.13_15:24:00.000_TAI,11432,1.058218e+22,3338.0,-0.4276743470090788,7585205530.11388,-1714.1676015599655,2488.856822153519
2012.03.14_08:12:00.000_TAI,11432,8.832354e+21,3501.7,-0.3792635865370246,6219533916.395692,-1246.4408383204643,1721.1718318470623
2012.03.16_20:36:00.000_TAI,11434,2.767229e+21,4796.4,-0.3497861779512913,2449003545.013405,-452.6523780095789,494.1466578263117
2012.04.26_08:24:00.000_TAI,11466,1.048427e+22,8158.0,-0.2301242771619505,11880002227.38783,-1444.6136759546075,1637.2586571862823
2012.05.06_14:36:00.000_TAI,11471,1.953963e+22,8061.1,-0.2703303139972662,20384987353.240368,-2911.910349177173,3162.100860979433
2013.11.19_05:48:00.000_TAI,11893,5.838539e+22,7050.1,-0.2308910746647613,67084068179.00472,-8184.634593802562,7851.027171394391
2016.04.17_23:24:00.000_TAI,12529,5.335726e+22,10905.0,-0.1396318403697127,67603099635.70239,-4987.969634038597,8164.462413182588
2015.04.12_07:12:00.000_TAI,12321,5.496303e+22,7697.3,-0.1347793971692878,68924040803.72952,-4908.705168866747,8497.554477188483
2014.07.31_13:48:00.000_TAI,12127,5.763523e+22,6186.1,-0.1219863407944595,75836635480.356,-4888.358390697125,8519.381892958676
2011.03.06_12:00:00.000_TAI,11164,5.651745e+22,10721.0,-0.1112382444235433,79283732162.86856,-4660.269563053449,9105.74082105124
2012.05.09_20:24:00.000_TAI,11476,5.340647e+22,16973.0,-0.0688640889748791,79367792494.96512,-2888.084715704729,9165.537384258763
2012.05.16_01:48:00.000_TAI,11476,4.828057e+22,6038.8,-0.3653397982619665,40911809387.17836,-7898.02350563333,5322.3252170612295
2012.06.02_18:00:00.000_TAI,11496,6.399036e+22,3363.3,-0.5127815857792828,43464422603.43103,-11777.12049891243,8321.888015409333
2012.06.05_20:12:00.000_TAI,11494,1.126306e+22,11897.0,-0.110759694425173,14957786988.54172,-875.4310091602441,1747.5707232968468
2014.02.13_00:36:00.000_TAI,11974,3.232311e+22,13097.0,-0.1991220754598774,38195518919.43378,-4018.876302289653,5163.705982819383
2014.02.09_14:12:00.000_TAI,11974,1.749541e+22,7544.2,-0.3644041740675239,15418004747.981562,-2968.8226119906776,2741.8038447993385
2021.10.28_16:12:00.000_TAI,12891,2.471748e+22,7510.0,-0.398586169614932,20124983000.8142,-4238.680362957038,4157.510413235781
2015.03.12_16:12:00.000_TAI,12297,2.505534e+22,19534.0,-0.3638737744251938,20575012467.66749,-3956.067247691528,4151.151934862014
2012.06.30_19:24:00.000_TAI,11513,1.927027e+22,6980.0,-0.3018153401414736,18028792875.70277,-2875.284644195501,3503.7095182244584
2012.07.01_00:36:00.000_TAI,11513,2.333341e+22,5943.4,-0.298053135262822,21171476383.81756,-3334.3999860313365,4040.487605648226
2013.04.22_10:12:00.000_TAI,11726,3.076736e+22,17176.0,-0.1450596088132464,39042586679.97308,-2992.663954069049,5028.3252718743215
2014.03.30_14:12:00.000_TAI,12014,3.1251e+22,5045.8,-0.1237025038555277,42402254543.30978,-2771.661712670756,5352.009669177262
2011.09.22_09:48:00.000_TAI,11302,3.259322e+22,12662.0,-0.1144531016120362,43059042072.13971,-2604.1425221107143,5476.709324566459
2012.06.14_11:00:00.000_TAI,11504,3.622097e+22,15398.0,-0.1021979757333122,47280866986.92479,-2553.292634547832,6414.865521809526
2012.07.03_10:00:00.000_TAI,11515,3.671817e+22,12160.0,-0.0920116429985436,49463831957.51592,-2404.935295808224,6714.441823810356
2013.10.30_20:36:00.000_TAI,11884,3.754399e+22,11343.0,-0.075954538884996,50268534351.85182,-2017.543294543012,6856.52780352299
2012.07.03_14:36:00.000_TAI,11515,3.865081e+22,12308.0,-0.0727757260806586,51844175267.93768,-1993.697831396304,7253.61944161904
2014.02.15_10:12:00.000_TAI,11977,2.128774e+22,7385.7,-0.1728679096556183,26485051086.58962,-2419.290658973398,3371.141511479024
2013.10.26_07:12:00.000_TAI,11875,4.110343e+22,12675.0,-0.0955837062911511,55048824603.14192,-2780.383893786575,7375.011125792835
2013.11.13_18:00:00.000_TAI,11899,4.125064e+22,14608.0,-0.1127165016384885,55778176992.24038,-3322.1918118782887,7530.658181881698
2012.07.04_01:12:00.000_TAI,11515,4.128248e+22,12611.0,-0.1164518651084617,56114031790.148766,-3452.9538118280348,7610.5052815994095
2014.05.06_01:24:00.000_TAI,12051,4.170481e+22,5667.2,-0.1128587260029371,56349275841.87629,-3360.4419061512176,7733.802829205012
2012.07.04_03:36:00.000_TAI,11515,4.178135e+22,12476.0,-0.1093108127328018,56105025565.09769,-3240.691897319263,7775.969277245092
2012.07.04_10:48:00.000_TAI,11515,4.203432e+22,13003.0,-0.1041279409164278,56704689687.25424,-3120.032693144637,7825.363055645327
2015.08.22_18:36:00.000_TAI,12403,4.252178e+22,12647.0,-0.0931782424120699,57206060430.36209,-2816.627469198124,8123.981214795997
2012.07.04_13:12:00.000_TAI,11515,4.343955e+22,12898.0,-0.0931067788008447,57897302022.02586,-2848.475223460832,8322.467679144382
2015.08.23_18:00:00.000_TAI,12403,4.875697e+22,14221.0,-0.111608921053696,64826908719.53959,-3823.200657002867,9137.425968878477
2012.07.04_21:48:00.000_TAI,11515,4.852143e+22,14154.0,-0.1077439759855159,66098092035.337685,-3763.177993454552,9261.32919945895
2012.03.09_12:36:00.000_TAI,11429,4.923497e+22,12815.0,-0.1313803838810952,67262953642.16723,-4669.595735499472,9286.409187263567
2012.07.05_02:48:00.000_TAI,11515,4.982278e+22,14250.0,-0.1326715285463179,67879167023.35597,-4758.685886382164,9264.462810960127
2012.07.05_08:24:00.000_TAI,11515,5.169924e+22,13612.0,-0.1411711647255309,68658040168.59226,-5121.654657109358,9246.58693462576
2012.07.05_10:24:00.000_TAI,11515,5.061316e+22,13948.0,-0.146257966901554,67733944713.11589,-5234.783387780812,8972.311696945362
2012.07.05_13:36:00.000_TAI,11515,5.255163e+22,13422.0,-0.1533547382628574,68355184619.751526,-5539.128967853271,9367.604204834248
2012.07.05_23:48:00.000_TAI,11515,5.901982e+22,14330.0,-0.1657109304472818,75628562097.26105,-6622.315759664383,10496.905369574692
2012.07.05_23:12:00.000_TAI,11515,5.890359e+22,14403.0,-0.1754356644744188,78467477721.63882,-7274.1195759460925,10396.96421670072
2012.07.06_03:12:00.000_TAI,11515,6.114281e+22,14261.0,-0.1812506988802292,80774241888.27966,-7736.160319074805,10348.542043138914
2012.07.06_11:00:00.000_TAI,11515,6.486579e+22,14032.0,-0.1972773088181113,83328544144.42458,-8686.480274183505,10139.353956400157
2012.07.07_09:48:00.000_TAI,11515,7.841049e+22,12368.0,-0.2560948879958525,91824173331.49634,-12425.980397459907,10371.203550513748
2012.07.07_12:12:00.000_TAI,11515,7.557399e+22,12363.0,-0.2552027113891791,88056822192.49374,-11874.658483345062,9935.421269740466
2012.07.07_16:36:00.000_TAI,11515,7.839914e+22,11758.0,-0.2788421389332616,88558127738.45633,-13048.470573670242,10043.326923257882
2012.07.08_23:12:00.000_TAI,11520,1.131265e+23,11533.0,-0.2151957870634999,132364324257.64618,-15051.423939369042,15850.80785583785
2012.07.10_01:00:00.000_TAI,11520,1.085597e+23,11844.0,-0.191560508630628,133207732070.7495,-13483.673942840447,16135.09452299035
2014.12.19_20:24:00.000_TAI,12242,1.05801e+23,6871.2,-0.1903281510719918,130987381945.69247,-13173.626013756631,15856.620442740144
2012.07.11_16:48:00.000_TAI,11520,8.513423e+22,12369.0,-0.0996253125136768,110795441331.38664,-5832.6293752962265,12791.383798094526
2012.07.13_05:00:00.000_TAI,11521,8.959e+22,12284.0,-0.137300909156058,115789654561.23984,-8400.709791978808,13470.479920526672
2012.07.27_21:00:00.000_TAI,11532,8.213395e+22,6376.1,-0.4044711058248088,71310204422.61078,-15240.950447820524,10532.347790052752
2012.07.28_06:24:00.000_TAI,11532,7.809697e+22,6691.4,-0.3804407091891303,69556871471.16269,-13982.982725390952,10408.162231165124
2012.07.29_15:48:00.000_TAI,11536,6.740111e+22,7918.0,-0.2826369056934678,64478380804.965485,-9629.766917062148,10843.172871808812
2012.08.10_12:24:00.000_TAI,11540,4.23142e+22,3747.4,-0.4566004503573176,29546859782.98007,-7128.866617574327,6661.329680405235
2012.09.05_04:12:00.000_TAI,11560,1.827409e+22,5704.0,-0.3789846947058311,15624526926.490835,-3128.9698660157005,2857.902692013951
2011.09.21_01:48:00.000_TAI,11295,4.068941e+22,6177.9,-0.4187485317429949,26077454565.416546,-5770.204679471699,8613.062801729073
2011.10.22_01:00:00.000_TAI,11314,4.783975e+22,6922.8,-0.4880274791679981,33233347299.694187,-8570.20417900381,8184.894200414104
2014.03.01_01:24:00.000_TAI,11982,3.716128e+22,2534.1,-0.4610580274987276,28408298757.88021,-6921.075960766013,5891.490580924106
2012.04.25_13:48:00.000_TAI,11466,1.092303e+22,8339.4,-0.3110725468820048,11810975877.724863,-1941.4228692393256,1332.51289019944
2013.04.20_13:36:00.000_TAI,11726,1.240501e+22,10665.0,-0.3272944427932051,12293215997.882956,-2126.066511973129,1623.994330039184
2011.07.31_13:24:00.000_TAI,11261,1.791977e+22,10494.0,-0.3311950403368676,17476559607.81003,-3058.527675039281,2991.101582920505
2012.11.13_04:00:00.000_TAI,11613,1.734545e+22,7916.0,-0.3198801091972145,16528945738.688498,-2793.8630669130625,2948.6548454251183
2014.03.09_16:48:00.000_TAI,12002,1.443515e+22,5694.6,-0.3522250530828253,13457076733.921003,-2504.6300659043536,2913.647799949156
2012.11.20_07:00:00.000_TAI,11618,1.613053e+22,6953.0,-0.2074094156372944,16241940159.737768,-1780.077948513711,3641.468657895441
2015.04.07_13:12:00.000_TAI,12320,1.640408e+22,5260.9,-0.1841911944331602,17424305593.189697,-1695.8877018654846,3713.860064470858
2014.02.12_19:48:00.000_TAI,11974,3.084334e+22,11396.0,-0.5616947554116765,20700456860.258747,-6144.023713100897,3607.907567916169
2013.10.20_09:36:00.000_TAI,11875,2.086032e+22,4578.4,-0.1772510855813289,25760347043.962933,-2412.755723195756,3664.697279323255
2012.11.27_21:36:00.000_TAI,11620,2.909138e+22,9215.9,-0.2658952934561628,31954330227.025925,-4489.655349101649,4433.681508086077
2013.01.10_09:12:00.000_TAI,11654,5.783884e+22,11415.0,-0.2173700604862528,69028073862.1302,-7928.628969199806,7465.784439196222
2011.10.21_20:12:00.000_TAI,11314,5.488897e+22,7298.7,-0.2114811232512901,67676253646.09007,-7562.763746280621,7807.457064067178
2013.05.01_15:36:00.000_TAI,11731,2.298417e+22,7779.9,-0.3094944410828303,19648875627.01685,-3213.3878913532976,4959.698982118377
2013.01.12_08:36:00.000_TAI,11652,2.02315e+22,5989.9,-0.3387206054644285,17194114630.074127,-3077.471140921377,4637.492211797655
2013.02.16_15:48:00.000_TAI,11675,8.884723e+20,3616.8,-0.4569738137800464,696682444.0705003,-168.2282388302962,204.62535413040985
2013.03.04_08:00:00.000_TAI,11686,5.380235e+21,5241.0,-0.2789053957441541,4698645389.9017935,-692.4719830829417,573.202713530196
2013.03.20_22:00:00.000_TAI,11692,4.118931e+22,6765.3,-0.3726174624364404,36054431575.33746,-7098.956532543907,4722.811304160051
2013.04.10_07:12:00.000_TAI,11719,1.790322e+22,7501.0,-0.2807255817626693,18139485601.733784,-2690.7893799025987,3424.1797140487524
2014.03.18_18:24:00.000_TAI,12010,2.517581e+22,2405.6,-0.2429368552322505,27432601557.76406,-3521.544586144006,3691.212419423678
2013.04.21_10:24:00.000_TAI,11726,2.441379e+22,12776.0,-0.0961488699904529,34200294128.17574,-1737.587810311735,4573.042910983232
2013.05.01_05:12:00.000_TAI,11731,2.420154e+22,8490.0,-0.1261027121561443,25678772629.600643,-1711.0845362133457,5431.7294960412455
2013.05.02_17:00:00.000_TAI,11731,2.63852e+22,4448.8,-0.3534567554880805,20061795297.293182,-3746.958121115707,5987.3891174302335
2011.02.16_07:36:00.000_TAI,11158,2.812502e+22,13127.0,-0.4921231623865158,20995425457.1174,-5459.730392757661,4384.985937245539
2013.05.03_05:00:00.000_TAI,11731,2.816671e+22,4388.1,-0.4027892057580641,25193158958.198154,-5362.078961768768,3850.904297142514
2013.05.16_09:00:00.000_TAI,11748,2.543315e+22,5929.4,-0.3539093512688682,21967123918.82809,-4108.071444658808,3939.2453421742152
2013.05.21_13:36:00.000_TAI,11745,2.718966e+22,2930.5,-0.5603424091264468,16873906341.950811,-4996.224092049336,3680.762186719116
2013.05.30_20:00:00.000_TAI,11760,6.650616e+21,2260.8,-0.6486550308453125,3949740435.631008,-1353.8019365570915,1117.7316083901967
2013.06.04_09:00:00.000_TAI,11762,2.88902e+22,9170.0,-0.2605045215991293,30579804662.475483,-4209.425514828386,4607.837207743656
2013.08.11_10:36:00.000_TAI,11817,1.315114e+22,6139.9,-0.3596751232102224,12049584481.754091,-2290.104337976043,2413.44795603534
2013.08.16_18:24:00.000_TAI,11818,1.429922e+22,15419.0,-0.0830016455779768,21204500163.84614,-930.0100766125644,2306.785085776152
2013.10.14_13:36:00.000_TAI,11865,1.444014e+22,7032.2,-0.0963207269147952,21544493376.71936,-1096.5508062007736,2338.443968819557
2016.02.10_19:24:00.000_TAI,12497,2.167215e+22,6460.1,-0.2696993919692605,20194597471.16882,-2877.98110423633,3691.648480049844
2013.10.14_08:36:00.000_TAI,11865,1.5336e+22,6458.3,-0.2661202360048733,14573696748.317122,-2049.370223946888,2930.642179782232
2021.05.22_10:48:00.000_TAI,12824,1.535597e+22,7196.9,-0.2769116842899801,14892261834.351397,-2179.0869664929683,3123.357298006817
2013.10.16_15:36:00.000_TAI,11861,3.201717e+22,9806.9,-0.2907311175783581,35860878826.442726,-5509.157331621928,4161.716886718565
2013.10.16_15:36:00.000_TAI,11861,1.550255e+22,4166.1,-0.4303438931906013,11481411369.290468,-2610.860400033177,2880.6758150418536
2014.02.01_22:24:00.000_TAI,11968,2.357478e+22,6608.9,-0.3620116512778919,18428541983.200115,-3525.2206235330445,4416.952259730841
2014.02.12_06:24:00.000_TAI,11974,2.581545e+22,10058.0,-0.1535938920537908,26599095175.80913,-2158.805384631808,5244.607596111986
2013.10.22_20:48:00.000_TAI,11875,2.909832e+22,11502.0,-0.0558817842147671,38043175630.80289,-1123.3621138238798,5812.1016741295
2021.10.26_22:24:00.000_TAI,12887,3.028816e+22,7420.5,-0.0285995872926253,42071607681.37241,-635.8015758896396,5910.512612006787
2015.03.16_09:48:00.000_TAI,12297,3.07717e+22,10225.0,-0.0278237364985266,43270501377.97452,-636.1801534401586,5989.495773008952
2013.10.23_00:24:00.000_TAI,11877,3.72154e+22,10906.0,-0.188292252080439,44662918351.0892,-4443.77697930233,5390.082648944932
2013.10.23_10:12:00.000_TAI,11875,3.434718e+22,15494.0,-0.0396394324764346,51683141405.35546,-1082.5527708312295,6251.126095994445
2012.07.02_15:24:00.000_TAI,11515,3.419376e+22,11109.0,-0.038206138166439,51722099187.66259,-1044.1959843765987,6202.493719939634
2011.07.31_20:00:00.000_TAI,11261,1.913309e+22,11036.0,-0.177931037429159,23806321567.889267,-2238.2913921831305,2852.1190368216085
2014.01.03_20:36:00.000_TAI,11936,4.441565e+22,5469.5,-0.1966314982416514,52168347064.98958,-5420.418863297999,6547.218186941216
2013.10.27_02:36:00.000_TAI,11875,5.241538e+22,10705.0,-0.2458279006027796,59083362549.49765,-7674.835170480613,7797.354879768372
2013.10.27_04:36:00.000_TAI,11875,5.538624e+22,10031.0,-0.2602059753904655,60773860146.79914,-8356.160466845817,7527.917595394058
2013.10.24_10:00:00.000_TAI,11875,3.463439e+22,13299.0,-0.2260116779910321,37043947118.04164,-4424.058059311583,5405.206483465985
2013.10.27_14:00:00.000_TAI,11875,5.792214e+22,10415.0,-0.2444524191830043,63101074184.86067,-8150.866229056794,7521.091989133657
2013.10.27_15:00:00.000_TAI,11882,2.0304e+22,14752.0,-0.1411096698828228,28356317546.023518,-2114.361427946444,3363.287347101568
2013.01.13_03:24:00.000_TAI,11652,2.044253e+22,5694.9,-0.1412006367157586,28481551436.77242,-2125.0689783060448,3399.313024608516
2013.10.27_21:00:00.000_TAI,11875,6.25806e+22,10873.0,-0.2547842109330348,68931201523.88463,-9280.279881314738,7985.572715345109
2013.10.31_19:48:00.000_TAI,11884,3.302605e+22,10705.0,-0.1429406573315716,39173848530.96758,-2958.8622037150462,5874.649378210142
2013.11.01_22:24:00.000_TAI,11884,2.891164e+22,9779.9,-0.1390791698961998,34030716312.43943,-2500.955285057537,5070.577713841208
2011.11.13_23:36:00.000_TAI,11346,2.589895e+22,3366.3,-0.1590362366747518,31577137529.893818,-2653.637418242912,4487.033448789392
2013.11.04_08:24:00.000_TAI,11890,6.673493e+22,10452.0,-0.2650516811277763,71778018940.4094,-10052.976996870108,8356.21104184136
2013.11.04_18:12:00.000_TAI,11890,7.05588e+22,10063.0,-0.245991933185296,76422778736.53741,-9933.82141432829,9029.809457739251
2012.07.29_17:24:00.000_TAI,11536,7.11632e+22,7528.1,-0.2301815751553834,80726384486.86563,-9818.808279081632,9764.270800330807
2012.06.03_13:12:00.000_TAI,11496,6.073792e+22,3563.5,-0.1858998653700612,71312402199.61702,-7005.139537284572,9344.497905582924
2013.11.23_00:12:00.000_TAI,11904,5.691636e+22,13414.0,-0.1756196738037254,70212101612.16594,-6515.651073542681,9561.493066153973
2013.11.06_14:24:00.000_TAI,11890,5.088054e+22,12562.0,-0.134596211111864,62472430765.339325,-4443.180349372245,8777.94247309162
2013.11.07_04:24:00.000_TAI,11890,4.776452e+22,12896.0,-0.1270404070145557,60930725853.558685,-4090.259876738183,8090.015253750727
2013.11.07_09:24:00.000_TAI,11891,6.46541e+21,9340.2,-0.165568955672859,7359170780.698711,-643.8437062636641,1287.8586551972126
2013.11.09_05:12:00.000_TAI,11890,3.468783e+22,11886.0,-0.1395145310708427,44536116522.45787,-3283.253618996123,5915.198919650702
2013.11.12_15:24:00.000_TAI,11897,7.185963e+22,7181.4,-0.3497551028758875,65002974531.627365,-12013.510572099663,9464.95859237418
2013.11.14_02:24:00.000_TAI,11899,4.860804e+22,14148.0,-0.1711055876761258,62184117193.44467,-5622.329691699099,5493.289705719986
2014.05.23_19:36:00.000_TAI,12065,2.118918e+22,2853.3,-0.1572350827718819,27075534037.73381,-2249.567856181196,3725.307668299775
2013.11.15_07:48:00.000_TAI,11900,2.051214e+22,11578.0,-0.1578780216121457,26533693146.6915,-2213.563572501046,3588.283215905845
2015.11.08_01:48:00.000_TAI,12449,2.733863e+22,6587.4,-0.1967677791733773,31221408833.524487,-3246.2288166108297,4663.55918687745
2013.11.18_10:24:00.000_TAI,11893,5.203997e+22,7655.9,-0.3697312840113127,49792331659.25378,-9727.950186892973,6367.705721275945
2014.04.15_14:36:00.000_TAI,12035,4.329373e+22,4938.7,-0.1342831260587578,67614067072.95062,-4797.678420484536,5871.71014901531
2013.11.22_13:00:00.000_TAI,11904,5.017621e+22,14939.0,-0.1683383552427817,68903494282.89,-6129.103903256147,6754.550245159555
2013.12.06_07:24:00.000_TAI,11909,1.536893e+22,5862.2,-0.3683769743637713,13661184159.578758,-2659.214967241366,2420.0043524387697
2014.03.11_17:36:00.000_TAI,11996,3.921114e+22,5957.8,-0.2822008225631053,41898034073.71951,-6247.762812514826,6043.57084636251
2013.12.21_08:36:00.000_TAI,11928,3.900286e+22,8869.2,-0.2901821136094812,41828584172.80696,-6413.814780111554,6008.983695768092
2013.12.21_14:36:00.000_TAI,11934,4.192649e+22,6418.8,-0.3639915066202974,36720484748.826935,-7062.724560656689,6403.742344764854
2013.11.21_04:36:00.000_TAI,11904,4.005324e+22,18699.0,-0.3018692432329594,43415401096.09628,-6925.24795084344,5954.0245735447925
2013.10.30_07:00:00.000_TAI,11877,4.296107e+22,4673.5,-0.3266395464486853,45275195373.00583,-7814.509090610744,6243.626384998792
2013.12.22_00:00:00.000_TAI,11928,4.375241e+22,8693.0,-0.3254302794187342,45555183717.72376,-7833.726112407679,6387.631676597952
2013.12.22_09:12:00.000_TAI,11928,4.566653e+22,8861.4,-0.3241219762792189,46434959669.661255,-7952.911836971677,6353.82650035954
2013.12.07_02:48:00.000_TAI,11909,1.499503e+22,4732.7,-0.3189695663175674,13132874200.92649,-2213.510865717393,3170.63899640917
2012.06.29_03:24:00.000_TAI,11513,2.521671e+22,5030.8,-0.169313344483101,28926510179.55324,-2587.973389868185,4879.848175639722
2013.12.31_18:48:00.000_TAI,11936,3.370342e+22,7899.9,-0.2653575158127304,35261011294.66738,-4944.231923327629,5994.489460931815
2014.01.03_10:24:00.000_TAI,11944,1.169343e+23,10313.0,-0.2744750890578929,128573023277.00548,-18647.70784902721,15083.42292125336
2014.01.06_03:48:00.000_TAI,11946,8.645056e+21,10325.0,-0.1653520218957584,11317226062.737411,-988.8311903329326,1313.343180490003
2014.01.06_10:12:00.000_TAI,11944,9.208553e+22,15385.0,-0.0689206208970615,134204116872.46004,-4887.509880050377,13832.42738898398
2014.01.06_18:36:00.000_TAI,11944,8.887493e+22,16349.0,-0.0703628805012624,135191963182.50871,-5026.516419632481,13381.481892078436
2014.01.12_21:48:00.000_TAI,11944,8.476393e+22,11130.0,-0.2488199196538989,94951940868.57436,-12484.227406782598,9345.668755216158
2014.01.31_01:24:00.000_TAI,11967,8.325792e+22,13194.0,-0.1687474146922513,105667472387.01906,-9422.172364869164,12526.735447828369
2014.01.31_07:24:00.000_TAI,11967,7.780908e+22,14294.0,-0.1579703008099111,103544083396.90208,-8643.17747147626,12874.409807803026
2014.02.01_06:36:00.000_TAI,11968,2.467759e+22,5264.1,-0.3404933743702846,20402028421.545715,-3670.748235055868,5614.097560501576
2014.02.01_08:24:00.000_TAI,11967,7.642752e+22,18228.0,-0.0666916115999805,118293499102.9964,-4168.738179237272,13338.007226450389
2014.02.01_09:36:00.000_TAI,11967,7.659354e+22,17529.0,-0.0373249539038027,115780771598.2612,-2283.538713926418,13690.96645058914
2014.02.01_14:12:00.000_TAI,11967,7.287728e+22,20001.0,-0.0181949821802071,117257292358.40517,-1127.363879884733,13636.882667723294
2014.02.01_18:12:00.000_TAI,11967,7.567189e+22,19779.0,-0.0192597832221536,123288009610.17915,-1254.714434160591,13493.8055294388
2014.02.01_22:00:00.000_TAI,11967,7.635813e+22,21054.0,-0.0430666632319425,130249797457.43423,-2964.08683443337,13060.17130768411
2014.02.03_01:24:00.000_TAI,11968,2.346591e+22,7985.0,-0.2167306711842176,25110194525.67131,-2875.6969172657127,4762.497262372034
2014.02.03_04:00:00.000_TAI,11967,7.479867e+22,25132.0,0.0037865610642369,140910537571.27655,281.94283831418875,12070.969903082214
2014.02.03_09:48:00.000_TAI,11967,7.377329e+22,24043.0,0.0040731425109262,134448437111.78967,289.3729787700045,11961.72677517286
2013.11.04_22:24:00.000_TAI,11890,7.144672e+22,11337.0,-0.0369897437475566,121330435932.60509,-2371.502925494431,11941.980945152814
2014.02.05_23:00:00.000_TAI,11967,8.061821e+22,16757.0,-0.1269285788602586,117727687227.43803,-7896.064556692181,12170.808030102658
2012.01.16_11:12:00.000_TAI,11401,8.350764e+22,8613.9,-0.1471714604821609,117976159676.00089,-9174.671464957208,12780.087748549811
2012.01.22_09:36:00.000_TAI,11402,5.76266e+22,7903.6,-0.245001385164926,60253434550.631966,-7800.509132236787,9031.594078802733
2014.02.10_03:36:00.000_TAI,11974,1.899428e+22,7742.2,-0.2267490298686924,20134830284.38153,-2412.492702616873,3575.8959140934053
2014.02.10_16:48:00.000_TAI,11974,1.763983e+22,8154.1,-0.1605242576958672,19906538343.589973,-1688.530925592299,3466.4024515503056
2014.02.11_04:24:00.000_TAI,11974,2.036443e+22,10965.0,-0.0790275776533758,26132309287.26141,-1091.262355873236,4150.143157863547
2015.07.06_06:00:00.000_TAI,12381,2.167309e+22,15536.0,-0.1030766560060767,27402292917.99854,-1492.5191609662754,4483.737491174326
2015.04.20_20:48:00.000_TAI,12322,2.312625e+22,5455.4,-0.0712176731729267,28958370999.6036,-1089.7692536791672,4780.512069873689
2015.02.03_16:48:00.000_TAI,12277,2.637312e+22,6034.4,-0.0911295710047868,33649541482.58412,-1620.3585098943774,5821.20421822028
2015.03.12_14:00:00.000_TAI,12297,2.567775e+22,19157.0,-0.0665856376715078,32327192308.36702,-1137.4207534372474,5682.144677804132
2014.02.12_08:12:00.000_TAI,11974,2.628324e+22,10857.0,-0.0807447884415737,34427687786.31913,-1468.9092972183676,5960.611493871158
2014.02.13_03:00:00.000_TAI,11974,3.241472e+22,13581.0,-0.042951646331077,46191923277.737366,-1048.3796035530968,7740.240577573631
2017.09.04_23:00:00.000_TAI,12673,3.395385e+22,20335.0,-0.0555325521909284,46540817795.200966,-1365.6969593002443,7055.192712180178
2014.02.13_13:24:00.000_TAI,11974,3.427387e+22,12385.0,-0.0604550736422894,46600686738.327286,-1488.6676155947578,7156.614667444338
2014.02.13_16:36:00.000_TAI,11974,3.595301e+22,12833.0,-0.0654834895206378,49457083936.77916,-1711.3270698099377,7668.430819131279
2014.02.11_08:36:00.000_TAI,11974,2.113974e+22,10934.0,-0.1579037521509468,21350158929.71347,-1781.4194302800709,3952.967126870909
2015.01.28_03:12:00.000_TAI,12268,2.454127e+22,14426.0,-0.3836372606971965,20971762301.89625,-4251.364731613528,3269.97172844551
2014.02.25_15:00:00.000_TAI,11982,5.62806e+22,5780.8,-0.3077986020090769,49899526421.25754,-8115.883184542315,9866.721026961684
2014.06.15_11:12:00.000_TAI,12087,1.795755e+22,5587.9,-0.2927658303660453,19354603079.48178,-2994.175937637508,1993.4556648406572
2014.06.15_01:24:00.000_TAI,12085,1.671957e+22,2218.5,-0.7838729029985477,7097522238.399794,-2939.849701031608,1914.8377424485443
2014.03.02_16:00:00.000_TAI,11989,3.487533e+22,4242.9,-0.3814194460665861,26341650668.388702,-5309.070544298002,7450.161203563966
2011.11.15_20:24:00.000_TAI,11348,1.70442e+22,7694.0,-0.152319956566403,22099199662.04533,-1778.7138775095389,2997.373238062561
2014.03.08_20:24:00.000_TAI,12002,8.606945e+21,3909.3,-0.5933530103352023,6691078485.063128,-2097.8862946111904,1130.3685241832386
2014.03.09_00:24:00.000_TAI,12002,9.339587e+21,4263.0,-0.5408069801907605,7430771597.674295,-2123.483777803054,1229.3198502554703
2014.03.09_04:12:00.000_TAI,12002,1.049217e+22,5420.3,-0.4571219893150613,8679205385.475592,-2096.4513003932475,1628.565636251308
2010.10.16_13:00:00.000_TAI,11112,1.278455e+22,3600.5,-0.4471554296439626,11036447095.412409,-2607.717124558603,2285.912655160986
2014.10.08_05:24:00.000_TAI,12182,2.054155e+22,2593.7,-0.4181261343072931,16418531297.661663,-3627.557511910829,3239.077087467957
2015.03.12_23:36:00.000_TAI,12297,2.381459e+22,19203.0,-0.4463587938392575,18471137633.820347,-4356.626880839507,3993.7095705553866
2015.08.20_21:48:00.000_TAI,12403,3.539029e+22,7214.8,-0.40455959478754,31624604071.036182,-6760.522972293907,4499.260240860486
2014.03.11_22:36:00.000_TAI,11996,3.822935e+22,5647.6,-0.419519625679138,31849650742.02685,-7060.405954839798,4228.78038594093
2014.03.01_09:24:00.000_TAI,11982,2.639492e+22,2517.6,-0.4557637431301402,19189246826.92389,-4621.3657158864125,4847.539726471112
2014.03.21_07:12:00.000_TAI,12011,1.722144e+22,13885.0,-0.2208786891146795,23724719544.332645,-2769.029657441589,1769.0272399052765
2014.03.27_19:24:00.000_TAI,12017,1.083689e+22,6342.3,-0.2607585630917139,10961149666.566849,-1510.3145066011878,1873.396647280248
2011.10.01_05:00:00.000_TAI,11305,1.077908e+22,13433.0,-0.2708466976613851,10850298050.124117,-1552.8801907692666,2029.8688849197013
2017.03.30_23:24:00.000_TAI,12644,1.149691e+22,13021.0,-0.2504782865098169,11678456112.07718,-1545.710943288136,2496.602454478516
2014.03.29_11:48:00.000_TAI,12017,1.267357e+22,6974.6,-0.2608646141546085,11676658605.704449,-1609.5571757746268,2814.287010467855
2014.03.30_08:12:00.000_TAI,12014,3.37596e+22,4841.8,-0.4504425733186789,26305017712.322685,-6261.103016630741,3631.4207754009526
2013.07.01_18:12:00.000_TAI,11787,1.778795e+22,9292.7,-0.2622773416660146,16452269650.634869,-2280.1290116252794,2276.243004681275
2013.12.21_22:48:00.000_TAI,11928,4.311887e+22,9012.9,-0.3390030454437463,36257703368.577736,-6494.962835168944,7796.2921962447745
2014.04.17_13:00:00.000_TAI,12036,2.91765e+22,9813.3,-0.1449328765952511,35347650614.276886,-2707.07434616409,4679.954843294127
2014.04.24_00:24:00.000_TAI,12035,3.699734e+22,3689.5,-0.4848550568597375,24525650603.594936,-6283.5531731601095,4316.298473629759
2014.05.05_09:00:00.000_TAI,12051,4.281129e+22,7117.5,-0.38085188789339,38135834563.561104,-7674.71267483128,5450.59325226387
2014.05.07_10:12:00.000_TAI,12056,7.827126e+22,10372.0,-0.2362495940631477,85678363493.03581,-10695.841101362288,9304.574690926467
2014.06.14_22:36:00.000_TAI,12085,2.158576e+22,2350.5,-0.5329168607230618,13752480856.844791,-3872.6953667986354,3849.761640802064
2011.03.05_10:00:00.000_TAI,11165,1.240774e+22,3533.9,-0.3333033229149244,10785693450.119038,-1899.593228900427,2084.5549673649107
2012.07.03_14:12:00.000_TAI,11513,2.183295e+22,9897.1,-0.3754667765367208,18104544775.638195,-3591.963977662545,4078.9181649269344
2014.06.10_05:36:00.000_TAI,12080,6.068879e+22,11613.0,-0.131306208412972,76127233660.75739,-5281.996909098946,9390.217123429147
2014.06.11_09:36:00.000_TAI,12085,6.816004e+22,10660.0,-0.2320709536194949,79043392047.95511,-9693.022468071114,9835.745396905764
2014.06.11_20:00:00.000_TAI,12089,3.565248e+21,6385.4,-0.2815562087063841,3459548973.420004,-514.7039260334767,996.8107526306076
2014.02.05_15:12:00.000_TAI,11967,7.753164e+22,17735.0,-0.2543750788215013,86977932460.32771,-11691.12857554691,11123.957199925966
2014.12.13_02:48:00.000_TAI,12242,6.392543e+22,3738.9,-0.40957724603414,52769523204.8652,-11420.678022312475,5808.234084407669
2015.11.03_01:36:00.000_TAI,12445,2.245255e+22,9648.7,-0.343057865849891,18155887501.99444,-3291.22619917216,3973.164561730664
2014.06.30_11:24:00.000_TAI,12106,3.602393e+22,1831.9,-0.6727771068418668,20085059172.683,-7140.311263950071,4842.503534676259
2014.07.08_00:24:00.000_TAI,12113,1.146877e+22,4247.9,-0.4916734535701782,9048321766.31076,-2350.810440593289,1485.4332110870937
2015.03.09_21:48:00.000_TAI,12297,3.087912e+22,8342.2,-0.5856515662245596,19149380180.275417,-5926.070402595376,4655.110188138105
2014.07.30_11:12:00.000_TAI,12130,5.024535e+22,7115.6,-0.3226221224414562,45258949705.351685,-7715.630524521077,7340.102682755879
2014.07.31_18:12:00.000_TAI,12130,6.584212e+22,5556.3,-0.3541773343289487,54668963121.171326,-10231.386242442148,10563.882437252125
2014.10.08_01:48:00.000_TAI,12182,2.074075e+22,2533.3,-0.5299270429775895,12558314901.632364,-3516.577761743993,4602.70855613939
2016.07.24_02:48:00.000_TAI,12567,2.070874e+22,7573.2,-0.5315078464801959,12519925777.172812,-3516.285633785681,4543.983145784529
2014.10.08_07:00:00.000_TAI,12182,1.982779e+22,2817.8,-0.5158322797812332,12633602740.904793,-3443.566164461733,4423.147322242943
2014.10.19_09:12:00.000_TAI,12192,1.249091e+23,14303.0,-0.1682506552141412,152692203174.99927,-13575.203361656962,15273.548698317778
2014.10.19_16:36:00.000_TAI,12192,1.365083e+23,13384.0,-0.1717859697016273,166846882780.67328,-15145.32223895786,17796.399209479965
2014.10.19_19:00:00.000_TAI,12192,1.329179e+23,14535.0,-0.1704583821637464,169717697850.7568,-15286.853600125343,16907.86146828813
2014.10.19_20:00:00.000_TAI,12192,1.308395e+23,15458.0,-0.1584499905235124,170346201081.99872,-14262.556549089157,17350.737583653332
2014.10.19_22:48:00.000_TAI,12192,1.389827e+23,14822.0,-0.1554364582258675,177517996429.7427,-14580.351064800876,18287.677095443407
2014.10.21_02:00:00.000_TAI,12192,1.380013e+23,17311.0,-0.090612439039941,195784726141.98312,-9374.312080284912,20957.98800574413
2014.10.21_05:12:00.000_TAI,12192,1.324296e+23,18254.0,-0.0975561570721646,195107385484.34372,-10057.75630747861,20441.122827879943
2014.10.22_09:48:00.000_TAI,12192,1.321423e+23,20200.0,-0.0212828090038208,206889102531.4745,-2326.694173664387,20937.846420008344
2014.10.20_17:48:00.000_TAI,12192,1.361912e+23,15665.0,0.0001879727743689,215258144521.47525,21.380962248395,20015.41527477817
2014.10.24_17:12:00.000_TAI,12192,1.502662e+23,18390.0,-0.0785947023996644,231505968234.59915,-9614.532744502849,21443.00340231486
2014.10.25_11:00:00.000_TAI,12192,1.644963e+23,16179.0,-0.0831729083487483,232253124415.098,-10207.423460317728,23313.31494881172
2014.10.25_17:12:00.000_TAI,12192,1.695363e+23,17386.0,-0.1196594663814161,244812252351.2137,-15479.356513449886,23648.90029770293
2014.10.25_18:24:00.000_TAI,12192,1.758437e+23,16164.0,-0.1177636054596679,245869983053.4843,-15299.92505866806,24143.592273788
2014.10.25_18:48:00.000_TAI,12192,1.765877e+23,15922.0,-0.1195156084954922,245341518182.85703,-15494.175531850518,24011.01166463581
2014.10.25_20:24:00.000_TAI,12192,1.745042e+23,16253.0,-0.1283268457272441,243855390264.4893,-16535.699459207903,24591.961477773468
2014.10.26_00:24:00.000_TAI,12192,1.764613e+23,15860.0,-0.1420468243689392,243572067472.07703,-18282.33394682946,23950.6352281786
2014.10.26_02:00:00.000_TAI,12192,1.777957e+23,16029.0,-0.1461524181063194,245127029165.9441,-18930.838993851696,24250.953358197567
2014.10.26_03:36:00.000_TAI,12192,1.806752e+23,15706.0,-0.1471863526043627,246271578905.6679,-19153.779849836217,24487.73507526828
2014.10.26_10:12:00.000_TAI,12192,1.826344e+23,15004.0,-0.1351545222302523,240644777448.84625,-17186.194477387264,23642.88590247024
2014.10.26_17:36:00.000_TAI,12192,1.916893e+23,15091.0,-0.1583063235913764,252343404588.15405,-21108.76896167972,23858.006819003134
2014.10.27_02:48:00.000_TAI,12192,1.956649e+23,14808.0,-0.1864213741549517,253493264758.8589,-24970.936831119703,24583.07140237397
2014.10.27_03:36:00.000_TAI,12192,1.961019e+23,14556.0,-0.1924766478875708,252106636278.77103,-25641.00357684389,24054.452021541896
2014.10.27_14:12:00.000_TAI,12192,1.96394e+23,13422.0,-0.2108659781493142,240432310344.9111,-26789.95762500193,22524.19215090804
2014.10.28_08:24:00.000_TAI,12192,1.96216e+23,13605.0,-0.2243026220991913,234500498745.16223,-27793.98447621649,20314.991323739585
2014.10.28_10:00:00.000_TAI,12192,1.942777e+23,13113.0,-0.223714669183357,230059536577.2669,-27196.1506850186,19868.40722952225
2014.10.28_16:24:00.000_TAI,12192,1.948279e+23,13632.0,-0.2264868865568017,230763229044.1296,-27617.36970347717,19810.029942650068
2014.11.05_22:12:00.000_TAI,12205,4.953484e+22,6894.8,-0.4002581449140149,43630141913.65376,-9227.827703145142,7618.615516288061
2014.11.06_02:48:00.000_TAI,12205,4.827895e+22,7259.7,-0.3818417372573632,43646506386.26369,-8806.543417088593,7565.471559588947
2014.11.06_04:24:00.000_TAI,12205,4.755801e+22,7232.1,-0.3699642320145495,42988830694.9662,-8404.039497767471,7550.873270829726
2014.11.06_17:24:00.000_TAI,12205,4.710546e+22,6418.7,-0.3263362596274572,40277343572.996544,-6945.425157140843,7698.350619502736
2015.03.15_22:12:00.000_TAI,12297,3.102833e+22,9545.9,-0.1769398130899282,31193598716.73424,-2916.5120745499767,6995.145125424253
2012.07.09_13:36:00.000_TAI,11520,1.06252e+23,12231.0,-0.3097917891469588,98994190961.71196,-16205.12256844408,12423.139926508147
2014.11.14_20:48:00.000_TAI,12209,1.1078e+23,9019.3,-0.3026975399031789,108390848757.36118,-17337.010744729323,14012.828213565988
2014.11.15_17:48:00.000_TAI,12209,1.314931e+23,7686.9,-0.3050256865808255,122629688221.89664,-19765.356782876628,18547.296959470517
2014.11.30_06:36:00.000_TAI,12222,3.584496e+22,16686.0,-0.1366535305351424,56612311900.38303,-4087.939070254344,4472.941451801071
2014.12.03_08:00:00.000_TAI,12222,3.388018e+22,16466.0,-0.0958069527608044,52514511227.51672,-2658.5759473635744,4494.577255498518
2014.12.03_18:24:00.000_TAI,12222,3.530038e+22,15930.0,-0.1201478412521003,53636318391.55865,-3405.2392862951965,4614.893184096596
2014.12.03_19:36:00.000_TAI,12222,3.653846e+22,14770.0,-0.1181737529506019,54002185755.90331,-3372.134746221989,4707.1608592299735
2014.12.04_12:24:00.000_TAI,12222,3.477723e+22,13975.0,-0.1415319055020952,49164825446.4988,-3676.8972543862,4529.443008324824
2014.12.13_19:36:00.000_TAI,12242,5.560825e+22,4095.9,-0.4294233068128507,39226951861.1957,-8901.080928919959,10452.960231289468
2013.11.19_01:24:00.000_TAI,11893,5.932526e+22,6971.0,-0.1614718798822293,65488098575.17735,-5587.684599652043,11289.251086282664
2015.09.20_07:36:00.000_TAI,12415,2.112068e+22,6938.4,-0.3097451401274696,21337870722.7096,-3492.4343702524443,3301.606578766086
2014.12.16_04:48:00.000_TAI,12242,6.006345e+22,9663.4,-0.1666805913809396,66609700010.848335,-5866.716456666385,11624.729813786427
2015.05.04_04:48:00.000_TAI,12335,2.733387e+22,8877.3,-0.1836089505898183,32245481062.080364,-3128.4940042618823,4436.794436395949
2013.03.21_19:48:00.000_TAI,11692,3.417633e+22,6875.0,-0.0709212318565159,49576073238.594696,-1857.8944514813115,5463.3930428652175
2014.12.18_09:48:00.000_TAI,12242,8.766376e+22,10544.0,-0.151386617499924,97201498083.98048,-7775.583591383189,15742.889224637142
2014.12.19_00:24:00.000_TAI,12242,9.793799e+22,8724.6,-0.2058047894270044,97739319475.84988,-10629.122598690472,17116.804205583372
2014.12.20_07:36:00.000_TAI,12242,1.034249e+23,7195.4,-0.2879242987632984,93378695764.88658,-14206.879579694352,15931.743604567557
2011.08.02_21:48:00.000_TAI,11263,2.68945e+22,21695.0,-0.0462993855202129,41294255404.99019,-1010.2700791319812,3543.891991329929
2014.12.21_01:48:00.000_TAI,12242,9.392803e+22,6837.0,-0.3423262983415621,83721953852.87947,-15144.407584713656,13934.167863909024
2014.12.26_02:12:00.000_TAI,12249,1.77472e+22,5438.0,-0.3547315855288266,15011237791.23439,-2813.772279244358,2929.81663920357
2015.01.02_09:48:00.000_TAI,12253,4.071046e+22,10837.0,-0.1487488668987409,49542779828.56927,-3894.095652624865,6333.144644923052
2013.11.09_00:00:00.000_TAI,11890,3.594215e+22,11706.0,-0.0580539712517149,49374000558.226166,-1514.617143930572,5690.169309823123
2013.10.16_03:12:00.000_TAI,11861,3.039078e+22,10269.0,-0.288347566187256,31007280678.068005,-4724.464571835945,3606.076642394229
2013.11.01_05:24:00.000_TAI,11884,3.062179e+22,11031.0,-0.2861477926982754,31339639242.22965,-4738.67551836843,3750.141736190915
2015.01.25_16:48:00.000_TAI,12268,2.975067e+22,9944.8,-0.2173514122353388,34082246793.338795,-3914.383381995016,4301.114890119994
2015.01.27_04:36:00.000_TAI,12268,2.844237e+22,12051.0,-0.1320269931066425,37315512672.500015,-2603.3034574035,4235.610042412896
2015.08.19_14:24:00.000_TAI,12403,2.383763e+22,4854.7,-0.0933121950745401,33353440441.14648,-1644.567235750679,3391.2902313208106
2013.01.11_11:12:00.000_TAI,11652,2.484539e+22,5245.9,-0.0801239660030034,35823917443.41399,-1516.7293582721663,3616.816289969626
2015.01.29_05:36:00.000_TAI,12268,2.567067e+22,11940.0,-0.0801475260483348,35038087382.66884,-1483.895082644177,3738.841463261596
2015.02.03_02:12:00.000_TAI,12277,2.604737e+22,6682.9,-0.2783923114894497,24702829204.80038,-3633.929514810814,5304.534991341842
2015.03.08_14:36:00.000_TAI,12297,3.022932e+22,6506.1,-0.3700442903918645,26489367925.112373,-5179.621217995161,4242.379154851338
2011.02.17_13:00:00.000_TAI,11158,3.251404e+22,10909.0,-0.3594084401185636,29855880944.686607,-5670.101562703698,4607.746154457133
2016.02.13_13:12:00.000_TAI,12497,3.232448e+22,5904.6,-0.3266085726798526,30162930621.6619,-5205.635806562019,4629.655903683032
2012.11.26_10:12:00.000_TAI,11618,2.903091e+22,3821.6,-0.2353412807205149,31589306460.65161,-3928.356226272782,5058.495808983402
2015.03.10_16:24:00.000_TAI,12297,2.665935e+22,9854.1,-0.1701834582873563,30111878847.24621,-2707.8707855345456,5090.722986243816
2015.03.10_18:48:00.000_TAI,12297,2.441201e+22,12333.0,-0.166539938350614,30072351789.505,-2646.418033962591,4790.764895007372
2015.04.21_09:48:00.000_TAI,12322,2.465016e+22,10830.0,-0.0969768474922313,32828178827.36113,-1682.238047902894,4751.827124980539
2013.10.08_18:12:00.000_TAI,11865,2.371727e+22,8088.3,-0.0695703263666803,34155174615.56956,-1255.605566165044,4924.015322006542
2011.04.14_12:00:00.000_TAI,11190,2.371542e+22,7397.3,-0.0678556128535121,34474494995.107834,-1236.1077680008389,4903.160402162472
2015.03.11_14:00:00.000_TAI,12297,2.396394e+22,16692.0,-0.0576651774606702,35386987321.22645,-1078.2759390980775,4914.072603822236
2015.03.11_21:48:00.000_TAI,12297,2.5434e+22,18960.0,-0.034918165718692,40845006636.56073,-753.6385875731186,5132.309815104232
2015.03.12_04:00:00.000_TAI,12297,2.585339e+22,21060.0,-0.0105010401582304,43708865446.16831,-242.535053875668,5121.608330587795
2015.02.03_15:00:00.000_TAI,12277,2.675295e+22,5710.0,-0.0078241792259717,44815220241.3353,-185.2836424285437,5308.145622023744
2014.04.24_12:36:00.000_TAI,12035,2.318253e+22,3540.8,-0.0091957799180227,37770601254.69783,-183.53345581779817,4409.318803458289
2015.08.19_09:36:00.000_TAI,12403,2.352953e+22,4285.9,-0.0791358206059914,34128243974.976624,-1427.1175432886257,4241.637356867762
2011.02.16_17:24:00.000_TAI,11158,2.756884e+22,11537.0,-0.1166835432494828,35691019304.173164,-2200.601000263494,5166.887042483388
2015.01.30_03:12:00.000_TAI,12268,2.77225e+22,10305.0,-0.1437848661545529,34114878701.36042,-2591.968442979241,4957.992041185528
2014.11.07_21:00:00.000_TAI,12205,3.59304e+22,8597.0,-0.2862164085360789,33849915311.766136,-5119.468233713926,5138.1838982304935
2013.08.11_23:00:00.000_TAI,11817,1.673502e+22,7029.0,-0.2650486257470888,13667750136.016338,-1914.2352809545464,3658.478217049497
2015.04.20_07:24:00.000_TAI,12322,8.388444e+21,2454.8,-0.6370308821470886,5348545987.147787,-1800.399562074314,1062.3175574878833
2012.07.05_09:48:00.000_TAI,11515,5.068125e+22,13964.0,-0.4091198473185309,36390842788.0044,-7867.113977461922,8383.417521858972
2015.04.20_22:00:00.000_TAI,12325,1.049457e+22,15226.0,-0.0717980948889329,16001681484.777044,-607.0875437651371,1340.3389561771962
2015.05.04_14:24:00.000_TAI,12335,2.649061e+22,7834.2,-0.2171097638895395,27545589467.73595,-3160.124610993173,4863.370693342582
2012.06.30_01:00:00.000_TAI,11513,2.524563e+22,5483.6,-0.2181984327917556,27126843977.007587,-3127.689581812135,4814.61274714291
2014.07.31_00:00:00.000_TAI,12127,5.699735e+22,6474.5,-0.4884542415062559,39055432537.29635,-10080.40974241154,7136.514145954903
2015.06.19_06:48:00.000_TAI,12371,5.030321e+22,18649.0,-0.1218254626096446,76855211353.72067,-4947.482064424814,6007.656947033411
2012.09.30_03:24:00.000_TAI,11583,4.989108e+22,5157.5,-0.0711758549721512,77013224380.46234,-2896.4819928594115,6240.38723880796
2015.06.20_02:36:00.000_TAI,12371,5.012767e+22,17702.0,-0.0702446548800044,77435197503.76349,-2874.2491838415986,6256.204730552165
2015.06.20_09:48:00.000_TAI,12367,4.341204e+22,5334.5,-0.4193315866750017,34941012933.11874,-7742.227577175447,7212.896997684931
2015.06.20_18:24:00.000_TAI,12367,4.860862e+22,4426.7,-0.459060256585185,36373329605.400055,-8823.188992646797,7341.344189262701
2016.02.15_07:48:00.000_TAI,12497,4.164839e+22,5656.3,-0.0114264933569465,70918776066.73323,-428.2003473100467,5183.452723636203
2015.06.24_08:12:00.000_TAI,12371,4.158725e+22,13463.0,-0.126939236482777,56684497180.92448,-3802.1831926195055,5870.139619826984
2012.06.27_04:48:00.000_TAI,11513,1.184974e+22,6719.8,-0.4536136085364976,9717752727.44342,-2329.296506160377,1747.7748800811853
2013.08.12_05:48:00.000_TAI,11817,1.703247e+22,7435.1,-0.2880218082789935,20673253464.29601,-3146.350293429408,2411.4016611215598
2015.08.20_02:12:00.000_TAI,12403,3.199134e+22,6329.0,-0.3817293816947392,26954460093.19038,-5436.995717780411,4910.4987486055925
2015.08.20_09:48:00.000_TAI,12403,3.233581e+22,6952.5,-0.3635245530288273,28993775417.588573,-5569.437753540213,5239.472123236636
2014.12.02_11:24:00.000_TAI,12222,3.314785e+22,15399.0,-0.3410741211185026,32423588517.11666,-5843.62897941572,5420.121318621244
2012.07.02_22:12:00.000_TAI,11515,3.517949e+22,11424.0,-0.2847792564031829,36259254757.98698,-5456.322655938534,6259.563489043188
2015.08.21_21:24:00.000_TAI,12403,3.891867e+22,10654.0,-0.1911739491436936,46171150089.14602,-4664.147101130038,6855.733168573538
2015.08.23_07:36:00.000_TAI,12403,4.514416e+22,13387.0,-0.1226771375167436,62524657774.297714,-4053.1036255704175,7387.678822667282
2015.08.23_17:48:00.000_TAI,12403,4.869829e+22,14086.0,-0.0914641888774669,69014517119.7365,-3335.525932377262,8048.437142424341
2012.07.30_15:24:00.000_TAI,11536,6.270862e+22,8801.8,-0.1455205749068683,85152243833.20613,-6547.768491815305,8645.487012220525
2015.08.27_13:12:00.000_TAI,12403,6.879973e+22,11666.0,-0.2265434721728009,82047213389.68933,-9821.73431214064,8266.604868646667
2015.08.27_19:00:00.000_TAI,12403,7.27704e+22,11268.0,-0.2416631776420105,83924972250.34883,-10717.030791734924,8586.718289108785
2015.09.16_09:36:00.000_TAI,12415,1.588487e+22,7667.0,-0.2167901123698984,16645414265.70868,-1906.807756104136,2981.363403842068
2013.10.20_15:36:00.000_TAI,11875,2.057103e+22,4468.0,-0.3061599162221966,20459844027.78424,-3309.965202686567,3049.9481706773995
2014.12.20_19:24:00.000_TAI,12241,2.775844e+22,15100.0,-0.1068375825811465,43311551969.38799,-2445.122291336505,4122.469240592027
2012.09.07_11:36:00.000_TAI,11564,3.164041e+22,3409.3,-0.1000112365379816,48289421563.04357,-2551.9581824856728,4708.247559509126
2015.09.27_04:00:00.000_TAI,12423,7.038312e+21,4012.9,-0.5127961135369615,5526856551.0076,-1497.5995617675846,1236.202431935955
2012.06.12_12:00:00.000_TAI,11504,3.182603e+22,10249.0,-0.0917832431502293,50580927933.4067,-2453.143767100057,4186.470851751934
2015.09.27_13:12:00.000_TAI,12422,3.223048e+22,17845.0,-0.0883794969591983,51382688933.57324,-2399.612688354165,4330.190710746862
2013.10.28_05:36:00.000_TAI,11877,3.9182e+22,7400.2,-0.0915324183359489,59860454311.71465,-2895.2608160996288,5750.0361985031495
2015.09.28_05:12:00.000_TAI,12422,4.038395e+22,16169.0,-0.0938816971543849,61328021076.158966,-3042.3739461152345,5811.783136019147
2014.02.13_23:00:00.000_TAI,11974,3.998657e+22,12428.0,-0.1011262738549669,61538741236.6665,-3288.406065455823,5705.369657388115
2013.12.21_13:24:00.000_TAI,11928,3.943835e+22,9110.2,-0.1011010277692392,61112122233.155525,-3264.792748499641,5686.015023083799
2013.12.21_07:36:00.000_TAI,11934,4.147693e+22,5825.9,-0.0974062229819723,63508246096.370026,-3268.809021590241,6080.387536414201
2015.09.28_19:24:00.000_TAI,12422,4.697935e+22,16372.0,-0.1071628547813037,70436982872.21475,-3988.574673316509,7113.52836978322
2017.09.07_06:00:00.000_TAI,12673,5.49587e+22,17030.0,-0.1541282107160868,76374929707.30153,-6220.2191912242615,8479.592283592947
2012.05.08_22:24:00.000_TAI,11476,5.687894e+22,15013.0,-0.1649929477312104,77729229009.75716,-6776.7675098133,8686.74129410097
2015.09.30_13:12:00.000_TAI,12422,6.253248e+22,12614.0,-0.2224265799586817,76927804724.39229,-9041.547079481332,8706.441418819633
2015.08.27_10:48:00.000_TAI,12403,6.643621e+22,12357.0,-0.2660127584858764,76577028808.50023,-10764.003139622804,8645.14054033076
2015.10.01_12:24:00.000_TAI,12422,6.543758e+22,9778.7,-0.3060337552480928,69948136116.35077,-11311.449646657593,8107.633671142978
2015.06.23_11:12:00.000_TAI,12371,3.877301e+22,17749.0,-0.5234829538083791,26307416223.18964,-7277.018311619196,4947.182208644124
2015.10.30_17:48:00.000_TAI,12443,5.685293e+22,8498.4,-0.3263708786173277,57050145647.80367,-9838.770632567062,6927.95046369695
2015.11.03_03:24:00.000_TAI,12445,2.213782e+22,9912.7,-0.3087986346158197,25158825617.99963,-4105.239292910221,2782.3353832042217
2013.10.21_09:24:00.000_TAI,11875,2.324072e+22,6851.8,-0.3289982560603004,24904005413.097355,-4329.477457300746,2792.5612844361376
2013.11.13_05:00:00.000_TAI,11899,3.305258e+22,16574.0,-0.1119163079802203,41010070720.56885,-2425.2501035656005,5867.4494830295325
2015.11.08_13:12:00.000_TAI,12449,2.440117e+22,5499.3,-0.4270547016075584,20309150850.79471,-4582.9795743576005,3216.27408740568
2015.12.23_02:12:00.000_TAI,12473,3.218558e+22,13237.0,-0.2466557526639129,40081439844.302826,-5224.047470324012,3802.936014067429
2013.10.23_10:24:00.000_TAI,11875,3.434321e+22,15592.0,-0.4888229603949624,24999102486.57412,-6457.265953783397,4637.571223936299
2011.09.04_07:24:00.000_TAI,11286,2.059981e+22,3953.9,-0.3010381515375546,17054418210.164171,-2712.8834082434278,4291.468416722619
2016.02.12_15:24:00.000_TAI,12497,2.61214e+22,5550.1,-0.2937237845777962,22167725272.55257,-3440.5897376430357,5690.115491797809
2016.02.13_19:24:00.000_TAI,12497,3.704472e+22,5657.4,-0.3338799169585955,30708430069.636467,-5417.770433560495,7159.55021958467
2016.02.14_11:00:00.000_TAI,12497,3.794166e+22,6313.7,-0.3334970292961083,33089729687.481407,-5831.199688247899,7197.892524244859
2016.04.17_00:24:00.000_TAI,12529,5.026181e+22,14368.0,-0.1602563559103944,69980979078.14886,-5926.08732614513,6008.989210205848
2016.07.20_00:48:00.000_TAI,12567,3.595285e+22,15463.0,-0.0900245898010226,54355076356.77548,-2585.676033020105,4345.456918221925
2016.07.20_01:48:00.000_TAI,12567,3.633678e+22,15498.0,-0.0881285073696868,54788430557.63586,-2551.39738389492,4420.286782842964
2016.07.22_02:12:00.000_TAI,12567,4.799015e+22,9372.6,-0.2545879779876307,53028292782.10725,-7133.757471788554,5197.2039457471
2016.07.22_05:12:00.000_TAI,12567,4.74731e+22,9956.5,-0.2538047002513626,53215430793.105,-7136.906520990611,5164.353823726712
2016.07.22_05:36:00.000_TAI,12567,4.7458e+22,9902.5,-0.2555231158830392,53089155623.22155,-7168.180694370065,5176.992639485213
2016.11.28_17:24:00.000_TAI,12615,3.240802e+21,2571.8,-0.6598685337117359,2156755356.480008,-752.0227375690855,497.9819223310767
2016.11.28_23:36:00.000_TAI,12615,4.290416e+21,3137.9,-0.6104588257347233,3079098241.081897,-993.2364342356396,670.5578435021871
2017.04.02_14:24:00.000_TAI,12644,3.914156e+22,11506.0,-0.2676671084494293,45405545430.03458,-6422.09394472396,5603.634370012199
2017.07.08_03:24:00.000_TAI,12665,2.919107e+22,11650.0,-0.2180721628917665,35767567036.57441,-4121.567415442842,3782.9938958223433
2017.07.13_02:12:00.000_TAI,12665,2.801508e+22,16157.0,-0.11214024477546,45490703221.54765,-2695.609320399972,3656.7232802833855
2017.09.03_05:48:00.000_TAI,12673,5.665282e+21,9320.6,-0.1573416206284048,7572741219.602603,-629.6071033195193,907.2753749885844
2015.01.27_23:12:00.000_TAI,12277,1.402636e+22,2442.0,-0.1007193667028809,19517639640.680584,-1038.7548163817007,2512.2380348601155
2017.09.03_18:24:00.000_TAI,12673,1.677663e+22,12905.0,-0.0892340978732775,24940894482.347733,-1176.022624282556,3022.5427034045856
2017.09.03_19:36:00.000_TAI,12673,1.8225e+22,13290.0,-0.0797576257584893,27434568470.765747,-1156.2270536519825,3325.5852855470507
2017.09.03_20:00:00.000_TAI,12673,1.862433e+22,13458.0,-0.0718085648455544,28176777804.244823,-1069.1543615009064,3388.496934270921
2011.09.05_02:12:00.000_TAI,11286,1.894302e+22,3292.4,-0.0484873066475293,29066306514.00642,-744.7158967193878,3365.89063590827
2017.09.03_22:12:00.000_TAI,12673,2.103513e+22,15782.0,-0.0170841584815701,33088318906.524868,-298.7040579758721,3913.56099320964
2017.09.04_01:12:00.000_TAI,12673,2.421859e+22,17441.0,-0.0117007724720378,39577686297.95844,-244.7020785459248,4393.888815613199
2015.03.12_15:24:00.000_TAI,12297,2.520921e+22,19253.0,-0.0081541591805235,40334786576.24033,-173.79281255375915,4279.242763207282
2014.02.01_04:24:00.000_TAI,11968,2.558072e+22,4745.0,-0.0057994014036392,40956615594.85226,-125.5104511660208,4358.57998045834
2015.12.23_15:48:00.000_TAI,12473,3.286578e+22,13632.0,-0.0229677625919366,55588913720.9839,-674.651737179723,5640.8833384761965
2017.09.05_09:12:00.000_TAI,12673,3.679864e+22,19376.0,-0.0301035177248887,60141213252.2125,-956.6701477040556,6662.629529358643
2017.09.05_12:00:00.000_TAI,12673,3.788917e+22,19742.0,-0.0427013043155454,62290993357.56025,-1405.526961232123,6634.34628198943
2013.12.21_12:00:00.000_TAI,11928,3.888076e+22,9206.3,-0.0430886745514671,63360729281.307785,-1442.6337105782245,6788.750241160856
2017.09.05_19:36:00.000_TAI,12673,3.979294e+22,20290.0,-0.0445552187651811,65946305924.13532,-1552.6081161459506,6644.598104906497
2017.09.06_05:00:00.000_TAI,12673,4.340678e+22,21676.0,-0.0497806948768714,72429316048.05666,-1905.2332365535292,7041.540636670428
2017.09.06_10:00:00.000_TAI,12673,4.582431e+22,21341.0,-0.0470885268024229,74739973156.81584,-1859.6912222078656,7418.489307700249
2016.07.21_13:36:00.000_TAI,12567,4.594636e+22,10498.0,-0.0492728461217148,73478533398.9648,-1913.1142146423792,7494.492249066001
2017.09.06_14:36:00.000_TAI,12673,4.866939e+22,20121.0,-0.0747488540040848,77389729053.91685,-3056.754764166384,8164.724543690815
2017.09.07_00:00:00.000_TAI,12673,5.379487e+22,18286.0,-0.165450592460853,81113551295.49513,-7091.441013399093,7812.699714600269
2017.09.07_02:24:00.000_TAI,12673,5.405734e+22,17940.0,-0.1677047752206119,80246644882.77628,-7111.236665088082,7459.040734247535
2017.09.07_03:48:00.000_TAI,12673,5.385992e+22,18122.0,-0.1630399324765085,79550227781.51598,-6853.4335488557,7550.080950743241
2017.09.07_15:48:00.000_TAI,12673,5.613295e+22,15305.0,-0.1913748472136508,74241212078.53076,-7507.626362364514,7517.885716098688
2017.09.07_23:48:00.000_TAI,12673,5.941742e+22,12980.0,-0.2451662616843261,72443997440.15329,-9385.033470045571,7518.078267251362
2017.09.08_04:24:00.000_TAI,12673,5.99613e+22,13170.0,-0.2603545011069359,72295490284.91685,-9946.014309667777,7994.463560246645
2017.09.08_11:00:00.000_TAI,12673,5.913498e+22,12747.0,-0.2307476136496428,69742140090.76688,-8503.647957963058,7533.685026255677
