,FLARE_TYPE,COINCIDENCE,g_s_1,g_s_2,g_s_3,g_s_4,g_s_5,g_s_6,g_s_7,g_s_8,g_s_9,g_s_10,g_s_11,g_s_12,g_s_13,g_s_14,g_s_15,g_s_16,g_s_17,g_s_18,g_s_19,g_s_20,g_s_21,g_s_22,g_s_23,g_s_24,g_s_25,g_s_26,g_s_27,g_s_28,g_s_29,g_s_30,g_s_31,g_s_32,g_s_33,g_s_34,g_s_35,g_s_36,g_s_37,g_s_38,g_s_39,g_s_40,g_s_41,g_s_42,g_s_43,g_s_44,g_s_45,g_s_46,g_s_47,g_s_48,g_s_49,g_s_50,g_s_51,g_s_52,g_s_53,g_s_54,g_s_55,g_s_56,g_s_57,g_s_58,g_s_59,g_s_60,g_s_61,g_s_62,g_s_63,g_s_64,g_s_65,g_s_66,g_s_67,g_s_68,g_s_69,g_s_70,g_s_71,g_s_72,g_s_73,g_s_74,g_s_75,g_s_76,g_s_77,g_s_78,g_s_79,g_s_80,g_s_81,g_s_82,g_s_83,g_s_84,g_s_85,g_s_86,g_s_87,g_s_88,g_s_89,g_s_90,g_s_91,g_s_92,g_s_93,g_s_94,g_s_95,g_s_96,g_s_97,g_s_98,g_s_99,g_s_100,g_s_101,g_s_102,g_s_103,g_s_104,g_s_105,g_s_106,g_s_107,g_s_108,g_s_109,g_s_110,g_s_111,g_s_112,g_s_113,g_s_114,g_s_115,g_s_116,g_s_117,g_s_118,g_s_119
0,M,True,1129.2,1126.8,1714.3,957.6,1388.3,2871.1,1345.0,1336.0,1337.5,1316.7,1141.5,1138.4,1349.2,1346.4,1531.0,1491.6,1130.6,1119.5,1117.4,1131.1,1130.5,1861.1,1876.1,1822.0,1826.0,1811.9,1802.9,2230.4,2283.3,1975.6,1978.3,1981.7,1946.9,1986.8,1973.6,1930.8,1922.4,2335.7,2100.5,1671.6,1663.2,1660.3,1821.6,1887.5,1840.2,2314.9,2274.1,2058.9,2038.7,1858.6,1824.6,1810.8,2202.2,2188.1,2195.6,1609.4,1629.7,1584.9,1590.1,1597.5,1595.0,1598.0,1981.7,2419.4,1873.5,1841.7,1820.8,1856.6,2203.9,1825.4,1794.2,2008.5,3361.7,1962.1,2238.7,2256.0,2226.4,2000.4,1998.7,2189.6,1984.7,1767.2,1572.9,3431.2,2891.0,1962.8,1688.7,1440.9,1718.1,2425.2,3692.6,2217.0,2293.9,3740.1,4036.6,4409.5,4720.4,4175.1,4459.3,4573.4,6252.4,3639.3,3867.2,3717.8,3706.4,3636.4,3541.6,3555.5,4087.7,3542.8,3471.7,3744.5,3587.5,3565.4,4588.5,4639.5,4869.4,4595.6,5463.3
1,M,True,1824.6,1810.8,2202.2,2188.1,2195.6,1609.4,1629.7,1584.9,1590.1,1597.5,1595.0,1598.0,1981.7,2419.4,1873.5,1841.7,1820.8,1856.6,2203.9,1825.4,1794.2,2008.5,3361.7,1962.1,2238.7,2256.0,2226.4,2000.4,1998.7,2189.6,1984.7,1767.2,1572.9,3431.2,2891.0,1962.8,1688.7,1440.9,1718.1,2425.2,3692.6,2217.0,2293.9,3740.1,4036.6,4409.5,4720.4,4175.1,4459.3,4573.4,6252.4,3639.3,3867.2,3717.8,3706.4,3636.4,3541.6,3555.5,4087.7,3542.8,3471.7,3744.5,3587.5,3565.4,4588.5,4639.5,4869.4,4595.6,5463.3,4028.5,2989.8,4564.3,3518.1,2502.9,3754.4,4005.1,4403.0,5042.3,5912.1,5884.5,5000.5,4461.6,4894.7,6991.0,6501.8,6263.9,4668.0,6032.3,5071.4,5777.6,6673.9,5536.9,6203.9,5466.7,6000.2,5837.6,5663.0,5866.4,5606.8,5508.2,7696.0,7281.3,7323.7,6348.4,5803.4,6880.1,5982.5,7535.5,7369.8,7472.7,7367.7,7455.1,7615.5,9087.6,9119.5,8062.7,8246.7,9547.8,8293.8
2,B,False,3774.2,2487.4,3070.8,3836.0,4047.5,3827.7,3638.4,3873.8,3958.5,3680.5,3572.7,3677.2,4255.5,3772.8,4362.9,2953.1,3185.0,3665.5,3563.0,2677.3,3147.9,3061.1,3108.2,3000.2,2930.1,3200.3,2730.1,2735.9,2618.5,3094.2,2927.8,3055.4,3169.7,3648.2,3704.1,2811.1,2923.5,2760.6,3827.6,3580.5,3631.4,3298.5,3131.2,3718.4,3439.1,2844.7,2872.1,2509.0,2351.9,3021.6,2346.4,2746.7,2551.8,2602.8,2371.9,3525.7,3412.8,3291.1,3918.2,4290.5,3328.7,2837.6,4177.6,3928.5,3679.3,3730.5,3534.3,4949.0,3527.0,3982.4,3346.1,3030.4,3383.6,3203.5,3101.1,2848.9,2674.3,3581.8,4680.8,3584.8,3368.7,3295.2,4641.9,3483.5,3365.0,3658.5,4383.4,4050.0,4021.3,3187.1,3317.8,3719.3,3815.0,4241.4,3513.6,3859.4,3839.0,2637.1,3024.1,3938.5,3740.4,3769.8,4252.4,3003.6,3353.9,2675.3,2984.5,2904.7,3366.3,3031.8,2962.3,2682.6,2617.4,2916.1,2735.5,2532.6,2387.9,2439.7,2483.3
3,B,True,789.78,713.75,724.09,763.3,848.69,928.55,1080.7,908.44,889.93,1111.7,1060.5,1027.8,933.73,1014.9,1011.5,966.8,960.03,930.52,925.05,904.09,953.7,922.87,947.72,959.67,985.42,1004.6,991.37,982.29,999.89,996.63,1036.8,1059.3,1044.1,1039.6,1022.5,1008.0,867.77,1023.4,850.97,855.82,864.96,834.76,779.53,785.19,773.43,719.64,689.69,763.39,745.29,719.11,722.79,712.23,730.84,700.31,809.33,653.54,796.16,660.75,571.2,682.64,697.86,697.27,871.99,799.48,1071.5,850.83,1328.0,1336.6,1330.2,721.03,1029.8,635.0,630.12,728.2,702.64,872.47,590.14,599.63,862.3,849.98,825.93,577.87,582.39,578.4,841.37,1594.5,811.72,814.71,758.33,779.06,779.54,785.79,773.12,777.86,705.47,931.0,915.1,923.7,704.07,907.63,697.6,918.64,637.38,669.1,470.48,487.4,441.36,251.9,259.99,246.52,422.51,424.26,397.1,410.99,587.36,620.33,600.65,234.97,231.28
4,B,True,0.0,0.0,0.0,0.0,0.0,0.0,0.0,0.0,0.0,0.0,0.0,0.0,0.0,0.0,0.0,0.0,0.0,0.0,0.0,0.0,0.0,0.0,0.0,0.0,0.0,0.0,0.0,0.0,0.0,0.0,0.0,0.0,0.0,0.0,0.0,0.0,0.0,0.0,0.0,0.0,0.0,0.0,0.0,0.0,0.0,0.0,0.0,0.0,0.0,0.0,0.0,0.0,0.0,0.0,0.0,0.0,0.0,0.0,0.0,0.0,0.0,0.0,0.0,0.0,0.0,0.0,0.0,0.0,0.0,0.0,0.0,0.0,0.0,0.0,0.0,0.0,0.0,0.0,0.0,0.0,0.0,0.0,0.0,0.0,0.0,0.0,0.0,0.0,0.0,160.75,169.64,178.37,186.62,192.81,183.03,181.66,178.37,177.36,192.72,236.78,259.26,282.18,278.93,282.98,275.53,262.65,284.83,251.93,235.01,194.31,205.32,212.04,247.38,224.84,217.66,216.9,206.58,0.0,0.0
5,B,True,0.0,0.0,0.0,0.0,0.0,0.0,0.0,0.0,0.0,0.0,0.0,0.0,0.0,0.0,0.0,0.0,0.0,0.0,0.0,0.0,0.0,0.0,0.0,0.0,0.0,0.0,0.0,0.0,0.0,0.0,0.0,0.0,0.0,0.0,0.0,0.0,0.0,0.0,0.0,0.0,0.0,0.0,0.0,0.0,0.0,0.0,0.0,0.0,0.0,0.0,0.0,0.0,0.0,0.0,0.0,0.0,0.0,0.0,0.0,0.0,0.0,0.0,0.0,0.0,0.0,0.0,0.0,0.0,0.0,66.774,0.0,67.925,60.411,54.894,0.0,0.0,103.18,112.86,104.35,111.47,87.466,95.851,89.596,83.393,110.64,111.65,113.43,129.34,137.82,247.64,241.68,245.27,371.92,480.04,314.69,444.27,409.57,405.11,590.1,779.69,814.96,769.53,801.87,801.15,812.78,809.9,902.95,1290.1,1499.8,1192.1,1194.2,4434.6,1213.3,911.29,907.77,1175.7,1153.0,1140.1,1039.7
6,B,False,0.0,0.0,0.0,0.0,0.0,0.0,0.0,0.0,0.0,0.0,0.0,0.0,0.0,0.0,0.0,0.0,0.0,0.0,0.0,0.0,0.0,0.0,0.0,0.0,0.0,0.0,0.0,0.0,0.0,0.0,0.0,0.0,0.0,0.0,0.0,0.0,0.0,0.0,0.0,0.0,0.0,0.0,0.0,0.0,0.0,0.0,0.0,0.0,0.0,0.0,0.0,0.0,0.0,0.0,0.0,0.0,0.0,0.0,0.0,0.0,0.0,0.0,0.0,0.0,0.0,0.0,0.0,0.0,0.0,0.0,0.0,0.0,0.0,0.0,0.0,0.0,0.0,0.0,0.0,0.0,0.0,0.0,0.0,0.0,0.0,0.0,0.0,0.0,0.0,0.0,0.0,0.0,0.0,0.0,0.0,0.0,0.0,0.0,0.0,0.0,0.0,0.0,0.0,0.0,0.0,0.0,0.0,0.0,0.0,0.0,0.0,0.0,0.0,0.0,0.0,0.0,0.0,0.0,0.0
7,B,False,0.0,0.0,0.0,0.0,0.0,0.0,0.0,0.0,0.0,0.0,0.0,0.0,0.0,0.0,0.0,0.0,0.0,0.0,0.0,0.0,0.0,0.0,0.0,0.0,0.0,0.0,0.0,0.0,0.0,0.0,0.0,0.0,0.0,0.0,0.0,0.0,0.0,0.0,0.0,0.0,0.0,0.0,0.0,0.0,0.0,0.0,0.0,0.0,0.0,0.0,0.0,0.0,0.0,0.0,0.0,0.0,0.0,0.0,0.0,0.0,0.0,0.0,0.0,0.0,0.0,0.0,0.0,0.0,0.0,0.0,0.0,0.0,0.0,0.0,0.0,0.0,0.0,0.0,0.0,0.0,0.0,0.0,0.0,0.0,0.0,0.0,0.0,0.0,0.0,0.0,0.0,0.0,0.0,0.0,0.0,0.0,0.0,0.0,0.0,0.0,0.0,0.0,0.0,0.0,0.0,0.0,0.0,0.0,0.0,0.0,0.0,0.0,0.0,0.0,0.0,0.0,0.0,0.0,0.0
8,B,False,613.57,747.96,749.19,872.0,931.1,901.14,782.73,586.66,567.77,697.59,693.35,618.33,811.28,683.21,981.82,654.46,1097.7,268.84,281.06,291.37,298.38,636.94,587.76,632.64,633.09,540.71,537.69,468.78,467.96,526.4,653.34,1126.4,1165.3,990.96,1200.4,908.24,899.2,1601.0,1525.3,1417.0,1235.1,1686.4,2305.3,1932.6,1703.3,1761.8,1779.6,2031.9,2407.4,2612.0,2336.2,2289.1,2769.0,3258.2,3364.7,3391.6,3635.4,3565.8,3309.8,3382.8,3480.0,3500.4,3592.6,3506.0,3818.7,3425.9,3447.4,2615.1,3078.3,3360.6,3035.8,3092.1,3323.2,3267.2,3242.3,4075.5,4435.6,4381.4,3212.6,4247.0,4992.1,5225.6,4706.2,5334.7,5612.3,4074.6,5571.3,5817.6,5483.8,4967.5,5096.6,5626.1,5707.3,5415.3,5325.4,4698.5,5685.2,5117.1,4846.0,4498.0,5926.7,5684.3,6216.6,5685.4,5527.1,6075.3,4374.6,3292.8,3703.8,3661.3,3509.0,3559.9,4090.6,5113.8,5205.7,4475.0,4533.7,5358.7,4205.8
9,B,False,953.53,955.39,948.58,958.27,955.39,1272.9,1283.7,1311.2,1330.1,999.43,971.08,1315.5,1303.9,962.35,970.26,989.02,1343.6,1337.4,1315.4,992.49,997.28,1015.6,970.72,1016.0,1011.6,1324.2,1300.3,1281.5,991.06,1005.8,990.23,987.96,1009.2,1008.2,1019.4,987.83,991.35,992.28,1361.8,1378.3,1376.1,1373.9,1370.6,1289.0,1375.6,1395.5,1376.5,1359.2,991.92,976.1,995.99,990.85,1006.2,995.74,1022.4,1034.5,1012.6,1003.5,1019.2,684.24,702.11,1016.9,996.79,692.52,694.95,679.7,969.67,968.22,936.46,923.18,1075.7,1057.5,925.0,909.05,1231.8,1532.4,1252.0,904.5,912.11,879.98,870.27,849.83,843.08,861.04,864.15,846.28,850.58,854.88,844.75,848.02,841.54,854.27,858.61,854.52,1203.0,839.92,851.33,1155.7,1187.1,853.29,1182.5,1165.6,1189.6,836.63,1162.2,805.54,824.75,824.02,835.23,825.26,832.29,789.47,784.32,761.66,756.21,784.15,759.82,751.5,1040.5
10,B,True,3300.1,3288.4,3254.0,3200.2,3167.1,3142.6,3190.8,3179.5,3205.3,6265.1,6318.4,6261.9,3156.0,3132.8,6087.8,6091.6,3139.4,6275.1,6359.1,0.0,0.0,0.0,3170.5,3125.1,0.0,0.0,0.0,0.0,3240.8,0.0,0.0,0.0,0.0,0.0,0.0,0.0,0.0,0.0,3258.0,0.0,0.0,0.0,3177.9,3118.8,3094.7,3099.5,3155.6,3122.6,3162.2,0.0,3326.3,3242.3,0.0,0.0,0.0,0.0,3162.9,3189.2,0.0,0.0,0.0,0.0,0.0,0.0,0.0,0.0,0.0,0.0,0.0,0.0,0.0,0.0,0.0,0.0,0.0,0.0,0.0,0.0,0.0,0.0,0.0,0.0,0.0,0.0,0.0,0.0,0.0,0.0,0.0,0.0,0.0,0.0,0.0,0.0,0.0,0.0,0.0,0.0,0.0,0.0,0.0,0.0,0.0,0.0,0.0,0.0,0.0,0.0,0.0,0.0,0.0,0.0,0.0,0.0,0.0,0.0,0.0,0.0,0.0
11,B,True,344.76,180.06,174.54,185.64,190.91,189.63,355.13,190.97,189.41,185.73,192.23,349.87,361.18,203.49,171.43,190.35,190.78,182.89,186.66,194.87,188.2,182.64,181.9,194.11,289.61,183.68,190.31,185.02,224.1,216.46,186.86,184.02,204.24,210.06,204.36,234.78,172.83,180.48,163.81,160.67,182.98,339.18,184.24,178.44,177.1,189.11,312.0,333.0,317.2,270.79,298.96,317.7,323.17,338.23,341.59,343.26,446.27,444.47,403.23,468.46,439.48,426.43,394.32,313.79,314.08,314.13,321.13,331.39,355.5,326.9,327.8,282.26,272.84,275.66,274.09,270.51,303.85,317.7,327.19,428.35,308.03,318.82,311.2,297.11,293.03,276.47,268.29,253.02,285.74,299.52,394.29,300.8,303.86,305.26,298.78,296.1,280.24,336.27,308.18,298.01,159.93,176.67,153.43,128.62,144.93,151.77,153.2,152.0,131.3,131.49,127.2,144.47,141.21,140.21,123.13,138.47,137.93,113.05,109.04
12,B,True,0.0,0.0,0.0,0.0,0.0,0.0,0.0,0.0,0.0,0.0,0.0,0.0,0.0,0.0,0.0,0.0,0.0,0.0,0.0,0.0,0.0,0.0,0.0,0.0,0.0,0.0,0.0,0.0,0.0,0.0,0.0,0.0,0.0,0.0,0.0,0.0,0.0,0.0,0.0,0.0,0.0,0.0,0.0,0.0,0.0,0.0,0.0,0.0,0.0,0.0,0.0,0.0,0.0,0.0,0.0,0.0,0.0,0.0,0.0,79.2,82.607,75.064,70.053,67.568,82.2,70.778,58.015,77.709,82.055,90.373,71.645,68.98,76.975,84.225,82.613,51.822,46.33,49.668,80.498,65.461,51.211,47.498,39.363,43.873,44.337,39.927,47.264,43.546,47.559,46.97,48.064,50.268,52.213,58.974,56.934,54.359,43.186,45.083,39.649,32.833,38.201,38.049,41.872,38.918,39.584,37.076,30.005,28.709,35.174,34.359,29.737,34.962,30.787,24.403,29.863,37.402,34.644,37.885,0.0
13,B,True,0.0,0.0,0.0,0.0,0.0,0.0,0.0,0.0,0.0,0.0,0.0,0.0,0.0,0.0,0.0,0.0,0.0,0.0,0.0,0.0,0.0,0.0,0.0,0.0,0.0,0.0,0.0,0.0,0.0,0.0,0.0,0.0,0.0,0.0,0.0,0.0,0.0,0.0,0.0,0.0,0.0,0.0,0.0,0.0,0.0,0.0,0.0,0.0,0.0,0.0,0.0,0.0,0.0,0.0,0.0,0.0,0.0,0.0,0.0,0.0,0.0,0.0,0.0,0.0,0.0,0.0,0.0,0.0,0.0,0.0,0.0,0.0,0.0,0.0,0.0,0.0,0.0,0.0,0.0,0.0,0.0,0.0,0.0,0.0,0.0,0.0,0.0,0.0,0.0,0.0,0.0,0.0,0.0,0.0,0.0,0.0,0.0,0.0,0.0,0.0,0.0,0.0,0.0,0.0,0.0,0.0,0.0,0.0,0.0,0.0,0.0,0.0,0.0,0.0,0.0,0.0,0.0,0.0,0.0
14,B,True,0.0,0.0,0.0,0.0,0.0,0.0,0.0,0.0,0.0,0.0,0.0,0.0,0.0,0.0,0.0,0.0,0.0,0.0,0.0,0.0,0.0,0.0,0.0,0.0,0.0,0.0,0.0,0.0,0.0,0.0,0.0,0.0,0.0,0.0,0.0,0.0,0.0,0.0,0.0,0.0,0.0,0.0,0.0,0.0,0.0,0.0,0.0,0.0,0.0,0.0,0.0,0.0,0.0,0.0,0.0,0.0,0.0,0.0,0.0,0.0,0.0,0.0,0.0,0.0,0.0,0.0,0.0,0.0,0.0,0.0,0.0,0.0,0.0,0.0,0.0,0.0,0.0,0.0,0.0,0.0,0.0,0.0,0.0,0.0,0.0,0.0,456.79,452.49,448.95,492.58,522.0,549.69,488.58,526.25,534.73,518.48,511.32,520.38,524.14,532.11,536.94,1249.1,1158.4,1227.3,1174.5,1226.2,1178.6,593.08,565.04,575.42,586.29,587.62,602.5,613.68,1286.2,1278.7,1238.6,1255.5,1254.6
15,B,True,1881.4,1892.6,1888.8,1554.4,1526.8,1542.2,1541.0,1531.5,1555.9,1562.8,1547.9,1527.8,1534.3,1517.7,1541.5,1568.8,1570.4,1559.3,1578.3,2802.8,1510.0,2671.9,2736.0,2737.8,3098.8,3242.7,3248.1,2918.2,2924.1,2842.0,2947.6,2558.0,2848.9,2893.8,2875.3,2916.6,2918.1,2758.6,2379.6,2425.3,2515.9,2809.6,2726.5,2776.8,2392.6,2578.4,2294.9,1756.4,1834.6,2318.0,2329.6,2604.4,2545.7,2374.8,2309.3,2556.4,2497.7,2530.3,2517.8,2494.7,2437.6,1926.9,2464.9,1853.1,2982.3,2321.0,1829.2,2489.3,1759.8,1944.3,1942.1,2144.1,1991.3,2480.9,1875.8,1868.4,1652.1,2528.8,2144.7,2232.3,2152.6,2381.8,2631.4,2592.3,2114.8,2495.4,2594.8,2136.8,2052.9,1825.1,2328.9,2123.6,1973.3,1998.2,1987.9,2003.8,1975.5,1953.9,2079.6,2065.3,1721.5,2014.2,2392.6,1996.3,1995.7,1972.1,1897.0,1844.5,2210.0,2159.3,2160.4,1766.7,2136.3,1672.6,1752.4,1608.5,1672.6,2016.6,1681.3
16,B,True,395.96,336.2,341.68,357.22,439.59,472.36,442.82,387.96,400.69,296.73,470.5,364.21,330.99,188.89,319.96,329.14,327.29,344.83,333.58,308.0,120.71,162.66,159.71,176.19,184.23,142.41,152.88,156.4,168.33,154.62,156.58,135.74,85.937,99.225,92.173,92.697,82.612,122.99,147.52,152.04,133.27,122.89,148.32,124.34,118.53,116.86,92.422,83.481,86.249,83.759,39.781,48.241,0.0,15.073,20.684,8.1664,0.0,0.0,0.0,0.0,0.0,6.8833,7.9751,0.0,0.0,6.3173,4.7782,0.0,0.0,0.0,0.0,0.0,0.0,0.0,0.0,0.0,0.0,0.0,0.0,0.0,0.0,0.0,0.0,0.0,0.0,0.0,0.0,0.0,0.0,0.0,0.0,0.0,7.9134,9.1235,9.1351,9.1351,0.0,0.0,0.0,0.0,0.0,0.0,0.0,7.3309,9.1237,0.0,0.0,0.0,0.0,0.0,0.0,0.0,0.0,0.0,0.0,0.0,0.0,0.0,0.0
17,B,False,1799.1,1873.6,2524.9,2348.9,2241.0,2176.6,2033.3,2088.5,2235.3,2153.3,2347.4,1873.7,1640.6,1585.4,1751.5,1419.5,1535.9,1377.8,1075.2,1439.9,1389.4,1411.0,1206.7,1349.6,1113.5,1107.5,1064.2,1114.7,1125.1,749.39,914.54,905.36,802.54,753.37,856.99,836.29,708.73,1190.5,935.57,885.8,816.99,697.09,722.22,1020.7,709.94,999.04,866.85,895.46,752.08,939.93,716.31,813.41,626.66,616.88,623.27,637.53,818.29,604.68,658.3,636.89,843.96,872.49,891.57,680.24,695.73,824.78,775.15,715.63,758.0,772.41,719.38,786.45,698.05,737.51,748.38,748.71,730.72,797.94,648.91,633.6,642.37,627.34,624.73,577.15,603.71,662.34,696.44,563.17,556.17,527.7,551.92,516.06,492.5,461.78,496.89,499.55,492.07,492.85,464.83,347.62,589.28,480.83,568.89,581.64,466.11,533.78,638.54,461.25,555.07,649.68,665.43,602.78,506.75,600.18,595.23,594.47,567.69,611.82,582.32
18,B,False,0.0,0.0,0.0,0.0,0.0,0.0,0.0,0.0,0.0,0.0,0.0,0.0,0.0,0.0,0.0,0.0,0.0,0.0,0.0,0.0,0.0,0.0,0.0,0.0,0.0,0.0,0.0,0.0,0.0,0.0,0.0,0.0,0.0,0.0,0.0,0.0,0.0,0.0,0.0,0.0,0.0,0.0,0.0,0.0,0.0,0.0,0.0,0.0,0.0,0.0,0.0,0.0,0.0,0.0,0.0,0.0,0.0,0.0,0.0,0.0,0.0,0.0,0.0,0.0,0.0,0.0,0.0,0.0,0.0,0.0,0.0,0.0,66.774,0.0,67.925,60.411,54.894,0.0,0.0,103.18,112.86,104.35,111.47,87.466,95.851,89.596,83.393,110.64,111.65,113.43,129.34,137.82,247.64,241.68,245.27,371.92,480.04,314.69,444.27,409.57,405.11,590.1,779.69,814.96,769.53,801.87,801.15,812.78,809.9,902.95,1290.1,1499.8,1192.1,1194.2,4434.6,1213.3,911.29,907.77,1175.7
19,B,True,0.0,0.0,0.0,0.0,0.0,0.0,0.0,0.0,0.0,0.0,0.0,0.0,0.0,0.0,0.0,0.0,0.0,0.0,0.0,0.0,0.0,0.0,0.0,0.0,0.0,0.0,0.0,0.0,0.0,0.0,0.0,0.0,0.0,0.0,0.0,0.0,0.0,0.0,0.0,0.0,0.0,0.0,0.0,0.0,0.0,0.0,0.0,0.0,0.0,0.0,0.0,0.0,0.0,0.0,0.0,0.0,0.0,0.0,0.0,0.0,0.0,0.0,0.0,0.0,0.0,0.0,0.0,0.0,0.0,0.0,0.0,0.0,0.0,0.0,0.0,0.0,0.0,0.0,0.0,0.0,0.0,0.0,0.0,0.0,0.0,0.0,0.0,0.0,0.0,0.0,0.0,0.0,0.0,0.0,0.0,0.0,0.0,0.0,0.0,0.0,0.0,0.0,0.0,0.0,0.0,0.0,0.0,0.0,0.0,0.0,0.0,0.0,0.0,0.0,0.0,0.0,0.0,0.0,0.0
20,B,False,1022.5,1008.0,867.77,1023.4,850.97,855.82,864.96,834.76,779.53,785.19,773.43,719.64,689.69,763.39,745.29,719.11,722.79,712.23,730.84,700.31,809.33,653.54,796.16,660.75,571.2,682.64,697.86,697.27,871.99,799.48,1071.5,850.83,1328.0,1336.6,1330.2,721.03,1029.8,635.0,630.12,728.2,702.64,872.47,590.14,599.63,862.3,849.98,825.93,577.87,582.39,578.4,841.37,1594.5,811.72,814.71,758.33,779.06,779.54,785.79,773.12,777.86,705.47,931.0,915.1,923.7,704.07,907.63,697.6,918.64,637.38,669.1,470.48,487.4,441.36,251.9,259.99,246.52,422.51,424.26,397.1,410.99,587.36,620.33,600.65,234.97,231.28,271.1,369.99,380.17,369.15,195.64,201.71,199.53,188.53,185.88,195.23,154.81,200.48,195.88,204.8,196.03,201.06,190.01,194.54,199.6,194.67,196.26,192.84,187.24,196.81,192.42,186.54,213.23,207.08,173.98,184.56,194.36,189.79,185.45,184.2
21,B,True,1044.3,1075.9,879.99,909.95,924.35,923.65,896.16,935.78,956.51,680.76,1229.4,1300.4,1563.8,1313.1,1297.8,1333.3,1317.1,1587.9,1845.3,2139.1,1813.7,1941.4,2142.1,1279.9,1091.4,1125.1,898.29,677.97,1322.2,777.58,566.03,1018.9,1352.3,1347.1,1179.5,1350.7,1469.2,975.79,1431.1,832.03,965.14,997.08,982.71,957.94,796.04,800.68,569.44,475.56,385.75,377.49,357.47,447.09,454.54,448.83,465.28,794.34,599.52,605.27,784.06,798.0,805.6,789.78,713.75,724.09,763.3,848.69,928.55,1080.7,908.44,889.93,1111.7,1060.5,1027.8,933.73,1014.9,1011.5,966.8,960.03,930.52,925.05,904.09,953.7,922.87,947.72,959.67,985.42,1004.6,991.37,982.29,999.89,996.63,1036.8,1059.3,1044.1,1039.6,1022.5,1008.0,867.77,1023.4,850.97,855.82,864.96,834.76,779.53,785.19,773.43,719.64,689.69,763.39,745.29,719.11,722.79,712.23,730.84,700.31,809.33,653.54,796.16,660.75
22,B,False,1587.9,1845.3,2139.1,1813.7,1941.4,2142.1,1279.9,1091.4,1125.1,898.29,677.97,1322.2,777.58,566.03,1018.9,1352.3,1347.1,1179.5,1350.7,1469.2,975.79,1431.1,832.03,965.14,997.08,982.71,957.94,796.04,800.68,569.44,475.56,385.75,377.49,357.47,447.09,454.54,448.83,465.28,794.34,599.52,605.27,784.06,798.0,805.6,789.78,713.75,724.09,763.3,848.69,928.55,1080.7,908.44,889.93,1111.7,1060.5,1027.8,933.73,1014.9,1011.5,966.8,960.03,930.52,925.05,904.09,953.7,922.87,947.72,959.67,985.42,1004.6,991.37,982.29,999.89,996.63,1036.8,1059.3,1044.1,1039.6,1022.5,1008.0,867.77,1023.4,850.97,855.82,864.96,834.76,779.53,785.19,773.43,719.64,689.69,763.39,745.29,719.11,722.79,712.23,730.84,700.31,809.33,653.54,796.16,660.75,571.2,682.64,697.86,697.27,871.99,799.48,1071.5,850.83,1328.0,1336.6,1330.2,721.03,1029.8,635.0,630.12,728.2,702.64
23,B,False,345.89,335.19,669.05,680.5,704.03,646.36,671.14,662.92,768.53,691.29,764.83,760.01,721.14,731.4,712.39,729.47,744.49,735.04,769.26,736.87,758.76,590.55,590.25,578.61,595.46,598.06,616.25,596.75,612.02,598.63,1170.0,1155.6,579.0,1532.4,929.52,970.63,956.38,1052.4,1051.3,1013.3,1739.3,2527.1,1760.3,1706.8,1683.2,1760.8,1783.4,2137.4,2012.8,1957.2,2046.2,2037.4,1837.4,2012.6,1945.2,1508.7,1433.6,1394.6,1369.9,1378.9,1420.8,1426.4,1337.7,838.81,1302.0,772.01,762.93,709.64,718.46,659.2,868.6,904.72,881.66,1011.8,1031.6,1005.9,999.61,873.28,630.92,857.87,789.19,803.19,866.78,830.13,827.83,620.59,698.55,711.87,774.53,768.59,536.77,776.15,618.94,479.51,515.1,486.24,582.3,648.48,581.96,441.15,373.27,609.71,479.26,448.7,468.61,394.78,263.37,250.28,235.9,445.25,358.44,337.45,166.53,242.09,207.12,140.74,85.214,0.0,149.33
24,B,False,43.186,45.083,39.649,32.833,38.201,38.049,41.872,38.918,39.584,37.076,30.005,28.709,35.174,34.359,29.737,34.962,30.787,24.403,29.863,37.402,34.644,37.885,0.0,22.284,28.785,28.315,33.499,36.921,37.45,37.511,41.896,41.902,39.817,38.554,35.122,42.031,28.541,30.08,32.472,38.249,28.974,38.975,41.475,38.067,37.02,16.753,12.022,20.352,18.03,13.352,14.095,18.563,18.277,22.814,20.653,14.468,15.953,13.762,14.4,13.672,13.221,13.563,14.256,0.0,0.0,0.0,0.0,9.221,7.846,0.0,0.0,0.0,0.0,0.0,0.0,0.0,0.0,0.0,0.0,0.0,0.0,0.0,0.0,0.0,0.0,0.0,0.0,0.0,0.0,0.0,0.0,0.0,0.0,0.0,0.0,0.0,0.0,0.0,0.0,0.0,0.0,0.0,0.0,0.0,0.0,0.0,0.0,0.0,0.0,0.0,0.0,0.0,0.0,0.0,0.0,0.0,0.0,0.0,0.0
25,B,False,0.0,0.0,0.0,0.0,0.0,0.0,0.0,0.0,0.0,0.0,0.0,0.0,0.0,0.0,0.0,0.0,0.0,0.0,0.0,0.0,0.0,0.0,0.0,0.0,0.0,0.0,0.0,0.0,0.0,0.0,0.0,0.0,0.0,0.0,0.0,0.0,0.0,0.0,0.0,0.0,0.0,0.0,0.0,0.0,0.0,0.0,0.0,0.0,0.0,0.0,0.0,0.0,0.0,0.0,0.0,0.0,0.0,0.0,0.0,0.0,0.0,0.0,0.0,0.0,0.0,0.0,0.0,0.0,0.0,0.0,0.0,0.0,0.0,0.0,0.0,0.0,0.0,0.0,0.0,0.0,0.0,0.0,0.0,0.0,0.0,0.0,0.0,0.0,0.0,0.0,0.0,0.0,0.0,0.0,0.0,0.0,0.0,0.0,0.0,0.0,456.79,452.49,448.95,492.58,522.0,549.69,488.58,526.25,534.73,518.48,511.32,520.38,524.14,532.11,536.94,1249.1,1158.4,1227.3,1174.5
26,B,False,2142.1,1279.9,1091.4,1125.1,898.29,677.97,1322.2,777.58,566.03,1018.9,1352.3,1347.1,1179.5,1350.7,1469.2,975.79,1431.1,832.03,965.14,997.08,982.71,957.94,796.04,800.68,569.44,475.56,385.75,377.49,357.47,447.09,454.54,448.83,465.28,794.34,599.52,605.27,784.06,798.0,805.6,789.78,713.75,724.09,763.3,848.69,928.55,1080.7,908.44,889.93,1111.7,1060.5,1027.8,933.73,1014.9,1011.5,966.8,960.03,930.52,925.05,904.09,953.7,922.87,947.72,959.67,985.42,1004.6,991.37,982.29,999.89,996.63,1036.8,1059.3,1044.1,1039.6,1022.5,1008.0,867.77,1023.4,850.97,855.82,864.96,834.76,779.53,785.19,773.43,719.64,689.69,763.39,745.29,719.11,722.79,712.23,730.84,700.31,809.33,653.54,796.16,660.75,571.2,682.64,697.86,697.27,871.99,799.48,1071.5,850.83,1328.0,1336.6,1330.2,721.03,1029.8,635.0,630.12,728.2,702.64,872.47,590.14,599.63,862.3,849.98
27,B,False,0.0,0.0,0.0,0.0,0.0,0.0,0.0,0.0,0.0,0.0,0.0,0.0,0.0,0.0,0.0,0.0,0.0,0.0,0.0,0.0,0.0,0.0,0.0,0.0,0.0,0.0,0.0,0.0,0.0,0.0,0.0,0.0,0.0,0.0,0.0,0.0,0.0,0.0,0.0,0.0,0.0,0.0,0.0,0.0,0.0,0.0,0.0,0.0,0.0,0.0,0.0,0.0,0.0,0.0,0.0,0.0,0.0,0.0,0.0,0.0,0.0,0.0,0.0,0.0,0.0,0.0,0.0,0.0,0.0,0.0,0.0,0.0,0.0,0.0,0.0,0.0,0.0,0.0,0.0,0.0,0.0,0.0,0.0,0.0,0.0,0.0,0.0,0.0,0.0,0.0,0.0,0.0,0.0,0.0,0.0,0.0,0.0,0.0,0.0,0.0,0.0,0.0,0.0,0.0,0.0,0.0,0.0,0.0,0.0,0.0,0.0,0.0,0.0,0.0,0.0,0.0,0.0,0.0,0.0
28,B,False,0.0,0.0,0.0,0.0,0.0,0.0,0.0,0.0,0.0,0.0,0.0,0.0,0.0,0.0,0.0,0.0,0.0,0.0,0.0,0.0,0.0,0.0,0.0,0.0,0.0,0.0,0.0,0.0,0.0,0.0,0.0,0.0,0.0,0.0,0.0,0.0,0.0,0.0,0.0,0.0,0.0,0.0,0.0,0.0,0.0,0.0,0.0,0.0,0.0,0.0,0.0,0.0,0.0,0.0,0.0,0.0,0.0,0.0,0.0,0.0,0.0,0.0,0.0,0.0,0.0,0.0,0.0,0.0,0.0,0.0,0.0,0.0,0.0,0.0,0.0,0.0,0.0,0.0,0.0,0.0,0.0,0.0,0.0,0.0,0.0,0.0,0.0,0.0,0.0,0.0,0.0,0.0,0.0,0.0,0.0,0.0,0.0,0.0,0.0,0.0,0.0,0.0,0.0,0.0,0.0,0.0,0.0,1127.8,1128.5,0.0,1113.4,1093.9,1116.6,1126.4,1159.9,1130.2,1130.5,1129.9,1099.9
29,B,True,0.0,0.0,0.0,0.0,0.0,0.0,0.0,0.0,0.0,0.0,0.0,0.0,0.0,0.0,0.0,0.0,0.0,0.0,0.0,0.0,0.0,0.0,0.0,0.0,0.0,0.0,0.0,0.0,0.0,0.0,0.0,0.0,0.0,0.0,0.0,0.0,0.0,0.0,0.0,0.0,0.0,0.0,0.0,0.0,0.0,0.0,0.0,0.0,0.0,0.0,0.0,0.0,0.0,0.0,0.0,0.0,0.0,0.0,0.0,0.0,0.0,0.0,0.0,0.0,0.0,0.0,0.0,0.0,0.0,0.0,0.0,0.0,0.0,0.0,0.0,0.0,0.0,0.0,0.0,0.0,0.0,0.0,0.0,0.0,0.0,0.0,0.0,0.0,0.0,0.0,0.0,0.0,0.0,0.0,0.0,0.0,0.0,0.0,0.0,0.0,0.0,0.0,0.0,0.0,0.0,0.0,0.0,0.0,0.0,0.0,0.0,0.0,0.0,0.0,0.0,0.0,0.0,0.0,0.0
30,B,False,341.68,357.22,439.59,472.36,442.82,387.96,400.69,296.73,470.5,364.21,330.99,188.89,319.96,329.14,327.29,344.83,333.58,308.0,120.71,162.66,159.71,176.19,184.23,142.41,152.88,156.4,168.33,154.62,156.58,135.74,85.937,99.225,92.173,92.697,82.612,122.99,147.52,152.04,133.27,122.89,148.32,124.34,118.53,116.86,92.422,83.481,86.249,83.759,39.781,48.241,0.0,15.073,20.684,8.1664,0.0,0.0,0.0,0.0,0.0,6.8833,7.9751,0.0,0.0,6.3173,4.7782,0.0,0.0,0.0,0.0,0.0,0.0,0.0,0.0,0.0,0.0,0.0,0.0,0.0,0.0,0.0,0.0,0.0,0.0,0.0,0.0,0.0,0.0,0.0,0.0,0.0,7.9134,9.1235,9.1351,9.1351,0.0,0.0,0.0,0.0,0.0,0.0,0.0,7.3309,9.1237,0.0,0.0,0.0,0.0,0.0,0.0,0.0,0.0,0.0,0.0,0.0,0.0,0.0,0.0,0.0,0.0
31,B,False,785.79,773.12,777.86,705.47,931.0,915.1,923.7,704.07,907.63,697.6,918.64,637.38,669.1,470.48,487.4,441.36,251.9,259.99,246.52,422.51,424.26,397.1,410.99,587.36,620.33,600.65,234.97,231.28,271.1,369.99,380.17,369.15,195.64,201.71,199.53,188.53,185.88,195.23,154.81,200.48,195.88,204.8,196.03,201.06,190.01,194.54,199.6,194.67,196.26,192.84,187.24,196.81,192.42,186.54,213.23,207.08,173.98,184.56,194.36,189.79,185.45,184.2,180.16,184.08,140.94,137.55,135.59,131.24,137.69,138.19,132.35,137.81,137.33,136.19,131.81,133.18,138.01,129.07,123.48,122.09,122.87,120.62,116.18,114.09,113.74,112.56,115.43,110.32,111.63,110.72,109.33,109.64,104.72,99.205,103.51,106.91,106.82,107.93,107.47,101.65,103.94,102.7,107.01,201.6,101.79,103.97,0.0,0.0,163.12,0.0,100.13,97.89,0.0,0.0,0.0,0.0,0.0,97.905,0.0
32,B,False,0.0,0.0,0.0,0.0,0.0,0.0,0.0,0.0,0.0,0.0,0.0,0.0,0.0,0.0,0.0,0.0,0.0,0.0,0.0,0.0,0.0,0.0,0.0,0.0,0.0,0.0,0.0,0.0,0.0,0.0,0.0,0.0,0.0,0.0,0.0,0.0,0.0,0.0,0.0,0.0,0.0,0.0,0.0,0.0,0.0,0.0,0.0,0.0,0.0,192.03,0.0,0.0,0.0,179.92,181.8,172.01,172.52,176.06,174.39,189.37,178.33,0.0,0.0,0.0,0.0,0.0,0.0,0.0,0.0,0.0,0.0,0.0,0.0,0.0,0.0,0.0,0.0,0.0,0.0,0.0,0.0,0.0,0.0,0.0,0.0,0.0,0.0,0.0,0.0,0.0,0.0,0.0,0.0,0.0,0.0,0.0,0.0,0.0,0.0,0.0,0.0,0.0,0.0,0.0,0.0,0.0,0.0,0.0,0.0,0.0,0.0,0.0,0.0,0.0,0.0,0.0,0.0,0.0,0.0
33,B,False,0.0,0.0,0.0,0.0,0.0,0.0,0.0,0.0,0.0,0.0,0.0,0.0,0.0,0.0,0.0,0.0,0.0,0.0,0.0,0.0,0.0,0.0,0.0,0.0,0.0,0.0,0.0,0.0,0.0,0.0,0.0,0.0,0.0,0.0,0.0,0.0,0.0,0.0,0.0,0.0,0.0,0.0,0.0,0.0,0.0,0.0,0.0,0.0,0.0,0.0,0.0,0.0,0.0,0.0,0.0,0.0,0.0,0.0,0.0,0.0,0.0,0.0,0.0,0.0,0.0,0.0,0.0,0.0,0.0,0.0,0.0,0.0,0.0,0.0,79.2,82.607,75.064,70.053,67.568,82.2,70.778,58.015,77.709,82.055,90.373,71.645,68.98,76.975,84.225,82.613,51.822,46.33,49.668,80.498,65.461,51.211,47.498,39.363,43.873,44.337,39.927,47.264,43.546,47.559,46.97,48.064,50.268,52.213,58.974,56.934,54.359,43.186,45.083,39.649,32.833,38.201,38.049,41.872,38.918
34,B,False,0.0,0.0,0.0,0.0,0.0,0.0,0.0,0.0,0.0,0.0,0.0,0.0,0.0,0.0,0.0,0.0,0.0,0.0,0.0,0.0,0.0,0.0,0.0,0.0,0.0,0.0,0.0,0.0,0.0,0.0,0.0,0.0,0.0,0.0,0.0,0.0,0.0,0.0,0.0,0.0,0.0,0.0,0.0,0.0,0.0,0.0,0.0,0.0,0.0,0.0,0.0,0.0,0.0,0.0,0.0,0.0,0.0,0.0,0.0,0.0,0.0,0.0,0.0,0.0,0.0,0.0,0.0,0.0,0.0,0.0,0.0,0.0,0.0,0.0,0.0,0.0,0.0,0.0,0.0,0.0,0.0,0.0,0.0,0.0,0.0,0.0,0.0,0.0,0.0,0.0,0.0,0.0,0.0,0.0,0.0,0.0,0.0,0.0,0.0,0.0,0.0,0.0,0.0,0.0,0.0,0.0,0.0,0.0,0.0,0.0,0.0,0.0,0.0,0.0,0.0,0.0,0.0,0.0,0.0
35,B,True,560.65,540.42,462.27,256.35,253.76,261.59,336.16,263.44,347.32,339.83,529.95,471.26,262.97,281.3,291.22,284.92,330.48,617.97,477.11,456.78,479.7,246.29,244.15,495.69,485.45,468.28,910.67,697.23,818.29,425.29,432.81,496.1,264.94,271.47,425.08,236.3,450.14,472.92,453.04,654.93,651.61,433.29,448.15,492.87,770.27,496.39,295.98,299.15,303.06,283.26,503.87,481.75,478.76,468.05,468.09,462.33,250.94,453.62,455.21,682.02,479.3,483.77,259.52,503.77,525.38,513.23,494.13,255.5,499.04,264.89,268.27,267.27,272.6,265.34,263.8,265.43,256.23,252.19,253.17,226.75,244.3,255.38,260.89,265.36,277.9,279.97,277.33,270.75,271.97,290.0,273.55,258.43,251.86,470.95,492.62,241.92,0.0,260.57,257.48,0.0,0.0,0.0,0.0,0.0,0.0,0.0,0.0,0.0,0.0,0.0,0.0,0.0,0.0,0.0,0.0,0.0,0.0,0.0,0.0
36,B,False,6265.1,6318.4,6261.9,3156.0,3132.8,6087.8,6091.6,3139.4,6275.1,6359.1,0.0,0.0,0.0,3170.5,3125.1,0.0,0.0,0.0,0.0,3240.8,0.0,0.0,0.0,0.0,0.0,0.0,0.0,0.0,0.0,3258.0,0.0,0.0,0.0,3177.9,3118.8,3094.7,3099.5,3155.6,3122.6,3162.2,0.0,3326.3,3242.3,0.0,0.0,0.0,0.0,3162.9,3189.2,0.0,0.0,0.0,0.0,0.0,0.0,0.0,0.0,0.0,0.0,0.0,0.0,0.0,0.0,0.0,0.0,0.0,0.0,0.0,0.0,0.0,0.0,0.0,0.0,0.0,0.0,0.0,0.0,0.0,0.0,0.0,0.0,0.0,0.0,0.0,0.0,0.0,0.0,0.0,0.0,0.0,0.0,0.0,0.0,0.0,0.0,0.0,0.0,0.0,0.0,0.0,0.0,0.0,0.0,0.0,0.0,0.0,0.0,0.0,0.0,0.0,0.0,0.0,0.0,0.0,0.0,0.0,0.0,0.0,0.0
37,B,False,0.0,0.0,0.0,0.0,0.0,0.0,0.0,0.0,0.0,0.0,0.0,0.0,0.0,26.533,34.247,52.436,71.232,145.76,165.87,175.09,213.76,223.53,441.07,493.41,498.06,350.54,382.21,370.99,388.97,410.32,431.45,401.64,425.31,438.03,413.12,394.03,397.49,455.21,362.31,346.54,345.28,348.23,301.97,308.9,301.94,311.95,351.93,345.89,335.19,669.05,680.5,704.03,646.36,671.14,662.92,768.53,691.29,764.83,760.01,721.14,731.4,712.39,729.47,744.49,735.04,769.26,736.87,758.76,590.55,590.25,578.61,595.46,598.06,616.25,596.75,612.02,598.63,1170.0,1155.6,579.0,1532.4,929.52,970.63,956.38,1052.4,1051.3,1013.3,1739.3,2527.1,1760.3,1706.8,1683.2,1760.8,1783.4,2137.4,2012.8,1957.2,2046.2,2037.4,1837.4,2012.6,1945.2,1508.7,1433.6,1394.6,1369.9,1378.9,1420.8,1426.4,1337.7,838.81,1302.0,772.01,762.93,709.64,718.46,659.2,868.6,904.72
38,B,False,6261.9,3156.0,3132.8,6087.8,6091.6,3139.4,6275.1,6359.1,0.0,0.0,0.0,3170.5,3125.1,0.0,0.0,0.0,0.0,3240.8,0.0,0.0,0.0,0.0,0.0,0.0,0.0,0.0,0.0,3258.0,0.0,0.0,0.0,3177.9,3118.8,3094.7,3099.5,3155.6,3122.6,3162.2,0.0,3326.3,3242.3,0.0,0.0,0.0,0.0,3162.9,3189.2,0.0,0.0,0.0,0.0,0.0,0.0,0.0,0.0,0.0,0.0,0.0,0.0,0.0,0.0,0.0,0.0,0.0,0.0,0.0,0.0,0.0,0.0,0.0,0.0,0.0,0.0,0.0,0.0,0.0,0.0,0.0,0.0,0.0,0.0,0.0,0.0,0.0,0.0,0.0,0.0,0.0,0.0,0.0,0.0,0.0,0.0,0.0,0.0,0.0,0.0,0.0,0.0,0.0,0.0,0.0,0.0,0.0,0.0,0.0,0.0,0.0,0.0,0.0,0.0,0.0,0.0,0.0,0.0,0.0,0.0,0.0,0.0
39,B,False,0.0,0.0,0.0,0.0,0.0,0.0,0.0,0.0,0.0,0.0,0.0,0.0,0.0,0.0,0.0,0.0,0.0,0.0,0.0,0.0,0.0,0.0,0.0,0.0,0.0,0.0,0.0,0.0,26.533,34.247,52.436,71.232,145.76,165.87,175.09,213.76,223.53,441.07,493.41,498.06,350.54,382.21,370.99,388.97,410.32,431.45,401.64,425.31,438.03,413.12,394.03,397.49,455.21,362.31,346.54,345.28,348.23,301.97,308.9,301.94,311.95,351.93,345.89,335.19,669.05,680.5,704.03,646.36,671.14,662.92,768.53,691.29,764.83,760.01,721.14,731.4,712.39,729.47,744.49,735.04,769.26,736.87,758.76,590.55,590.25,578.61,595.46,598.06,616.25,596.75,612.02,598.63,1170.0,1155.6,579.0,1532.4,929.52,970.63,956.38,1052.4,1051.3,1013.3,1739.3,2527.1,1760.3,1706.8,1683.2,1760.8,1783.4,2137.4,2012.8,1957.2,2046.2,2037.4,1837.4,2012.6,1945.2,1508.7,1433.6
40,B,False,397.49,455.21,362.31,346.54,345.28,348.23,301.97,308.9,301.94,311.95,351.93,345.89,335.19,669.05,680.5,704.03,646.36,671.14,662.92,768.53,691.29,764.83,760.01,721.14,731.4,712.39,729.47,744.49,735.04,769.26,736.87,758.76,590.55,590.25,578.61,595.46,598.06,616.25,596.75,612.02,598.63,1170.0,1155.6,579.0,1532.4,929.52,970.63,956.38,1052.4,1051.3,1013.3,1739.3,2527.1,1760.3,1706.8,1683.2,1760.8,1783.4,2137.4,2012.8,1957.2,2046.2,2037.4,1837.4,2012.6,1945.2,1508.7,1433.6,1394.6,1369.9,1378.9,1420.8,1426.4,1337.7,838.81,1302.0,772.01,762.93,709.64,718.46,659.2,868.6,904.72,881.66,1011.8,1031.6,1005.9,999.61,873.28,630.92,857.87,789.19,803.19,866.78,830.13,827.83,620.59,698.55,711.87,774.53,768.59,536.77,776.15,618.94,479.51,515.1,486.24,582.3,648.48,581.96,441.15,373.27,609.71,479.26,448.7,468.61,394.78,263.37,250.28
41,B,False,1578.3,2802.8,1510.0,2671.9,2736.0,2737.8,3098.8,3242.7,3248.1,2918.2,2924.1,2842.0,2947.6,2558.0,2848.9,2893.8,2875.3,2916.6,2918.1,2758.6,2379.6,2425.3,2515.9,2809.6,2726.5,2776.8,2392.6,2578.4,2294.9,1756.4,1834.6,2318.0,2329.6,2604.4,2545.7,2374.8,2309.3,2556.4,2497.7,2530.3,2517.8,2494.7,2437.6,1926.9,2464.9,1853.1,2982.3,2321.0,1829.2,2489.3,1759.8,1944.3,1942.1,2144.1,1991.3,2480.9,1875.8,1868.4,1652.1,2528.8,2144.7,2232.3,2152.6,2381.8,2631.4,2592.3,2114.8,2495.4,2594.8,2136.8,2052.9,1825.1,2328.9,2123.6,1973.3,1998.2,1987.9,2003.8,1975.5,1953.9,2079.6,2065.3,1721.5,2014.2,2392.6,1996.3,1995.7,1972.1,1897.0,1844.5,2210.0,2159.3,2160.4,1766.7,2136.3,1672.6,1752.4,1608.5,1672.6,2016.6,1681.3,1927.1,1550.2,1207.2,1572.2,969.44,1671.7,1614.2,961.11,1308.7,1299.5,1392.2,642.09,621.79,972.5,757.54,615.3,610.27,963.5
42,B,False,0.0,0.0,0.0,0.0,0.0,0.0,876.29,866.82,850.99,866.1,915.88,994.61,1038.3,1038.5,1043.2,1064.0,1066.9,1073.0,1029.9,1047.4,1084.0,1021.0,1072.6,1001.6,1066.4,1074.3,1027.6,1013.3,1043.9,1037.9,1028.8,1001.1,1022.5,1019.1,967.1,961.18,946.47,895.09,899.76,902.3,898.21,912.64,885.53,874.98,833.63,847.25,850.32,842.67,851.96,834.5,835.91,824.26,813.72,729.04,0.0,0.0,0.0,0.0,0.0,0.0,0.0,0.0,0.0,0.0,0.0,0.0,0.0,0.0,0.0,0.0,0.0,0.0,0.0,0.0,0.0,0.0,0.0,0.0,0.0,0.0,0.0,0.0,0.0,0.0,0.0,0.0,0.0,0.0,0.0,0.0,0.0,0.0,0.0,0.0,0.0,0.0,0.0,0.0,0.0,0.0,0.0,0.0,0.0,0.0,0.0,0.0,0.0,0.0,0.0,0.0,0.0,0.0,0.0,0.0,0.0,0.0,0.0,0.0,0.0
43,B,False,0.0,0.0,0.0,0.0,0.0,0.0,0.0,0.0,0.0,0.0,0.0,0.0,0.0,0.0,0.0,0.0,0.0,0.0,0.0,0.0,0.0,0.0,0.0,0.0,0.0,0.0,0.0,0.0,0.0,0.0,0.0,0.0,0.0,0.0,0.0,0.0,0.0,0.0,0.0,0.0,0.0,0.0,0.0,0.0,0.0,0.0,0.0,0.0,0.0,0.0,0.0,0.0,0.0,0.0,0.0,0.0,0.0,0.0,0.0,0.0,0.0,0.0,0.0,0.0,0.0,0.0,0.0,0.0,0.0,0.0,0.0,0.0,0.0,0.0,0.0,0.0,456.79,452.49,448.95,492.58,522.0,549.69,488.58,526.25,534.73,518.48,511.32,520.38,524.14,532.11,536.94,1249.1,1158.4,1227.3,1174.5,1226.2,1178.6,593.08,565.04,575.42,586.29,587.62,602.5,613.68,1286.2,1278.7,1238.6,1255.5,1254.6,1337.6,1297.1,1225.9,1239.4,1178.1,1187.4,1169.8,1171.1,1192.4,1168.6
44,B,False,1972.1,1897.0,1844.5,2210.0,2159.3,2160.4,1766.7,2136.3,1672.6,1752.4,1608.5,1672.6,2016.6,1681.3,1927.1,1550.2,1207.2,1572.2,969.44,1671.7,1614.2,961.11,1308.7,1299.5,1392.2,642.09,621.79,972.5,757.54,615.3,610.27,963.5,1296.3,1266.3,1278.1,927.64,1250.1,942.35,609.4,927.12,949.63,1287.0,953.53,955.39,948.58,958.27,955.39,1272.9,1283.7,1311.2,1330.1,999.43,971.08,1315.5,1303.9,962.35,970.26,989.02,1343.6,1337.4,1315.4,992.49,997.28,1015.6,970.72,1016.0,1011.6,1324.2,1300.3,1281.5,991.06,1005.8,990.23,987.96,1009.2,1008.2,1019.4,987.83,991.35,992.28,1361.8,1378.3,1376.1,1373.9,1370.6,1289.0,1375.6,1395.5,1376.5,1359.2,991.92,976.1,995.99,990.85,1006.2,995.74,1022.4,1034.5,1012.6,1003.5,1019.2,684.24,702.11,1016.9,996.79,692.52,694.95,679.7,969.67,968.22,936.46,923.18,1075.7,1057.5,925.0,909.05,1231.8,1532.4,1252.0
45,B,False,590.14,599.63,862.3,849.98,825.93,577.87,582.39,578.4,841.37,1594.5,811.72,814.71,758.33,779.06,779.54,785.79,773.12,777.86,705.47,931.0,915.1,923.7,704.07,907.63,697.6,918.64,637.38,669.1,470.48,487.4,441.36,251.9,259.99,246.52,422.51,424.26,397.1,410.99,587.36,620.33,600.65,234.97,231.28,271.1,369.99,380.17,369.15,195.64,201.71,199.53,188.53,185.88,195.23,154.81,200.48,195.88,204.8,196.03,201.06,190.01,194.54,199.6,194.67,196.26,192.84,187.24,196.81,192.42,186.54,213.23,207.08,173.98,184.56,194.36,189.79,185.45,184.2,180.16,184.08,140.94,137.55,135.59,131.24,137.69,138.19,132.35,137.81,137.33,136.19,131.81,133.18,138.01,129.07,123.48,122.09,122.87,120.62,116.18,114.09,113.74,112.56,115.43,110.32,111.63,110.72,109.33,109.64,104.72,99.205,103.51,106.91,106.82,107.93,107.47,101.65,103.94,102.7,107.01,201.6
46,B,False,656.26,637.06,613.57,747.96,749.19,872.0,931.1,901.14,782.73,586.66,567.77,697.59,693.35,618.33,811.28,683.21,981.82,654.46,1097.7,268.84,281.06,291.37,298.38,636.94,587.76,632.64,633.09,540.71,537.69,468.78,467.96,526.4,653.34,1126.4,1165.3,990.96,1200.4,908.24,899.2,1601.0,1525.3,1417.0,1235.1,1686.4,2305.3,1932.6,1703.3,1761.8,1779.6,2031.9,2407.4,2612.0,2336.2,2289.1,2769.0,3258.2,3364.7,3391.6,3635.4,3565.8,3309.8,3382.8,3480.0,3500.4,3592.6,3506.0,3818.7,3425.9,3447.4,2615.1,3078.3,3360.6,3035.8,3092.1,3323.2,3267.2,3242.3,4075.5,4435.6,4381.4,3212.6,4247.0,4992.1,5225.6,4706.2,5334.7,5612.3,4074.6,5571.3,5817.6,5483.8,4967.5,5096.6,5626.1,5707.3,5415.3,5325.4,4698.5,5685.2,5117.1,4846.0,4498.0,5926.7,5684.3,6216.6,5685.4,5527.1,6075.3,4374.6,3292.8,3703.8,3661.3,3509.0,3559.9,4090.6,5113.8,5205.7,4475.0,4533.7
47,B,False,433.29,448.15,492.87,770.27,496.39,295.98,299.15,303.06,283.26,503.87,481.75,478.76,468.05,468.09,462.33,250.94,453.62,455.21,682.02,479.3,483.77,259.52,503.77,525.38,513.23,494.13,255.5,499.04,264.89,268.27,267.27,272.6,265.34,263.8,265.43,256.23,252.19,253.17,226.75,244.3,255.38,260.89,265.36,277.9,279.97,277.33,270.75,271.97,290.0,273.55,258.43,251.86,470.95,492.62,241.92,0.0,260.57,257.48,0.0,0.0,0.0,0.0,0.0,0.0,0.0,0.0,0.0,0.0,0.0,0.0,0.0,0.0,0.0,0.0,0.0,0.0,0.0,0.0,0.0,0.0,0.0,0.0,0.0,0.0,0.0,0.0,0.0,0.0,0.0,0.0,0.0,0.0,0.0,0.0,0.0,0.0,0.0,0.0,0.0,0.0,0.0,0.0,0.0,0.0,0.0,0.0,0.0,0.0,0.0,0.0,0.0,0.0,0.0,0.0,0.0,0.0,0.0,0.0,0.0
48,B,False,0.0,0.0,0.0,0.0,0.0,0.0,0.0,0.0,0.0,0.0,0.0,0.0,0.0,0.0,0.0,0.0,0.0,0.0,0.0,0.0,0.0,0.0,0.0,0.0,0.0,0.0,0.0,0.0,0.0,0.0,0.0,0.0,0.0,0.0,0.0,0.0,0.0,0.0,0.0,0.0,0.0,0.0,0.0,0.0,0.0,0.0,0.0,0.0,0.0,0.0,0.0,0.0,0.0,0.0,0.0,0.0,0.0,0.0,0.0,0.0,0.0,0.0,0.0,0.0,0.0,0.0,0.0,0.0,0.0,0.0,0.0,0.0,0.0,0.0,0.0,0.0,0.0,0.0,0.0,0.0,0.0,0.0,0.0,0.0,0.0,0.0,0.0,0.0,0.0,0.0,0.0,0.0,0.0,0.0,0.0,0.0,0.0,0.0,0.0,0.0,0.0,0.0,0.0,0.0,0.0,0.0,0.0,0.0,0.0,0.0,0.0,0.0,0.0,0.0,0.0,0.0,0.0,0.0,0.0
49,N,False,0.0,0.0,0.0,0.0,0.0,50.224,0.0,0.0,0.0,0.0,0.0,0.0,0.0,0.0,0.0,0.0,0.0,0.0,0.0,0.0,0.0,0.0,0.0,0.0,0.0,0.0,0.0,0.0,0.0,0.0,0.0,0.0,0.0,0.0,0.0,0.0,0.0,0.0,0.0,0.0,0.0,0.0,0.0,0.0,0.0,0.0,0.0,0.0,0.0,0.0,0.0,0.0,0.0,0.0,0.0,0.0,0.0,0.0,0.0,0.0,0.0,0.0,0.0,0.0,0.0,0.0,0.0,0.0,0.0,0.0,0.0,0.0,0.0,0.0,0.0,0.0,0.0,0.0,0.0,0.0,0.0,0.0,0.0,0.0,0.0,0.0,0.0,0.0,0.0,0.0,0.0,0.0,0.0,0.0,0.0,0.0,0.0,0.0,0.0,0.0,0.0,0.0,0.0,0.0,0.0,0.0,0.0,0.0,0.0,0.0,0.0,0.0,0.0,0.0,0.0,0.0,0.0,0.0,0.0
50,N,False,56.501,51.674,42.363,0.0,0.0,0.0,0.0,0.0,0.0,0.0,0.0,0.0,0.0,0.0,0.0,0.0,0.0,0.0,0.0,0.0,0.0,0.0,0.0,0.0,0.0,0.0,0.0,0.0,0.0,0.0,0.0,0.0,0.0,0.0,0.0,0.0,0.0,0.0,0.0,0.0,0.0,0.0,0.0,0.0,0.0,0.0,0.0,0.0,0.0,0.0,0.0,0.0,0.0,0.0,0.0,0.0,0.0,0.0,0.0,0.0,0.0,0.0,0.0,0.0,0.0,0.0,0.0,0.0,0.0,0.0,0.0,0.0,0.0,0.0,0.0,0.0,0.0,0.0,0.0,0.0,0.0,0.0,0.0,0.0,0.0,0.0,0.0,0.0,0.0,0.0,0.0,0.0,0.0,0.0,0.0,0.0,0.0,0.0,0.0,0.0,0.0,0.0,0.0,0.0,0.0,0.0,0.0,0.0,0.0,0.0,0.0,0.0,0.0,0.0,0.0,0.0,0.0,0.0,0.0
51,N,False,0.0,0.0,0.0,0.0,0.0,0.0,0.0,0.0,0.0,0.0,0.0,0.0,0.0,0.0,0.0,0.0,0.0,0.0,0.0,0.0,0.0,0.0,0.0,0.0,0.0,0.0,0.0,0.0,0.0,0.0,0.0,0.0,0.0,0.0,0.0,0.0,0.0,0.0,0.0,0.0,0.0,0.0,0.0,0.0,0.0,0.0,0.0,0.0,0.0,0.0,0.0,0.0,0.0,0.0,0.0,0.0,0.0,0.0,0.0,0.0,0.0,0.0,0.0,0.0,0.0,0.0,0.0,0.0,0.0,0.0,0.0,0.0,0.0,0.0,0.0,0.0,0.0,0.0,0.0,0.0,0.0,0.0,0.0,0.0,0.0,0.0,0.0,0.0,0.0,0.0,0.0,0.0,0.0,0.0,0.0,0.0,0.0,0.0,0.0,0.0,0.0,0.0,0.0,0.0,0.0,0.0,0.0,0.0,0.0,0.0,0.0,0.0,0.0,0.0,0.0,0.0,0.0,0.0,0.0
