,FLARE_TYPE,COINCIDENCE,MEANJZD_1,MEANJZD_2,MEANJZD_3,MEANJZD_4,MEANJZD_5,MEANJZD_6,MEANJZD_7,MEANJZD_8,MEANJZD_9,MEANJZD_10,MEANJZD_11,MEANJZD_12,MEANJZD_13,MEANJZD_14,MEANJZD_15,MEANJZD_16,MEANJZD_17,MEANJZD_18,MEANJZD_19,MEANJZD_20,MEANJZD_21,MEANJZD_22,MEANJZD_23,MEANJZD_24,MEANJZD_25,MEANJZD_26,MEANJZD_27,MEANJZD_28,MEANJZD_29,MEANJZD_30,MEANJZD_31,MEANJZD_32,MEANJZD_33,MEANJZD_34,MEANJZD_35,MEANJZD_36,MEANJZD_37,MEANJZD_38,MEANJZD_39,MEANJZD_40,MEANJZD_41,MEANJZD_42,MEANJZD_43,MEANJZD_44,MEANJZD_45,MEANJZD_46,MEANJZD_47,MEANJZD_48,MEANJZD_49,MEANJZD_50,MEANJZD_51,MEANJZD_52,MEANJZD_53,MEANJZD_54,MEANJZD_55,MEANJZD_56,MEANJZD_57,MEANJZD_58,MEANJZD_59,MEANJZD_60,MEANJZD_61,MEANJZD_62,MEANJZD_63,MEANJZD_64,MEANJZD_65,MEANJZD_66,MEANJZD_67,MEANJZD_68,MEANJZD_69,MEANJZD_70,MEANJZD_71,MEANJZD_72,MEANJZD_73,MEANJZD_74,MEANJZD_75,MEANJZD_76,MEANJZD_77,MEANJZD_78,MEANJZD_79,MEANJZD_80,MEANJZD_81,MEANJZD_82,MEANJZD_83,MEANJZD_84,MEANJZD_85,MEANJZD_86,MEANJZD_87,MEANJZD_88,MEANJZD_89,MEANJZD_90,MEANJZD_91,MEANJZD_92,MEANJZD_93,MEANJZD_94,MEANJZD_95,MEANJZD_96,MEANJZD_97,MEANJZD_98,MEANJZD_99,MEANJZD_100,MEANJZD_101,MEANJZD_102,MEANJZD_103,MEANJZD_104,MEANJZD_105,MEANJZD_106,MEANJZD_107,MEANJZD_108,MEANJZD_109,MEANJZD_110,MEANJZD_111,MEANJZD_112,MEANJZD_113,MEANJZD_114,MEANJZD_115,MEANJZD_116,MEANJZD_117,MEANJZD_118,MEANJZD_119
0,M,True,0.36179,0.37057,0.40517,0.33493,0.2546,0.28286,0.268,0.22357,0.26221,0.2181,0.23232,0.29216,0.30031,0.25272,0.26607,0.24043,0.35335,0.25034,0.21153,0.26204,0.2566,0.23195,0.3154,0.34226,0.24513,0.25158,0.25511,0.2809,0.16978,0.24627,0.20205,0.15632,0.21227,0.12142,0.049288,0.082876,0.024094,0.081429,0.1297,-0.0098891,-0.016592,0.042504,0.019605,0.039227,0.11941,0.053529,0.0788,0.025356,0.037739,0.0407,0.017936,0.03567,0.0069164,-0.041346,-0.053091,-0.085983,-0.12318,-0.14491,-0.11883,-0.11066,-0.21894,-0.1716,-0.15671,-0.21712,-0.21467,-0.14215,-0.074957,-0.044203,-0.10973,-0.051576,-0.136,-0.10903,-0.11945,-0.11244,-0.0019415,-0.17909,-0.12974,-0.12607,-0.12744,-0.055712,-0.096452,-0.12042,-0.16338,-0.1816,-0.2495,-0.11228,-0.2595,-0.21558,-0.19121,-0.23782,-0.18602,-0.12189,-0.23898,-0.10524,-0.21349,-0.13157,-0.14845,-0.22528,-0.19904,-0.20937,-0.12327,-0.14354,-0.16876,-0.15652,-0.16139,-0.25458,-0.18453,-0.20387,-0.20884,-0.2231,-0.16383,-0.11237,-0.24827,-0.15991,-0.0075057,-0.089572,-0.020859,-0.064394,-0.0053176
1,M,True,0.017936,0.03567,0.0069164,-0.041346,-0.053091,-0.085983,-0.12318,-0.14491,-0.11883,-0.11066,-0.21894,-0.1716,-0.15671,-0.21712,-0.21467,-0.14215,-0.074957,-0.044203,-0.10973,-0.051576,-0.136,-0.10903,-0.11945,-0.11244,-0.0019415,-0.17909,-0.12974,-0.12607,-0.12744,-0.055712,-0.096452,-0.12042,-0.16338,-0.1816,-0.2495,-0.11228,-0.2595,-0.21558,-0.19121,-0.23782,-0.18602,-0.12189,-0.23898,-0.10524,-0.21349,-0.13157,-0.14845,-0.22528,-0.19904,-0.20937,-0.12327,-0.14354,-0.16876,-0.15652,-0.16139,-0.25458,-0.18453,-0.20387,-0.20884,-0.2231,-0.16383,-0.11237,-0.24827,-0.15991,-0.0075057,-0.089572,-0.020859,-0.064394,-0.0053176,-0.069542,-0.048841,-0.13223,-0.066047,-0.12478,-0.070653,-0.05114,0.03966,0.02706,-0.004498,0.052624,-0.021263,0.017158,-0.063411,-0.0089189,-0.037958,-0.0044809,-0.048499,-0.022033,-0.021692,0.033991,0.022041,0.019126,0.00043226,-0.030246,-0.083793,-0.050973,-0.078642,0.007975,0.017962,0.02031,0.019227,0.015178,-0.0040401,-0.039852,-0.053434,-0.053526,-0.06475,-0.047431,-0.051915,-0.059094,-0.070619,-0.05318,-0.041372,-0.016003,0.027886,0.0060282,0.028709,0.0076553,0.025925
2,B,False,0.072659,0.023249,0.10719,0.27207,0.15822,0.25016,0.35142,0.2319,0.24264,0.32628,0.37674,0.25182,0.15891,0.21131,0.27027,0.26353,0.27031,0.26723,0.33812,0.37017,0.33768,0.29791,0.27867,0.28588,0.26332,0.24013,0.13339,0.19155,0.28033,0.30263,0.28966,0.26989,0.10637,0.14949,0.2032,0.19137,0.028437,0.12033,0.10803,0.030461,0.0095674,0.12333,0.16242,0.19974,0.071934,0.21279,0.085265,0.079772,0.095094,0.1834,0.13748,0.1738,0.18726,0.053579,0.20296,0.16414,0.12978,0.076001,0.099471,0.094272,-0.0086161,-0.010413,0.10109,0.047866,-0.012157,0.11909,0.13615,0.093728,0.14892,0.081413,0.28036,0.21362,0.075546,0.16788,0.075375,0.18095,0.08661,-0.046436,-0.0058762,0.0078843,-0.0078103,0.13394,0.021845,0.0091084,0.06292,0.14874,0.24807,0.12962,0.15811,0.15578,0.23247,0.1563,0.096848,0.15627,0.10958,0.21407,0.17941,0.19188,0.10891,0.1854,0.096993,0.060992,0.14885,0.15544,0.17259,0.034839,0.086166,-0.0080688,0.034782,0.088876,0.055912,0.053855,-0.017117,0.018284,0.10939,-0.058447,0.092939,0.045011,0.19574
3,B,True,0.16481,0.25852,0.13474,0.14818,0.21381,0.13856,0.22022,0.20775,0.23629,0.38038,0.38104,0.2459,0.28652,0.19038,0.18758,0.30802,0.25074,0.20425,0.3039,0.2644,-0.0056241,0.080276,0.236,0.17391,0.21751,0.15814,0.083596,0.04275,0.26314,0.12891,0.19267,0.022391,0.14614,0.040108,0.063262,-0.0078747,0.050901,-0.001193,0.041123,0.0011332,-0.029746,0.020023,0.060486,0.010703,-0.1074,0.10565,0.15414,0.13985,0.11665,0.15479,0.088947,0.19256,0.28528,0.19496,0.28342,0.27414,0.29336,0.30141,0.40572,0.27721,0.20939,0.2125,0.21514,-0.018413,0.023617,-0.042755,0.1948,0.12251,0.078111,0.12084,0.073355,-0.018051,0.081753,0.077175,-0.025624,0.084573,-0.014585,0.078364,0.056748,0.092663,0.20448,0.0085402,-0.020565,-0.0075668,-0.12281,-0.046037,-0.14317,-0.099548,-0.12839,-0.22791,-0.22791,-0.091481,-0.080853,-0.033407,0.017785,-0.013231,-0.013909,-0.054447,-0.018978,0.10858,-0.0086182,0.060984,0.060328,0.12815,0.19458,0.044515,0.057666,-0.0059855,0.043393,0.1401,0.12184,-0.001771,-0.0015592,-0.15456,0.023124,-0.15645,-0.020955,-0.079669,-0.12052
4,B,True,1.4567,1.5061,0.34304,1.2333,0.41747,0.70895,0.68725,0.29851,-0.15769,0.50577,-0.052969,0.37329,-0.33658,-0.82102,-0.56469,-0.58042,-0.73267,-0.32564,0.15027,0.43236,0.16497,0.24094,0.34813,0.32975,0.54005,0.6422,0.35397,0.0092361,0.28986,0.46562,0.50326,0.53323,0.61636,0.34425,0.56436,0.72986,0.51226,0.63375,0.42044,0.21634,0.44371,0.51611,0.63998,0.61897,0.60878,-0.081519,0.44307,0.24526,0.39982,0.38111,0.41552,0.25845,0.37703,0.28934,0.64326,0.65152,0.5433,0.55683,0.51799,0.36423,0.504,0.18071,0.48174,0.13487,0.26951,0.13226,0.30959,0.38078,0.24341,0.24663,0.026582,0.20957,0.69225,0.63865,0.53819,0.5082,0.2002,0.581,0.70551,0.52919,0.60801,0.5857,0.48214,0.31492,0.22753,0.19491,0.18355,0.26137,0.30073,0.38821,0.24692,0.28509,0.32155,0.21458,0.59833,0.41148,0.26738,0.33984,0.11592,0.12207,-0.021812,0.19811,0.010518,0.0081747,-0.027444,-0.27641,-0.098759,-0.091815,0.032565,-0.25859,-0.23195,-0.15484,-0.22698,-0.22586,-0.15485,0.058964,0.0022805,-0.44318,-0.091142
5,B,True,0.053006,0.076323,0.05443,-0.041956,-0.16324,-0.18808,-0.36691,-0.37379,-0.45739,-0.42695,-0.50306,-0.37841,-0.47582,-0.34092,-0.34982,-0.36256,-0.4134,-0.39001,-0.33156,-0.33623,-0.27791,-0.28197,-0.31299,-0.27138,-0.24369,-0.21361,-0.22729,-0.29676,-0.22925,-0.21934,-0.20962,-0.25859,-0.21317,-0.32029,-0.28056,-0.32376,-0.3261,-0.25224,-0.31307,-0.2988,-0.19479,-0.2016,-0.25832,-0.13654,-0.132,-0.15647,-0.23482,-0.092365,-0.035615,0.11303,0.10443,0.088793,0.1509,0.093843,0.058499,0.18673,0.098927,0.071929,0.15033,-0.025117,-0.054622,0.013534,-0.21655,-0.088547,0.057594,-0.037147,0.080143,-0.037529,0.03941,0.042486,0.065385,0.055717,0.046898,0.13964,0.011621,-0.052984,0.089339,0.054499,-0.034647,-0.073285,-0.0057264,0.048171,0.047809,0.10559,0.047118,0.075321,0.075888,0.073967,0.15803,0.10184,0.103,0.010731,0.067226,0.050512,0.063876,-0.044699,0.068177,-0.011018,0.13814,0.053843,0.00073453,0.1126,0.035351,-0.065988,-0.098576,-0.048488,0.081937,-0.09312,-0.0025828,-0.13124,-0.11219,-0.15737,-0.047664,-0.047356,-0.043535,-0.084362,-0.093019,-0.080944,-0.14649
6,B,False,0.31977,0.28383,-0.084964,-0.16532,-0.096161,0.084021,-0.018054,0.13672,0.17183,0.25358,0.11431,0.36467,0.31878,0.27665,0.14153,0.16772,0.32602,0.27072,0.32722,0.45461,0.4917,0.53182,0.47864,0.63871,0.61694,0.68002,0.7237,0.65475,0.64259,0.60031,0.61039,0.765,0.65234,0.70229,0.5961,0.81669,0.52672,0.43814,0.65389,0.5802,0.50607,0.5079,0.53399,0.53896,0.74555,0.59774,0.63567,0.72132,0.70947,0.69728,0.59305,0.68405,0.64309,0.57284,0.55238,0.50437,0.23061,0.15988,-0.11898,-0.014457,0.048654,0.08815,0.19599,0.23812,0.11754,0.56623,0.67037,0.66353,0.82455,0.90946,0.8596,0.86836,0.77977,0.85793,0.71139,0.71003,0.9575,0.72112,0.79403,0.6777,0.69067,0.55269,0.63939,0.72649,0.55274,0.4056,0.24374,0.28743,0.23871,0.27194,0.38431,0.25851,0.23679,0.3385,0.31395,0.41852,0.49302,0.19926,0.27252,0.20313,0.1084,0.56908,0.55181,0.7606,0.72252,0.81913,0.61773,0.73285,0.84576,0.87507,0.87707,0.74458,0.91306,1.0852,0.95305,1.081,1.02,1.0707,1.3252
7,B,False,-0.11217,-0.19573,-0.3597,-0.41452,-0.18493,-0.26189,-0.31412,-0.24565,-0.26841,-0.32114,-0.29627,-0.33992,-0.21452,-0.24409,-0.24563,-0.24593,-0.33839,-0.27266,-0.35985,-0.3723,-0.30778,-0.18781,-0.22514,-0.28295,-0.27555,-0.12026,-0.032058,-0.055531,-0.3307,-0.22995,-0.23247,-0.20817,-0.31174,-0.34305,-0.095589,-0.17109,-0.25861,-0.22865,-0.34041,-0.18989,-0.31827,-0.13835,-0.11033,-0.20336,-0.28181,-0.23782,-0.39331,-0.32514,-0.15725,-0.18313,-0.33649,-0.30862,-0.35893,-0.51348,-0.44107,-0.42396,-0.35647,-0.39397,-0.28075,-0.37501,-0.4364,-0.42133,-0.23433,-0.34008,-0.26819,-0.37966,-0.32709,-0.25245,-0.25805,-0.19344,-0.16734,-0.20186,-0.21057,-0.13965,-0.18087,-0.16537,-0.24338,-0.33709,-0.25216,-0.24007,-0.31224,-0.12049,-0.18759,-0.1611,-0.041946,-0.12506,-0.12437,-0.21088,-0.18221,-0.20379,-0.20803,-0.01682,-0.16699,-0.094713,-0.044159,-0.18849,-0.30216,-0.18557,-0.13153,0.0035013,-0.02338,-0.10737,-0.14965,-0.20021,-0.12766,-0.15241,-0.21331,-0.15646,-0.2208,-0.24367,-0.16745,-0.087865,-0.065992,-0.071472,-0.16419,-0.0093885,-0.07561,-0.051246,-0.022737
8,B,False,0.030127,0.027778,0.013006,-0.043346,0.010427,-0.0024248,0.047549,-0.051468,-0.045113,-0.001015,-0.20208,-0.14582,-0.31166,-0.12337,-0.077409,-0.16424,0.06205,-0.018138,0.037707,0.14311,-0.11129,0.071668,0.050028,-0.017522,-0.014735,0.0019501,0.082664,0.19431,0.072385,0.062034,0.073986,0.076365,0.17765,0.13312,0.17659,0.16744,0.098173,0.097016,0.089012,0.23698,0.17485,0.078049,-0.055483,-0.093356,0.041515,0.010825,0.17433,0.088281,0.1612,-0.047955,0.032043,0.075965,0.035366,-0.14539,-0.12748,0.01864,-0.11087,0.12015,0.10789,-0.058336,0.062681,0.090461,-0.065795,0.07491,-0.0090618,0.11505,0.0047694,0.11812,0.054206,0.017134,-0.055853,-0.13292,-0.072769,-0.067912,-0.082549,-0.085953,-0.19104,-0.040726,0.12365,0.093499,-0.10943,0.013814,-0.14972,-0.086101,-0.011948,-0.04118,0.023718,-0.078456,-0.049174,-0.084994,-0.17998,0.039001,-0.080914,-0.024137,-0.16617,-0.028254,0.16042,-0.011662,-0.097181,0.044598,0.006389,0.15671,-0.010754,0.08929,0.077318,-0.038022,0.048653,0.071813,0.087606,0.12129,0.10063,0.083373,0.2138,0.11378,0.0521,-0.0031154,0.10954,0.11513,0.20975
9,B,False,-0.077883,-0.082241,-0.054723,0.087315,-0.016156,0.028615,0.062693,-0.006047,-0.1259,-0.15434,-0.022002,-0.17995,-0.054845,-0.058368,0.046804,0.081744,0.019216,0.064173,0.023275,0.048974,0.0089565,-0.014605,0.083769,0.12609,0.072316,0.024818,0.047848,0.030915,-0.042919,-0.011405,-0.029447,-0.16852,-0.0085208,-0.01531,0.042846,-0.0083464,-0.11067,-0.097933,-0.15389,-0.13857,-0.15774,-0.13025,-0.22202,-0.19917,-0.27609,-0.14039,-0.20338,-0.21491,-0.27257,-0.17618,-0.27154,-0.26729,-0.16475,-0.12287,-0.18622,-0.17575,-0.15062,-0.089534,-0.12645,-0.080797,-0.087321,-0.10655,-0.12853,-0.14327,-0.087118,-0.099387,-0.13549,-0.032525,-0.17499,-0.081917,-0.13006,-0.20245,-0.27042,-0.17138,-0.24513,-0.25403,-0.20365,-0.1868,-0.12007,-0.11824,-0.14359,-0.13159,-0.098926,-0.14479,-0.15058,-0.11778,-0.096037,-0.027339,-0.040676,0.0641,0.081007,0.14265,0.077251,0.10106,0.19287,0.1657,0.22238,0.20988,0.18386,0.27337,0.23995,0.14477,0.21118,0.17078,0.22305,0.167,0.13688,0.19265,0.22809,0.23497,0.25792,0.19449,0.23008,0.074334,0.24174,0.13796,0.25328,0.23957,0.21296
10,B,True,0.041924,0.0064612,-0.013498,-0.076092,-0.04445,0.0059716,-0.07333,-0.02748,-0.076776,-0.12351,-0.11034,-0.19419,-0.18513,-0.13003,-0.19797,-0.25702,-0.26336,-0.23738,-0.21996,-0.2136,-0.2035,-0.18357,-0.11667,-0.10146,-0.22332,-0.13385,-0.13351,-0.09543,-0.12712,-0.17632,-0.14476,-0.072846,-0.056575,-0.15986,-0.16045,-0.16333,-0.15973,-0.16781,-0.097798,-0.15051,-0.12426,-0.1576,-0.1381,-0.12631,-0.12245,-0.12373,-0.13278,-0.03598,0.016449,-0.064185,0.00099544,0.075421,0.068008,0.02179,0.10877,0.01407,0.097362,0.071675,0.17684,0.11371,0.1964,0.189,0.1155,0.035736,0.13789,0.11027,0.020682,0.02916,0.14256,0.11538,0.13212,0.048011,0.14985,0.086762,0.13671,0.1746,0.085572,0.10862,0.12303,0.18345,0.20588,0.18924,0.17422,0.1623,0.21016,0.14257,0.17509,0.19843,0.20563,0.21249,0.12639,0.16444,0.20546,0.16758,0.20549,0.18754,0.15049,0.15724,0.0488,-0.048394,0.045322,-0.025685,0.0061625,0.083999,0.05018,0.12067,0.11372,0.09577,0.22126,0.1875,0.25634,0.32178,0.32181,0.37886,0.2531,0.31068,0.35848,0.32507,0.22682
11,B,True,0.069422,-0.013029,-0.0013489,0.015227,0.072975,0.027658,0.053867,0.020269,0.091334,0.11901,0.094264,0.12922,0.12736,0.14163,0.12544,0.13757,0.10959,0.11327,0.099099,0.10122,0.10741,0.11937,0.13248,0.11337,0.032688,0.014309,0.089859,0.044753,-0.0064493,0.036947,0.025272,0.063688,0.015123,0.017601,0.088933,0.056537,0.018679,0.025076,0.094825,0.083935,0.033028,0.071066,0.094739,0.087533,0.079593,0.01377,0.025852,0.04892,0.077337,0.08549,0.05011,0.012076,0.010083,-0.0032495,-0.018004,0.029654,0.16053,0.091704,0.089558,0.078646,0.078021,0.08512,0.14645,0.064586,0.12073,0.15067,0.13476,0.15559,0.17146,0.1505,0.1629,0.17439,0.11764,0.0569,0.037963,0.074878,0.035539,0.099843,0.10822,0.19871,0.15324,0.21015,0.13636,0.18279,0.19024,0.14294,0.18858,0.17165,0.15045,0.17595,0.21279,0.19937,0.22344,0.19637,0.16812,0.18603,0.22071,0.21768,0.21657,0.20422,0.16292,0.18883,0.21264,0.16995,0.18189,0.18768,0.20743,0.19423,0.17305,0.20552,0.19145,0.18386,0.17164,0.16155,0.17261,0.16038,0.2073,0.14955,0.18634
12,B,True,-0.032508,-0.047261,0.016688,-0.081279,-0.066935,-0.083612,-0.12345,-0.23353,-0.1519,-0.12349,-0.14342,-0.14655,-0.12828,-0.13543,-0.13278,-0.1978,-0.27022,-0.24007,-0.27184,-0.32298,-0.35179,-0.17156,-0.2742,-0.23503,-0.1939,-0.25459,-0.22542,-0.16218,-0.18453,-0.14983,-0.10257,0.051868,-0.036187,-0.085379,-0.054917,-0.086458,0.031337,-0.0054763,-0.029315,-0.061417,-0.044638,0.0055402,-0.015047,-0.001736,0.028562,-0.029208,-0.028234,-0.1136,-0.011566,-0.01054,0.0025199,0.063081,-0.16565,-0.032042,-0.081932,-0.089018,-0.1819,-0.12334,-0.013932,0.036353,-0.00069014,0.025047,-0.045376,0.0092742,0.081025,0.06828,0.027876,0.078966,0.041834,0.063371,0.076337,0.042107,0.02957,-0.041633,-0.022444,0.068441,0.043507,0.043645,0.045329,0.02213,0.043716,0.070002,0.10859,0.075843,-0.0098335,0.058807,0.0055988,0.049964,0.057094,0.077955,0.11768,0.13347,0.043397,0.16358,0.075318,0.10986,0.0019674,0.039472,-0.09746,-0.069374,-0.11381,-0.15193,-0.1536,-0.053383,-0.04925,-0.14979,-0.17573,-0.30944,-0.24069,-0.10652,-0.16932,-0.12621,-0.087834,-0.15378,-0.084952,-0.06716,-0.036129,0.029428,-0.023154
13,B,True,-0.16586,0.14749,0.03407,0.11189,0.23972,0.25256,-0.013436,0.10999,0.045103,0.17538,0.16721,0.09029,0.03311,-0.16224,-0.15315,-0.038437,-0.065344,0.01754,0.11655,0.041329,0.15068,0.15416,0.19086,-0.048517,0.3522,0.31605,0.37763,0.40978,0.29037,0.3635,0.37122,0.40849,0.4078,0.35662,0.31851,0.33339,0.48756,0.46043,0.29632,0.37091,0.36729,0.27306,0.34837,0.23831,0.119,0.056177,0.017481,0.018635,-0.057603,0.14516,-0.0020455,0.052487,-0.13126,-0.23871,0.036031,-0.174,-0.22334,-0.15943,0.016375,0.13923,0.014376,0.01436,0.087527,0.11922,0.29615,0.26431,0.079136,0.096746,0.077085,0.096477,0.10803,-0.012654,-0.21778,-0.10251,-0.31557,-0.24417,-0.32173,-0.44173,-0.27392,-0.65923,-0.43234,-0.2898,-0.39094,-0.4571,-0.24638,-0.052675,-0.28507,-0.14357,-0.3835,-0.23469,-0.3009,-0.13253,-0.20323,-0.48347,-0.38948,-0.26326,-0.35921,-0.23667,-0.36267,-0.44886,-0.28157,-0.26083,-0.44403,-0.25568,-0.38474,-0.19263,-0.38697,-0.42361,-0.40876,-0.10128,-0.14762,-0.15822,-0.21266,-0.19668,-0.063117,-0.051646,0.11008,0.18834,0.14003
14,B,True,0.52323,0.15597,0.19228,0.33158,0.42624,0.13751,0.24356,0.15238,-0.019476,-0.17343,-0.30436,-0.29543,-0.04708,-0.096654,-0.08745,0.10506,0.2308,0.32339,0.46139,0.5223,0.56703,0.40552,0.44172,0.5849,0.60648,0.63031,0.56329,0.52183,0.70185,0.58667,0.41712,0.57263,0.46607,0.42025,0.47295,0.56469,0.24505,0.43867,0.35821,0.49064,0.39926,0.36505,0.40023,0.50236,0.29857,0.48121,0.32619,0.2673,0.27802,0.50752,0.66503,0.64791,0.47836,0.37772,0.63746,0.30557,0.42538,0.56553,0.44327,0.51632,0.28891,0.21898,0.097447,0.39859,0.16852,0.53305,0.33791,0.50757,0.86591,0.40549,0.56647,0.75039,0.38154,0.45579,0.39552,0.44688,0.46831,0.24994,0.29461,0.21176,0.12493,-0.25005,-0.21694,-0.15575,-0.014659,-0.261,-0.12099,-0.39721,-0.18811,-0.14641,0.051646,0.022217,-0.068043,-0.099245,-0.14678,-0.023384,-0.22929,-0.16617,-0.14311,0.19478,-0.0069284,-0.072296,0.052554,-0.07914,-0.11548,-0.11326,-0.089602,-0.25102,-0.17718,-0.11423,-0.16865,-0.30275,-0.045028,0.021714,0.18784,0.015125,0.20843,0.11708,0.37314
15,B,True,-0.17357,-0.16721,-0.15014,-0.11856,-0.14306,-0.26491,-0.17998,-0.22816,-0.20202,-0.23739,-0.17785,-0.22402,-0.18285,-0.14477,-0.19145,-0.24754,-0.24494,-0.12332,-0.19141,-0.24975,-0.16625,-0.21761,-0.22565,-0.20078,-0.053556,-0.11511,-0.1657,-0.14875,-0.04873,0.0029711,-0.083909,-0.067729,-0.084487,-0.2007,-0.12685,-0.11706,-0.095626,-0.057608,-0.028878,-0.077575,-0.16676,-0.24638,-0.36806,-0.31987,-0.30718,-0.19329,-0.28335,-0.22115,-0.20068,-0.12688,-0.15754,-0.10174,-0.073129,-0.10929,0.036509,-0.010804,-0.043236,0.003949,0.0013991,0.030761,-0.011735,-0.02057,-0.039677,-0.15938,-0.085334,-0.010641,-0.030591,-0.05289,-0.061982,-0.054861,-0.033612,-0.044644,-0.0035974,-0.0088796,-0.021992,-0.076482,-0.087864,-0.033861,-0.10939,-0.022973,-0.1105,-0.035895,-0.12633,-0.13276,-0.048968,-0.088058,-0.0053794,-0.059851,-0.064146,-0.010464,-0.015541,-0.021694,-0.083377,-0.03896,-0.072036,-0.14643,-0.15593,-0.22271,-0.11218,-0.24014,-0.10974,-0.3174,-0.27059,-0.16425,-0.074578,-0.072371,-0.10816,-0.069846,0.043744,-0.0072605,-0.0070227,0.022107,-0.076603,0.033872,0.042437,0.045994,0.097582,-0.051118,-0.10601
16,B,True,0.30961,0.47847,0.41907,0.33742,0.41272,0.5116,0.483,0.39646,0.37306,0.45047,0.51366,0.3388,0.11009,0.11855,0.3033,0.14084,0.26356,0.1629,0.22946,0.20697,0.13448,0.25042,0.19767,0.20817,0.46145,0.41564,0.45048,0.52776,0.45542,0.60015,0.5228,0.34424,0.47556,0.45133,0.41878,0.52022,0.49555,0.44524,0.43097,0.36845,0.30161,0.44024,0.40243,0.26021,0.48104,0.45327,0.50869,0.39927,0.46023,0.44865,0.37045,0.40054,0.26638,0.27869,0.14521,0.122,0.070862,0.21607,0.39223,0.23815,0.38639,0.24495,0.29203,0.19407,0.26702,0.34041,0.43819,0.36106,0.44355,0.36726,0.44291,0.36521,0.41686,0.34005,0.35255,0.24364,0.16488,0.20105,-0.0036181,0.064693,-0.21074,-0.17157,-0.1029,-0.039497,0.093477,-0.16845,-0.15686,-0.08859,-0.017468,-0.0076216,0.060933,-0.047794,0.076041,0.11686,0.033815,-0.1539,-0.072261,-0.17564,-0.050917,-0.20051,-0.17525,-0.046946,-0.11818,-0.030422,-0.16901,-0.14084,-0.18261,-0.11275,-0.18008,-0.2324,-0.13511,-0.077996,0.0083463,0.13794,0.11063,0.022099,0.1979,0.13425,0.30581
17,B,False,0.4454,0.35836,0.32178,0.27703,0.20026,0.29898,0.19613,0.20119,0.012166,0.18306,0.23133,0.31656,0.36651,0.32688,0.3824,0.41983,0.4659,0.44987,0.54496,0.33871,0.34104,0.34382,0.286,0.38176,0.33281,0.29703,0.33805,0.45052,0.36088,0.3427,0.42647,0.40306,0.36626,0.33913,0.39741,0.40449,0.28992,0.27947,0.3977,0.31734,0.23451,0.2478,0.18879,0.092323,0.078266,0.2139,0.16479,0.14482,0.33965,0.31947,0.39179,0.25299,0.36125,0.34949,0.41925,0.32834,0.37969,0.43667,0.39755,0.43886,0.39413,0.48792,0.4844,0.43303,0.6131,0.7123,0.90509,0.65596,0.7043,0.73883,0.66295,0.50471,0.62657,0.40003,0.38505,0.24339,0.56369,0.49688,0.52983,0.38574,0.49828,0.36748,0.42207,0.35988,0.35482,0.44934,0.47384,0.51798,0.52276,0.61782,0.4357,0.46346,0.71645,0.60749,0.65066,0.63893,0.92652,0.89711,0.98481,0.78034,0.95395,0.88442,0.83687,1.0338,0.77483,0.84339,0.86957,0.72155,0.80888,0.61146,0.75721,0.57887,0.74705,0.56244,0.49162,0.53518,0.51362,0.46682,0.48513
18,B,False,0.075712,0.13294,0.18039,0.053006,0.076323,0.05443,-0.041956,-0.16324,-0.18808,-0.36691,-0.37379,-0.45739,-0.42695,-0.50306,-0.37841,-0.47582,-0.34092,-0.34982,-0.36256,-0.4134,-0.39001,-0.33156,-0.33623,-0.27791,-0.28197,-0.31299,-0.27138,-0.24369,-0.21361,-0.22729,-0.29676,-0.22925,-0.21934,-0.20962,-0.25859,-0.21317,-0.32029,-0.28056,-0.32376,-0.3261,-0.25224,-0.31307,-0.2988,-0.19479,-0.2016,-0.25832,-0.13654,-0.132,-0.15647,-0.23482,-0.092365,-0.035615,0.11303,0.10443,0.088793,0.1509,0.093843,0.058499,0.18673,0.098927,0.071929,0.15033,-0.025117,-0.054622,0.013534,-0.21655,-0.088547,0.057594,-0.037147,0.080143,-0.037529,0.03941,0.042486,0.065385,0.055717,0.046898,0.13964,0.011621,-0.052984,0.089339,0.054499,-0.034647,-0.073285,-0.0057264,0.048171,0.047809,0.10559,0.047118,0.075321,0.075888,0.073967,0.15803,0.10184,0.103,0.010731,0.067226,0.050512,0.063876,-0.044699,0.068177,-0.011018,0.13814,0.053843,0.00073453,0.1126,0.035351,-0.065988,-0.098576,-0.048488,0.081937,-0.09312,-0.0025828,-0.13124,-0.11219,-0.15737,-0.047664,-0.047356,-0.043535,-0.084362
19,B,True,-0.038796,-0.10824,-0.050987,-0.051743,-0.089056,0.04944,-0.08228,-0.095863,-0.20454,-0.092005,-0.17803,-0.26707,-0.19507,-0.15046,-0.095606,-0.11907,-0.20402,-0.083916,-0.12041,-0.30065,-0.14996,-0.12899,-0.16645,-0.20074,-0.22279,-0.40583,-0.275,-0.35064,-0.25785,-0.067,-0.12573,-0.10332,-0.29929,-0.30309,-0.15082,-0.14607,-0.15444,-0.19005,-0.11028,-0.1755,-0.14191,-0.3044,-0.32535,-0.39923,-0.45606,-0.28973,-0.52302,-0.38361,-0.39275,-0.45603,-0.32084,-0.21511,-0.30377,-0.44255,-0.39675,-0.37044,-0.28207,-0.34182,-0.14504,-0.33914,-0.3978,-0.33102,-0.44128,-0.34058,-0.23194,-0.28268,-0.29382,-0.16392,-0.33163,-0.44268,-0.31327,-0.26599,-0.22303,-0.36089,-0.30978,-0.31568,-0.43163,-0.27853,-0.34329,-0.44294,-0.53187,-0.40473,-0.34234,-0.25878,-0.42535,-0.45836,-0.26482,-0.40849,-0.39127,-0.34447,-0.39317,-0.31764,-0.47741,-0.44804,-0.47091,-0.51256,-0.46402,-0.25445,-0.32905,-0.30861,-0.25952,-0.33126,-0.22575,-0.10467,-0.12468,-0.098676,-0.1529,0.029988,-0.16073,-0.053331,-0.12322,-0.10758,0.0079621,-0.07301,-0.1018,-0.07587,-0.00044542,-0.10171,-0.13106
20,B,False,0.063262,-0.0078747,0.050901,-0.001193,0.041123,0.0011332,-0.029746,0.020023,0.060486,0.010703,-0.1074,0.10565,0.15414,0.13985,0.11665,0.15479,0.088947,0.19256,0.28528,0.19496,0.28342,0.27414,0.29336,0.30141,0.40572,0.27721,0.20939,0.2125,0.21514,-0.018413,0.023617,-0.042755,0.1948,0.12251,0.078111,0.12084,0.073355,-0.018051,0.081753,0.077175,-0.025624,0.084573,-0.014585,0.078364,0.056748,0.092663,0.20448,0.0085402,-0.020565,-0.0075668,-0.12281,-0.046037,-0.14317,-0.099548,-0.12839,-0.22791,-0.22791,-0.091481,-0.080853,-0.033407,0.017785,-0.013231,-0.013909,-0.054447,-0.018978,0.10858,-0.0086182,0.060984,0.060328,0.12815,0.19458,0.044515,0.057666,-0.0059855,0.043393,0.1401,0.12184,-0.001771,-0.0015592,-0.15456,0.023124,-0.15645,-0.020955,-0.079669,-0.12052,-0.16056,-0.18855,-0.12053,-0.0611,-0.24936,-0.048321,-0.097661,-0.14913,-0.0014665,0.055923,-0.063315,-0.01643,0.10017,0.015094,0.06402,-0.02489,0.11069,-0.017589,0.22433,0.11417,0.086457,0.12613,0.047836,0.018539,0.038706,0.0046843,0.29581,0.11398,0.10195,0.025674,0.056251,0.18259,0.068365,0.08159
21,B,True,0.21527,0.11391,0.1959,0.22101,-0.0014725,-0.027629,0.12367,-0.011724,-0.057091,0.024887,0.034212,0.15419,0.073723,0.06729,0.05577,0.23696,0.090972,0.25216,0.14966,0.24313,0.28049,0.40575,0.36884,0.34056,0.25707,0.27243,0.27076,0.28797,0.34896,0.3853,0.33433,0.29226,0.28552,0.36224,0.36028,0.23917,0.28457,0.20123,0.16249,0.17625,0.085027,0.23551,0.21486,0.17291,0.21,0.25126,0.26764,0.39728,0.39556,0.46888,0.44933,0.54635,0.36798,0.38428,0.35418,0.3525,0.34087,0.22227,0.21147,0.15251,0.17416,0.16481,0.25852,0.13474,0.14818,0.21381,0.13856,0.22022,0.20775,0.23629,0.38038,0.38104,0.2459,0.28652,0.19038,0.18758,0.30802,0.25074,0.20425,0.3039,0.2644,-0.0056241,0.080276,0.236,0.17391,0.21751,0.15814,0.083596,0.04275,0.26314,0.12891,0.19267,0.022391,0.14614,0.040108,0.063262,-0.0078747,0.050901,-0.001193,0.041123,0.0011332,-0.029746,0.020023,0.060486,0.010703,-0.1074,0.10565,0.15414,0.13985,0.11665,0.15479,0.088947,0.19256,0.28528,0.19496,0.28342,0.27414,0.29336,0.30141
22,B,False,0.25216,0.14966,0.24313,0.28049,0.40575,0.36884,0.34056,0.25707,0.27243,0.27076,0.28797,0.34896,0.3853,0.33433,0.29226,0.28552,0.36224,0.36028,0.23917,0.28457,0.20123,0.16249,0.17625,0.085027,0.23551,0.21486,0.17291,0.21,0.25126,0.26764,0.39728,0.39556,0.46888,0.44933,0.54635,0.36798,0.38428,0.35418,0.3525,0.34087,0.22227,0.21147,0.15251,0.17416,0.16481,0.25852,0.13474,0.14818,0.21381,0.13856,0.22022,0.20775,0.23629,0.38038,0.38104,0.2459,0.28652,0.19038,0.18758,0.30802,0.25074,0.20425,0.3039,0.2644,-0.0056241,0.080276,0.236,0.17391,0.21751,0.15814,0.083596,0.04275,0.26314,0.12891,0.19267,0.022391,0.14614,0.040108,0.063262,-0.0078747,0.050901,-0.001193,0.041123,0.0011332,-0.029746,0.020023,0.060486,0.010703,-0.1074,0.10565,0.15414,0.13985,0.11665,0.15479,0.088947,0.19256,0.28528,0.19496,0.28342,0.27414,0.29336,0.30141,0.40572,0.27721,0.20939,0.2125,0.21514,-0.018413,0.023617,-0.042755,0.1948,0.12251,0.078111,0.12084,0.073355,-0.018051,0.081753,0.077175,-0.025624
23,B,False,0.013134,0.36967,0.13888,-0.1032,-0.066151,-0.091058,-0.31353,-0.070625,-0.1047,-0.024981,-0.11928,-0.092902,0.096881,-0.2441,-0.39709,-0.16731,-0.55193,-0.26626,-0.31752,-0.20346,-0.51251,-0.52783,-0.33019,-0.027814,-0.17138,-0.52461,-0.82905,-0.38197,-0.60667,-0.44465,-0.37469,-0.12664,-0.73284,-0.27859,-0.02416,-0.062577,-0.211,-0.50557,-0.39379,-0.41006,-0.36896,-0.1791,-0.42322,-0.29972,-0.26403,-0.23349,0.037987,-0.17566,-0.22705,-0.36077,-0.1151,-0.078957,-0.0198,0.059716,-0.049425,-0.15959,0.1132,-0.050758,0.040363,-0.20029,-0.1572,-0.22509,-0.082,-0.037285,-0.16401,-0.14822,-0.22362,0.021007,-0.23878,-0.30923,-0.19696,-0.12035,-0.22299,-0.037029,-0.05339,-0.28503,-0.35686,-0.31122,-0.16858,-0.24499,-0.17307,-0.12656,-0.18765,-0.31319,-0.21553,-0.33943,-0.07508,-0.12864,-0.046195,-0.096952,-0.12655,0.082274,-0.037442,0.20882,0.16131,0.17749,0.065031,-0.0076763,0.24536,0.12811,-0.09859,-0.027175,0.11799,0.050416,-0.013556,0.11544,-0.05689,-0.0009884,0.12545,0.16487,0.32569,0.41926,0.2281,0.35479,0.35388,0.3387,0.33747,0.39491,0.45783
24,B,False,0.0019674,0.039472,-0.09746,-0.069374,-0.11381,-0.15193,-0.1536,-0.053383,-0.04925,-0.14979,-0.17573,-0.30944,-0.24069,-0.10652,-0.16932,-0.12621,-0.087834,-0.15378,-0.084952,-0.06716,-0.036129,0.029428,-0.023154,0.0028187,-0.0017318,0.058477,0.022504,0.013883,0.019752,0.080418,0.010435,-0.10067,-0.11935,-0.10637,-0.095185,-0.027344,0.0035152,-0.014417,-0.010336,-0.066932,0.12907,0.067672,0.076693,0.096754,0.055194,0.026698,0.095155,0.080032,0.10319,0.14342,0.19649,0.1518,0.10773,0.076549,-0.015142,-0.00095488,0.10873,0.028936,0.079502,0.081492,0.093074,-0.016773,0.11688,0.0094964,0.099021,0.017387,0.098682,0.088627,0.13061,0.10148,-0.015876,-0.14967,-0.1067,0.034648,0.063253,0.16332,0.14534,0.20477,0.32081,0.43726,0.3008,0.36677,0.24339,0.45568,0.40359,0.47172,0.37149,0.27745,0.33963,0.35112,0.3316,0.30255,0.26457,0.23484,0.2784,0.32753,0.27959,0.25225,0.39138,0.38284,0.33851,0.37568,0.3136,0.38501,0.33903,0.43576,0.4098,0.3851,0.37877,0.37818,0.38188,0.36788,0.27015,0.27946,0.29678,0.15087,0.31673,0.29091,0.38409
25,B,False,-0.20671,-0.079016,-0.12674,-0.14077,-0.20969,-0.14635,0.0055931,0.031388,0.034945,-0.036961,0.17309,0.1309,0.04192,0.17046,0.52323,0.15597,0.19228,0.33158,0.42624,0.13751,0.24356,0.15238,-0.019476,-0.17343,-0.30436,-0.29543,-0.04708,-0.096654,-0.08745,0.10506,0.2308,0.32339,0.46139,0.5223,0.56703,0.40552,0.44172,0.5849,0.60648,0.63031,0.56329,0.52183,0.70185,0.58667,0.41712,0.57263,0.46607,0.42025,0.47295,0.56469,0.24505,0.43867,0.35821,0.49064,0.39926,0.36505,0.40023,0.50236,0.29857,0.48121,0.32619,0.2673,0.27802,0.50752,0.66503,0.64791,0.47836,0.37772,0.63746,0.30557,0.42538,0.56553,0.44327,0.51632,0.28891,0.21898,0.097447,0.39859,0.16852,0.53305,0.33791,0.50757,0.86591,0.40549,0.56647,0.75039,0.38154,0.45579,0.39552,0.44688,0.46831,0.24994,0.29461,0.21176,0.12493,-0.25005,-0.21694,-0.15575,-0.014659,-0.261,-0.12099,-0.39721,-0.18811,-0.14641,0.051646,0.022217,-0.068043,-0.099245,-0.14678,-0.023384,-0.22929,-0.16617,-0.14311,0.19478,-0.0069284,-0.072296,0.052554,-0.07914,-0.11548
26,B,False,0.36884,0.34056,0.25707,0.27243,0.27076,0.28797,0.34896,0.3853,0.33433,0.29226,0.28552,0.36224,0.36028,0.23917,0.28457,0.20123,0.16249,0.17625,0.085027,0.23551,0.21486,0.17291,0.21,0.25126,0.26764,0.39728,0.39556,0.46888,0.44933,0.54635,0.36798,0.38428,0.35418,0.3525,0.34087,0.22227,0.21147,0.15251,0.17416,0.16481,0.25852,0.13474,0.14818,0.21381,0.13856,0.22022,0.20775,0.23629,0.38038,0.38104,0.2459,0.28652,0.19038,0.18758,0.30802,0.25074,0.20425,0.3039,0.2644,-0.0056241,0.080276,0.236,0.17391,0.21751,0.15814,0.083596,0.04275,0.26314,0.12891,0.19267,0.022391,0.14614,0.040108,0.063262,-0.0078747,0.050901,-0.001193,0.041123,0.0011332,-0.029746,0.020023,0.060486,0.010703,-0.1074,0.10565,0.15414,0.13985,0.11665,0.15479,0.088947,0.19256,0.28528,0.19496,0.28342,0.27414,0.29336,0.30141,0.40572,0.27721,0.20939,0.2125,0.21514,-0.018413,0.023617,-0.042755,0.1948,0.12251,0.078111,0.12084,0.073355,-0.018051,0.081753,0.077175,-0.025624,0.084573,-0.014585,0.078364,0.056748,0.092663
27,B,False,-0.44886,-0.28157,-0.26083,-0.44403,-0.25568,-0.38474,-0.19263,-0.38697,-0.42361,-0.40876,-0.10128,-0.14762,-0.15822,-0.21266,-0.19668,-0.063117,-0.051646,0.11008,0.18834,0.14003,0.17489,0.1831,0.2166,0.19083,0.11719,0.12256,0.1182,0.25391,0.065539,0.032539,-0.044678,-0.087993,-0.077434,-0.13867,-0.027303,-0.18204,0.018056,-0.039557,0.13477,0.2862,0.47481,0.10936,0.15898,0.28961,0.14075,0.068315,0.11742,0.29154,0.2468,0.12504,0.29336,0.35938,0.20119,0.2687,0.35786,0.23003,0.23104,0.14613,0.24014,0.24391,0.35127,0.12421,0.060055,0.2055,0.1251,-0.075653,0.042994,-0.33996,-0.1598,-0.41375,-0.36957,-0.085578,-0.1708,-0.1172,-0.13006,-0.24419,-0.32597,-0.17173,-0.1027,-0.10361,0.19164,0.08106,0.19409,-0.022653,0.070689,0.039117,-0.14563,-0.031955,-0.14408,-0.3804,-0.20058,-0.24392,-0.27535,-0.37264,-0.41444,-0.45916,-0.41502,-0.3468,-0.27837,-0.33137,-0.3473,-0.29199,-0.20907,-0.17606,-0.11088,-0.091425,0.021341,0.035013,-0.075469,-0.3385,-0.094693,-0.12619,-0.11979,-0.080178,-0.17006,-0.02228,-0.10881,-0.14924,-0.22715
28,B,False,0.46912,0.45964,0.49098,0.49368,0.47362,0.53589,0.55735,0.57219,0.52231,0.56274,0.48728,0.4194,0.44383,0.34795,0.45524,0.26336,0.31628,0.33895,0.3062,0.40471,0.34416,0.34267,0.28124,0.25415,0.2787,0.33535,0.33597,0.38277,0.37424,0.2409,0.3266,0.37609,0.38728,0.39506,0.32904,0.31677,0.34072,0.43778,0.41311,0.34961,0.19294,0.21619,0.17751,0.15974,0.11921,0.076246,0.19086,0.26529,0.23121,0.12384,0.13133,0.17622,0.17555,0.25468,0.26147,0.22837,0.26818,0.29012,0.3334,0.1136,0.18178,0.19655,0.2206,0.17969,0.18092,0.14366,0.2077,0.27084,0.14746,0.082593,0.053277,0.16879,0.051317,0.18226,0.20263,0.14396,0.25278,0.22765,0.26201,0.33257,0.30861,0.31813,0.1663,0.31189,0.17738,0.18074,0.15947,0.20871,0.19714,0.30256,0.23271,0.22883,0.20288,0.16952,0.14738,0.16686,0.1751,0.17855,0.14082,0.22163,0.23022,0.11484,0.15024,0.11869,0.17105,0.22556,0.1746,0.18019,0.18158,0.19255,0.1775,0.1061,0.22536,0.16938,0.20754,0.18222,0.18644,0.23914,0.22117
29,B,True,-0.1425,-0.1088,-0.21168,-0.098089,-0.18162,-0.098522,-0.046352,-0.2023,-0.040572,-0.18192,-0.23633,-0.24062,-0.24019,-0.1923,-0.27542,-0.23443,-0.20239,-0.24152,-0.31736,-0.19253,-0.16551,-0.17664,-0.24964,-0.13322,-0.21457,-0.19034,-0.14595,-0.19343,-0.18436,-0.27424,-0.1634,-0.094958,-0.1996,-0.19367,-0.18375,-0.27947,-0.22507,-0.21705,-0.14979,-0.098093,0.046295,-0.10558,-0.052356,-0.0075909,-0.13417,-0.086216,-0.11101,-0.06588,-0.061138,-0.23469,-0.25915,-0.13048,-0.20559,-0.19593,-0.20333,-0.17798,-0.22257,-0.29978,-0.26738,-0.27562,-0.22527,-0.23261,-0.14883,-0.1707,-0.2764,-0.24184,-0.17353,-0.25203,-0.18863,-0.26331,-0.21563,-0.10712,-0.054222,-0.088395,-0.14286,-0.17345,-0.28655,-0.23731,-0.27127,-0.18426,-0.20656,-0.28465,-0.25762,-0.19382,-0.20715,-0.20693,-0.17204,-0.1286,-0.16899,-0.12116,-0.16493,-0.22843,-0.10679,-0.021483,-0.12784,-0.10698,-0.10494,-0.15563,-0.17415,-0.28335,-0.11217,-0.19573,-0.3597,-0.41452,-0.18493,-0.26189,-0.31412,-0.24565,-0.26841,-0.32114,-0.29627,-0.33992,-0.21452,-0.24409,-0.24563,-0.24593,-0.33839,-0.27266,-0.35985
30,B,False,0.41907,0.33742,0.41272,0.5116,0.483,0.39646,0.37306,0.45047,0.51366,0.3388,0.11009,0.11855,0.3033,0.14084,0.26356,0.1629,0.22946,0.20697,0.13448,0.25042,0.19767,0.20817,0.46145,0.41564,0.45048,0.52776,0.45542,0.60015,0.5228,0.34424,0.47556,0.45133,0.41878,0.52022,0.49555,0.44524,0.43097,0.36845,0.30161,0.44024,0.40243,0.26021,0.48104,0.45327,0.50869,0.39927,0.46023,0.44865,0.37045,0.40054,0.26638,0.27869,0.14521,0.122,0.070862,0.21607,0.39223,0.23815,0.38639,0.24495,0.29203,0.19407,0.26702,0.34041,0.43819,0.36106,0.44355,0.36726,0.44291,0.36521,0.41686,0.34005,0.35255,0.24364,0.16488,0.20105,-0.0036181,0.064693,-0.21074,-0.17157,-0.1029,-0.039497,0.093477,-0.16845,-0.15686,-0.08859,-0.017468,-0.0076216,0.060933,-0.047794,0.076041,0.11686,0.033815,-0.1539,-0.072261,-0.17564,-0.050917,-0.20051,-0.17525,-0.046946,-0.11818,-0.030422,-0.16901,-0.14084,-0.18261,-0.11275,-0.18008,-0.2324,-0.13511,-0.077996,0.0083463,0.13794,0.11063,0.022099,0.1979,0.13425,0.30581,0.23179,0.25406
31,B,False,-0.091481,-0.080853,-0.033407,0.017785,-0.013231,-0.013909,-0.054447,-0.018978,0.10858,-0.0086182,0.060984,0.060328,0.12815,0.19458,0.044515,0.057666,-0.0059855,0.043393,0.1401,0.12184,-0.001771,-0.0015592,-0.15456,0.023124,-0.15645,-0.020955,-0.079669,-0.12052,-0.16056,-0.18855,-0.12053,-0.0611,-0.24936,-0.048321,-0.097661,-0.14913,-0.0014665,0.055923,-0.063315,-0.01643,0.10017,0.015094,0.06402,-0.02489,0.11069,-0.017589,0.22433,0.11417,0.086457,0.12613,0.047836,0.018539,0.038706,0.0046843,0.29581,0.11398,0.10195,0.025674,0.056251,0.18259,0.068365,0.08159,-0.14303,-0.038619,-0.11762,-0.0050443,-0.099282,0.092958,0.044509,0.11013,0.14226,0.23356,0.25493,0.16772,0.18169,0.14757,0.223,0.27512,0.22589,0.20983,0.13893,0.22387,0.091338,0.072281,0.12999,0.12754,0.16285,0.12557,0.15953,0.010532,0.026491,0.061913,0.052597,-0.0037828,0.078484,0.0015562,-0.061267,0.020334,-0.082131,-0.03556,-0.13593,-0.029112,0.007673,-0.15058,-0.088532,0.072885,0.0049328,-0.11786,-0.04892,-0.00085971,-0.10682,-0.099347,-0.080099,-0.21298,-0.039641,0.051341,0.0095955,0.0093424,0.035949
32,B,False,-0.11388,0.0009326,-0.11031,-0.02405,-0.012402,-0.20154,-0.078288,-0.083978,-0.11365,-0.11811,-0.060283,-0.059978,-0.098379,-0.046534,0.058452,-0.051038,-0.020099,-0.0043504,0.026499,-0.0040705,-0.010185,-0.010667,-0.056923,-0.037463,-0.043704,-0.0032579,0.0070978,-0.06118,0.035335,-0.19005,-0.0055748,-0.038126,-0.075961,-0.095252,-0.079566,0.085654,0.032553,0.047232,0.082091,0.015258,-0.0089265,-0.018631,-0.10208,-0.015478,-0.088603,-0.078629,-0.11757,-0.063337,-0.017888,-0.10557,-0.0093742,-0.10393,-0.12585,-0.16384,-0.2348,-0.26555,-0.25836,-0.21152,-0.21146,-0.078773,-0.01523,0.049991,0.024228,0.042902,-0.0023189,0.096556,0.030672,0.10268,0.086619,0.1208,0.14542,0.13776,0.053153,0.10304,0.034624,0.017853,-0.0454,0.031054,-0.042206,-0.020927,-0.040464,-0.089077,-0.24944,-0.18213,-0.25112,-0.22716,-0.090219,-0.049672,-0.017502,-0.0096464,0.054523,0.080534,-0.036808,0.095243,0.10586,0.025848,0.090486,0.071669,-0.010227,0.083942,0.092834,0.03901,-0.003042,-0.056926,0.14165,0.087554,0.018789,0.037814,0.10052,0.0050279,0.02914,0.07753,0.0611,0.058201,0.013971,0.10102,-0.019068,0.014566,0.034616
33,B,False,-0.17614,-0.13169,-0.19098,-0.13958,-0.13086,-0.11951,-0.091125,-0.13171,-0.079912,-0.073166,-0.060221,-0.037095,0.00033187,-0.036059,-0.013264,-0.032508,-0.047261,0.016688,-0.081279,-0.066935,-0.083612,-0.12345,-0.23353,-0.1519,-0.12349,-0.14342,-0.14655,-0.12828,-0.13543,-0.13278,-0.1978,-0.27022,-0.24007,-0.27184,-0.32298,-0.35179,-0.17156,-0.2742,-0.23503,-0.1939,-0.25459,-0.22542,-0.16218,-0.18453,-0.14983,-0.10257,0.051868,-0.036187,-0.085379,-0.054917,-0.086458,0.031337,-0.0054763,-0.029315,-0.061417,-0.044638,0.0055402,-0.015047,-0.001736,0.028562,-0.029208,-0.028234,-0.1136,-0.011566,-0.01054,0.0025199,0.063081,-0.16565,-0.032042,-0.081932,-0.089018,-0.1819,-0.12334,-0.013932,0.036353,-0.00069014,0.025047,-0.045376,0.0092742,0.081025,0.06828,0.027876,0.078966,0.041834,0.063371,0.076337,0.042107,0.02957,-0.041633,-0.022444,0.068441,0.043507,0.043645,0.045329,0.02213,0.043716,0.070002,0.10859,0.075843,-0.0098335,0.058807,0.0055988,0.049964,0.057094,0.077955,0.11768,0.13347,0.043397,0.16358,0.075318,0.10986,0.0019674,0.039472,-0.09746,-0.069374,-0.11381,-0.15193,-0.1536,-0.053383
34,B,False,-0.046352,-0.2023,-0.040572,-0.18192,-0.23633,-0.24062,-0.24019,-0.1923,-0.27542,-0.23443,-0.20239,-0.24152,-0.31736,-0.19253,-0.16551,-0.17664,-0.24964,-0.13322,-0.21457,-0.19034,-0.14595,-0.19343,-0.18436,-0.27424,-0.1634,-0.094958,-0.1996,-0.19367,-0.18375,-0.27947,-0.22507,-0.21705,-0.14979,-0.098093,0.046295,-0.10558,-0.052356,-0.0075909,-0.13417,-0.086216,-0.11101,-0.06588,-0.061138,-0.23469,-0.25915,-0.13048,-0.20559,-0.19593,-0.20333,-0.17798,-0.22257,-0.29978,-0.26738,-0.27562,-0.22527,-0.23261,-0.14883,-0.1707,-0.2764,-0.24184,-0.17353,-0.25203,-0.18863,-0.26331,-0.21563,-0.10712,-0.054222,-0.088395,-0.14286,-0.17345,-0.28655,-0.23731,-0.27127,-0.18426,-0.20656,-0.28465,-0.25762,-0.19382,-0.20715,-0.20693,-0.17204,-0.1286,-0.16899,-0.12116,-0.16493,-0.22843,-0.10679,-0.021483,-0.12784,-0.10698,-0.10494,-0.15563,-0.17415,-0.28335,-0.11217,-0.19573,-0.3597,-0.41452,-0.18493,-0.26189,-0.31412,-0.24565,-0.26841,-0.32114,-0.29627,-0.33992,-0.21452,-0.24409,-0.24563,-0.24593,-0.33839,-0.27266,-0.35985,-0.3723,-0.30778,-0.18781,-0.22514,-0.28295,-0.27555
35,B,True,-0.0098356,-0.025006,-0.0014026,0.0067287,-0.029905,-0.016995,-0.08454,-0.25573,-0.26363,-0.25396,-0.39544,-0.10134,-0.25149,-0.21048,-0.29291,-0.38465,-0.39966,-0.31672,-0.40034,-0.29011,-0.36361,-0.28619,-0.25886,-0.12225,-0.1724,-0.24267,0.028794,-0.17205,-0.096875,-0.26982,-0.059673,-0.15446,-0.16285,-0.21416,-0.16654,-0.18957,-0.12618,-0.084481,-0.08819,-0.13271,-0.057422,-0.096223,-0.22521,-0.14002,-0.29405,-0.20047,-0.30542,-0.13112,-0.25507,-0.27056,-0.38821,-0.29772,-0.27066,-0.084742,-0.050323,-0.0049246,-0.0097681,-0.0022583,-0.030055,-0.044561,-0.022429,-0.14863,-0.02772,0.011453,-0.018669,-0.035479,-0.083784,-0.0039781,-0.023445,0.0049689,0.034103,0.10559,-0.045979,-0.075515,-0.0029448,-0.0864,-0.069895,0.085403,-0.089725,-0.024354,0.11866,0.019161,-0.018379,0.10991,0.044061,0.12047,0.11858,0.10434,0.16079,0.0048336,-0.035681,-0.055469,-0.18826,0.035191,0.16335,-0.095768,0.00013353,0.026571,0.090749,-0.0033855,0.0016626,-0.087831,-0.19198,-0.17963,-0.12977,-0.066371,-0.10063,-0.22035,-0.15429,-0.163,-0.15812,-0.1306,-0.078921,-0.030218,-0.11132,0.014253,-0.027479,-0.092606,-0.011407
36,B,False,-0.12351,-0.11034,-0.19419,-0.18513,-0.13003,-0.19797,-0.25702,-0.26336,-0.23738,-0.21996,-0.2136,-0.2035,-0.18357,-0.11667,-0.10146,-0.22332,-0.13385,-0.13351,-0.09543,-0.12712,-0.17632,-0.14476,-0.072846,-0.056575,-0.15986,-0.16045,-0.16333,-0.15973,-0.16781,-0.097798,-0.15051,-0.12426,-0.1576,-0.1381,-0.12631,-0.12245,-0.12373,-0.13278,-0.03598,0.016449,-0.064185,0.00099544,0.075421,0.068008,0.02179,0.10877,0.01407,0.097362,0.071675,0.17684,0.11371,0.1964,0.189,0.1155,0.035736,0.13789,0.11027,0.020682,0.02916,0.14256,0.11538,0.13212,0.048011,0.14985,0.086762,0.13671,0.1746,0.085572,0.10862,0.12303,0.18345,0.20588,0.18924,0.17422,0.1623,0.21016,0.14257,0.17509,0.19843,0.20563,0.21249,0.12639,0.16444,0.20546,0.16758,0.20549,0.18754,0.15049,0.15724,0.0488,-0.048394,0.045322,-0.025685,0.0061625,0.083999,0.05018,0.12067,0.11372,0.09577,0.22126,0.1875,0.25634,0.32178,0.32181,0.37886,0.2531,0.31068,0.35848,0.32507,0.22682,0.19337,0.21616,0.12932,0.22116,0.12636,0.076359,0.15172,0.092333,0.057514
37,B,False,-0.95903,-0.70731,-0.69873,-0.31374,-0.5175,-0.25301,-0.72565,-0.57945,-0.54626,-0.31945,-0.31751,-0.43785,-0.59384,-0.7348,-0.76392,-0.55651,-0.68596,-0.53495,-0.72316,-0.34464,-0.45943,-0.33157,-0.16488,-0.50083,-0.4839,0.028648,-0.057527,-0.34028,-0.36582,-0.39269,-0.38374,-0.56746,-0.27354,-0.39913,-0.19528,-0.076548,-0.15859,-0.21594,-0.31789,-0.057399,-0.11443,0.0018196,0.25096,0.14527,0.11841,0.1926,0.024613,0.013134,0.36967,0.13888,-0.1032,-0.066151,-0.091058,-0.31353,-0.070625,-0.1047,-0.024981,-0.11928,-0.092902,0.096881,-0.2441,-0.39709,-0.16731,-0.55193,-0.26626,-0.31752,-0.20346,-0.51251,-0.52783,-0.33019,-0.027814,-0.17138,-0.52461,-0.82905,-0.38197,-0.60667,-0.44465,-0.37469,-0.12664,-0.73284,-0.27859,-0.02416,-0.062577,-0.211,-0.50557,-0.39379,-0.41006,-0.36896,-0.1791,-0.42322,-0.29972,-0.26403,-0.23349,0.037987,-0.17566,-0.22705,-0.36077,-0.1151,-0.078957,-0.0198,0.059716,-0.049425,-0.15959,0.1132,-0.050758,0.040363,-0.20029,-0.1572,-0.22509,-0.082,-0.037285,-0.16401,-0.14822,-0.22362,0.021007,-0.23878,-0.30923,-0.19696,-0.12035
38,B,False,-0.19419,-0.18513,-0.13003,-0.19797,-0.25702,-0.26336,-0.23738,-0.21996,-0.2136,-0.2035,-0.18357,-0.11667,-0.10146,-0.22332,-0.13385,-0.13351,-0.09543,-0.12712,-0.17632,-0.14476,-0.072846,-0.056575,-0.15986,-0.16045,-0.16333,-0.15973,-0.16781,-0.097798,-0.15051,-0.12426,-0.1576,-0.1381,-0.12631,-0.12245,-0.12373,-0.13278,-0.03598,0.016449,-0.064185,0.00099544,0.075421,0.068008,0.02179,0.10877,0.01407,0.097362,0.071675,0.17684,0.11371,0.1964,0.189,0.1155,0.035736,0.13789,0.11027,0.020682,0.02916,0.14256,0.11538,0.13212,0.048011,0.14985,0.086762,0.13671,0.1746,0.085572,0.10862,0.12303,0.18345,0.20588,0.18924,0.17422,0.1623,0.21016,0.14257,0.17509,0.19843,0.20563,0.21249,0.12639,0.16444,0.20546,0.16758,0.20549,0.18754,0.15049,0.15724,0.0488,-0.048394,0.045322,-0.025685,0.0061625,0.083999,0.05018,0.12067,0.11372,0.09577,0.22126,0.1875,0.25634,0.32178,0.32181,0.37886,0.2531,0.31068,0.35848,0.32507,0.22682,0.19337,0.21616,0.12932,0.22116,0.12636,0.076359,0.15172,0.092333,0.057514,0.027159,0.092462
39,B,False,-1.0096,-0.56544,-0.76253,-0.71528,-0.46382,-0.77946,-0.71329,-1.1965,-1.11,-0.86939,-0.97187,-1.1212,-1.3296,-1.2194,-0.97727,-0.95903,-0.70731,-0.69873,-0.31374,-0.5175,-0.25301,-0.72565,-0.57945,-0.54626,-0.31945,-0.31751,-0.43785,-0.59384,-0.7348,-0.76392,-0.55651,-0.68596,-0.53495,-0.72316,-0.34464,-0.45943,-0.33157,-0.16488,-0.50083,-0.4839,0.028648,-0.057527,-0.34028,-0.36582,-0.39269,-0.38374,-0.56746,-0.27354,-0.39913,-0.19528,-0.076548,-0.15859,-0.21594,-0.31789,-0.057399,-0.11443,0.0018196,0.25096,0.14527,0.11841,0.1926,0.024613,0.013134,0.36967,0.13888,-0.1032,-0.066151,-0.091058,-0.31353,-0.070625,-0.1047,-0.024981,-0.11928,-0.092902,0.096881,-0.2441,-0.39709,-0.16731,-0.55193,-0.26626,-0.31752,-0.20346,-0.51251,-0.52783,-0.33019,-0.027814,-0.17138,-0.52461,-0.82905,-0.38197,-0.60667,-0.44465,-0.37469,-0.12664,-0.73284,-0.27859,-0.02416,-0.062577,-0.211,-0.50557,-0.39379,-0.41006,-0.36896,-0.1791,-0.42322,-0.29972,-0.26403,-0.23349,0.037987,-0.17566,-0.22705,-0.36077,-0.1151,-0.078957,-0.0198,0.059716,-0.049425,-0.15959,0.1132
40,B,False,-0.15859,-0.21594,-0.31789,-0.057399,-0.11443,0.0018196,0.25096,0.14527,0.11841,0.1926,0.024613,0.013134,0.36967,0.13888,-0.1032,-0.066151,-0.091058,-0.31353,-0.070625,-0.1047,-0.024981,-0.11928,-0.092902,0.096881,-0.2441,-0.39709,-0.16731,-0.55193,-0.26626,-0.31752,-0.20346,-0.51251,-0.52783,-0.33019,-0.027814,-0.17138,-0.52461,-0.82905,-0.38197,-0.60667,-0.44465,-0.37469,-0.12664,-0.73284,-0.27859,-0.02416,-0.062577,-0.211,-0.50557,-0.39379,-0.41006,-0.36896,-0.1791,-0.42322,-0.29972,-0.26403,-0.23349,0.037987,-0.17566,-0.22705,-0.36077,-0.1151,-0.078957,-0.0198,0.059716,-0.049425,-0.15959,0.1132,-0.050758,0.040363,-0.20029,-0.1572,-0.22509,-0.082,-0.037285,-0.16401,-0.14822,-0.22362,0.021007,-0.23878,-0.30923,-0.19696,-0.12035,-0.22299,-0.037029,-0.05339,-0.28503,-0.35686,-0.31122,-0.16858,-0.24499,-0.17307,-0.12656,-0.18765,-0.31319,-0.21553,-0.33943,-0.07508,-0.12864,-0.046195,-0.096952,-0.12655,0.082274,-0.037442,0.20882,0.16131,0.17749,0.065031,-0.0076763,0.24536,0.12811,-0.09859,-0.027175,0.11799,0.050416,-0.013556,0.11544,-0.05689,-0.0009884
41,B,False,-0.19141,-0.24975,-0.16625,-0.21761,-0.22565,-0.20078,-0.053556,-0.11511,-0.1657,-0.14875,-0.04873,0.0029711,-0.083909,-0.067729,-0.084487,-0.2007,-0.12685,-0.11706,-0.095626,-0.057608,-0.028878,-0.077575,-0.16676,-0.24638,-0.36806,-0.31987,-0.30718,-0.19329,-0.28335,-0.22115,-0.20068,-0.12688,-0.15754,-0.10174,-0.073129,-0.10929,0.036509,-0.010804,-0.043236,0.003949,0.0013991,0.030761,-0.011735,-0.02057,-0.039677,-0.15938,-0.085334,-0.010641,-0.030591,-0.05289,-0.061982,-0.054861,-0.033612,-0.044644,-0.0035974,-0.0088796,-0.021992,-0.076482,-0.087864,-0.033861,-0.10939,-0.022973,-0.1105,-0.035895,-0.12633,-0.13276,-0.048968,-0.088058,-0.0053794,-0.059851,-0.064146,-0.010464,-0.015541,-0.021694,-0.083377,-0.03896,-0.072036,-0.14643,-0.15593,-0.22271,-0.11218,-0.24014,-0.10974,-0.3174,-0.27059,-0.16425,-0.074578,-0.072371,-0.10816,-0.069846,0.043744,-0.0072605,-0.0070227,0.022107,-0.076603,0.033872,0.042437,0.045994,0.097582,-0.051118,-0.10601,-0.11883,-0.042008,-0.035894,-0.017846,-0.13059,-0.13192,-0.057391,-0.022247,0.06321,-0.13454,-0.11177,-0.16743,-0.21999,-0.21037,-0.24428,-0.19839,-0.041348,-0.087345
42,B,False,0.49703,0.51727,0.51404,0.54501,0.67405,0.75759,0.65728,0.78214,0.55778,0.58191,0.51296,0.4695,0.36192,0.49517,0.40889,0.39261,0.54113,0.38039,0.37759,0.4545,0.52072,0.29665,0.49019,0.47291,0.44817,0.36039,0.31591,0.49148,0.45974,0.48834,0.5199,0.47652,0.22458,0.43313,0.44527,0.37581,0.37515,0.38268,0.22772,0.24713,0.19861,0.17636,0.21102,0.39482,0.3852,0.31267,0.44406,0.28939,0.45433,0.51421,0.56127,0.51028,0.49703,0.4237,0.51894,0.41259,0.42056,0.39276,0.40524,0.46976,0.47778,0.50707,0.50352,0.51975,0.41312,0.36939,0.47484,0.5113,0.32414,0.5012,0.4112,0.50264,0.58022,0.54927,0.54993,0.52297,0.49987,0.64634,0.46552,0.5113,0.45632,0.37897,0.48423,0.35098,0.29317,0.36374,0.40846,0.50206,0.4349,0.33978,0.51632,0.41366,0.47099,0.51278,0.64961,0.5934,0.45877,0.64249,0.57811,0.55669,0.67216,0.75872,0.58563,0.60258,0.56459,0.62817,0.54873,0.43972,0.4782,0.50129,0.5755,0.43405,0.54537,0.52078,0.43081,0.45126,0.56874,0.54584,0.54592
43,B,False,-0.30436,-0.29543,-0.04708,-0.096654,-0.08745,0.10506,0.2308,0.32339,0.46139,0.5223,0.56703,0.40552,0.44172,0.5849,0.60648,0.63031,0.56329,0.52183,0.70185,0.58667,0.41712,0.57263,0.46607,0.42025,0.47295,0.56469,0.24505,0.43867,0.35821,0.49064,0.39926,0.36505,0.40023,0.50236,0.29857,0.48121,0.32619,0.2673,0.27802,0.50752,0.66503,0.64791,0.47836,0.37772,0.63746,0.30557,0.42538,0.56553,0.44327,0.51632,0.28891,0.21898,0.097447,0.39859,0.16852,0.53305,0.33791,0.50757,0.86591,0.40549,0.56647,0.75039,0.38154,0.45579,0.39552,0.44688,0.46831,0.24994,0.29461,0.21176,0.12493,-0.25005,-0.21694,-0.15575,-0.014659,-0.261,-0.12099,-0.39721,-0.18811,-0.14641,0.051646,0.022217,-0.068043,-0.099245,-0.14678,-0.023384,-0.22929,-0.16617,-0.14311,0.19478,-0.0069284,-0.072296,0.052554,-0.07914,-0.11548,-0.11326,-0.089602,-0.25102,-0.17718,-0.11423,-0.16865,-0.30275,-0.045028,0.021714,0.18784,0.015125,0.20843,0.11708,0.37314,0.28711,0.18827,0.42336,0.39544,0.44139,0.33665,0.17451,0.26701,0.22865,0.43588
44,B,False,-0.072371,-0.10816,-0.069846,0.043744,-0.0072605,-0.0070227,0.022107,-0.076603,0.033872,0.042437,0.045994,0.097582,-0.051118,-0.10601,-0.11883,-0.042008,-0.035894,-0.017846,-0.13059,-0.13192,-0.057391,-0.022247,0.06321,-0.13454,-0.11177,-0.16743,-0.21999,-0.21037,-0.24428,-0.19839,-0.041348,-0.087345,-0.14526,-0.045041,-0.01799,-0.040419,-0.0053029,-0.068124,0.037655,-0.11004,-0.0047687,-0.026938,-0.077883,-0.082241,-0.054723,0.087315,-0.016156,0.028615,0.062693,-0.006047,-0.1259,-0.15434,-0.022002,-0.17995,-0.054845,-0.058368,0.046804,0.081744,0.019216,0.064173,0.023275,0.048974,0.0089565,-0.014605,0.083769,0.12609,0.072316,0.024818,0.047848,0.030915,-0.042919,-0.011405,-0.029447,-0.16852,-0.0085208,-0.01531,0.042846,-0.0083464,-0.11067,-0.097933,-0.15389,-0.13857,-0.15774,-0.13025,-0.22202,-0.19917,-0.27609,-0.14039,-0.20338,-0.21491,-0.27257,-0.17618,-0.27154,-0.26729,-0.16475,-0.12287,-0.18622,-0.17575,-0.15062,-0.089534,-0.12645,-0.080797,-0.087321,-0.10655,-0.12853,-0.14327,-0.087118,-0.099387,-0.13549,-0.032525,-0.17499,-0.081917,-0.13006,-0.20245,-0.27042,-0.17138,-0.24513,-0.25403,-0.20365
45,B,False,-0.014585,0.078364,0.056748,0.092663,0.20448,0.0085402,-0.020565,-0.0075668,-0.12281,-0.046037,-0.14317,-0.099548,-0.12839,-0.22791,-0.22791,-0.091481,-0.080853,-0.033407,0.017785,-0.013231,-0.013909,-0.054447,-0.018978,0.10858,-0.0086182,0.060984,0.060328,0.12815,0.19458,0.044515,0.057666,-0.0059855,0.043393,0.1401,0.12184,-0.001771,-0.0015592,-0.15456,0.023124,-0.15645,-0.020955,-0.079669,-0.12052,-0.16056,-0.18855,-0.12053,-0.0611,-0.24936,-0.048321,-0.097661,-0.14913,-0.0014665,0.055923,-0.063315,-0.01643,0.10017,0.015094,0.06402,-0.02489,0.11069,-0.017589,0.22433,0.11417,0.086457,0.12613,0.047836,0.018539,0.038706,0.0046843,0.29581,0.11398,0.10195,0.025674,0.056251,0.18259,0.068365,0.08159,-0.14303,-0.038619,-0.11762,-0.0050443,-0.099282,0.092958,0.044509,0.11013,0.14226,0.23356,0.25493,0.16772,0.18169,0.14757,0.223,0.27512,0.22589,0.20983,0.13893,0.22387,0.091338,0.072281,0.12999,0.12754,0.16285,0.12557,0.15953,0.010532,0.026491,0.061913,0.052597,-0.0037828,0.078484,0.0015562,-0.061267,0.020334,-0.082131,-0.03556,-0.13593,-0.029112,0.007673,-0.15058
46,B,False,0.055057,0.00017849,0.030127,0.027778,0.013006,-0.043346,0.010427,-0.0024248,0.047549,-0.051468,-0.045113,-0.001015,-0.20208,-0.14582,-0.31166,-0.12337,-0.077409,-0.16424,0.06205,-0.018138,0.037707,0.14311,-0.11129,0.071668,0.050028,-0.017522,-0.014735,0.0019501,0.082664,0.19431,0.072385,0.062034,0.073986,0.076365,0.17765,0.13312,0.17659,0.16744,0.098173,0.097016,0.089012,0.23698,0.17485,0.078049,-0.055483,-0.093356,0.041515,0.010825,0.17433,0.088281,0.1612,-0.047955,0.032043,0.075965,0.035366,-0.14539,-0.12748,0.01864,-0.11087,0.12015,0.10789,-0.058336,0.062681,0.090461,-0.065795,0.07491,-0.0090618,0.11505,0.0047694,0.11812,0.054206,0.017134,-0.055853,-0.13292,-0.072769,-0.067912,-0.082549,-0.085953,-0.19104,-0.040726,0.12365,0.093499,-0.10943,0.013814,-0.14972,-0.086101,-0.011948,-0.04118,0.023718,-0.078456,-0.049174,-0.084994,-0.17998,0.039001,-0.080914,-0.024137,-0.16617,-0.028254,0.16042,-0.011662,-0.097181,0.044598,0.006389,0.15671,-0.010754,0.08929,0.077318,-0.038022,0.048653,0.071813,0.087606,0.12129,0.10063,0.083373,0.2138,0.11378,0.0521,-0.0031154,0.10954
47,B,False,-0.096223,-0.22521,-0.14002,-0.29405,-0.20047,-0.30542,-0.13112,-0.25507,-0.27056,-0.38821,-0.29772,-0.27066,-0.084742,-0.050323,-0.0049246,-0.0097681,-0.0022583,-0.030055,-0.044561,-0.022429,-0.14863,-0.02772,0.011453,-0.018669,-0.035479,-0.083784,-0.0039781,-0.023445,0.0049689,0.034103,0.10559,-0.045979,-0.075515,-0.0029448,-0.0864,-0.069895,0.085403,-0.089725,-0.024354,0.11866,0.019161,-0.018379,0.10991,0.044061,0.12047,0.11858,0.10434,0.16079,0.0048336,-0.035681,-0.055469,-0.18826,0.035191,0.16335,-0.095768,0.00013353,0.026571,0.090749,-0.0033855,0.0016626,-0.087831,-0.19198,-0.17963,-0.12977,-0.066371,-0.10063,-0.22035,-0.15429,-0.163,-0.15812,-0.1306,-0.078921,-0.030218,-0.11132,0.014253,-0.027479,-0.092606,-0.011407,0.043372,0.10145,0.08439,0.12173,-0.028125,0.047139,0.13433,0.070659,0.12433,0.070784,0.10109,0.10246,0.099796,0.088065,0.084379,-0.038292,-0.13805,-0.016417,-0.12829,0.015494,-0.11409,-0.015009,0.020828,0.042184,0.026633,-0.083276,0.048305,-0.0089422,0.11399,0.0065536,0.01068,0.10006,0.10166,-0.017424,-0.071557,-0.12086,-0.0089471,-0.084802,0.017664,-0.014156,-0.1267
48,B,False,-0.16224,-0.15315,-0.038437,-0.065344,0.01754,0.11655,0.041329,0.15068,0.15416,0.19086,-0.048517,0.3522,0.31605,0.37763,0.40978,0.29037,0.3635,0.37122,0.40849,0.4078,0.35662,0.31851,0.33339,0.48756,0.46043,0.29632,0.37091,0.36729,0.27306,0.34837,0.23831,0.119,0.056177,0.017481,0.018635,-0.057603,0.14516,-0.0020455,0.052487,-0.13126,-0.23871,0.036031,-0.174,-0.22334,-0.15943,0.016375,0.13923,0.014376,0.01436,0.087527,0.11922,0.29615,0.26431,0.079136,0.096746,0.077085,0.096477,0.10803,-0.012654,-0.21778,-0.10251,-0.31557,-0.24417,-0.32173,-0.44173,-0.27392,-0.65923,-0.43234,-0.2898,-0.39094,-0.4571,-0.24638,-0.052675,-0.28507,-0.14357,-0.3835,-0.23469,-0.3009,-0.13253,-0.20323,-0.48347,-0.38948,-0.26326,-0.35921,-0.23667,-0.36267,-0.44886,-0.28157,-0.26083,-0.44403,-0.25568,-0.38474,-0.19263,-0.38697,-0.42361,-0.40876,-0.10128,-0.14762,-0.15822,-0.21266,-0.19668,-0.063117,-0.051646,0.11008,0.18834,0.14003,0.17489,0.1831,0.2166,0.19083,0.11719,0.12256,0.1182,0.25391,0.065539,0.032539,-0.044678,-0.087993,-0.077434
49,N,False,-0.62647,-0.62296,-0.52374,-0.61369,-0.83312,-0.76661,-0.66971,-0.94078,-0.96699,-0.66187,-0.94945,-0.6389,-0.6618,-0.71339,-1.1899,-0.68815,-0.17923,-0.77045,-0.40492,-0.74754,-0.31811,-0.49131,-0.66267,-0.90735,-1.0571,-0.6737,-0.76694,-0.11968,-0.46574,-0.27384,-0.47187,-0.00030311,-0.18798,-0.88085,-0.39311,-0.20282,-0.68845,-0.69354,-0.57448,-0.33909,-0.79481,-0.43398,-0.76825,-0.38636,-0.60151,-0.44365,-0.41431,-0.63212,-0.16225,-0.29623,-0.4836,-0.42877,-0.5773,-0.55017,-0.79101,-0.88216,-0.36795,-0.81285,-0.7786,-1.1265,-1.1754,-1.0374,-1.0993,-1.2803,-1.0773,-1.016,-1.3755,-0.97141,-1.1786,-0.82188,-0.92763,-0.87702,-0.85529,-0.7536,-0.74897,-0.52768,-0.70585,-0.95453,-0.45727,-0.46167,-0.61145,-0.53235,-0.3134,-0.44619,-0.40764,-0.52602,-0.32263,-0.6336,-0.6257,-0.6901,-0.62907,-0.65951,-0.52262,-0.75731,-0.45507,-0.49525,-0.84681,-0.806,-0.5959,-0.85819,-0.92209,-1.1531,-0.7018,-0.95662,-0.96084,-0.94917,-0.8036,-0.90736,-0.72829,-0.66091,-0.56295,-0.44605,-0.46271,-0.57612,-0.58904,-0.48787,-0.3985,-0.57473,-0.54212
50,N,False,1.0936,0.87351,1.1342,1.4443,0.54772,0.45443,-0.19388,1.1316,1.0019,2.0838,1.9332,1.2078,1.6122,1.112,0.8262,1.5754,1.0828,0.50887,0.87212,0.95609,0.38932,0.42314,0.10349,-0.4411,0.06782,-0.0070846,0.65425,0.7643,0.14222,0.46867,-0.49536,-0.096821,0.43043,0.24,0.67426,-0.047908,0.22458,-0.4236,0.00073261,-0.0021334,-0.017999,0.016471,-0.16327,0.059583,0.42678,0.99157,1.1683,1.2473,0.73318,0.54791,0.72563,1.158,1.2403,0.98232,1.3105,1.0945,1.3034,0.41514,0.84756,0.98989,1.7555,0.90176,1.2445,1.7048,1.5545,1.7327,2.317,1.4788,2.2924,1.3455,1.5769,1.1342,2.4825,1.763,0.50939,1.395,1.6056,0.82827,1.9565,1.5981,2.8416,0.84301,1.5464,1.1559,1.5815,2.4008,1.5425,1.2433,1.3417,2.0565,1.8103,2.6769,2.152,2.8445,2.2571,1.5581,0.010383,0.71203,2.0168,2.1906,0.68783,2.1982,-0.73141,1.1106,0.60906,0.57401,1.0491,0.88213,0.14557,0.72274,0.51384,0.28739,0.036353,-0.29221,-0.063215,-0.20858,0.048404,0.16292,0.29364
51,N,False,0.22398,0.2498,0.38139,0.40092,0.59222,0.16891,0.31925,0.21801,0.1393,0.25137,0.058167,0.35942,0.53614,-0.25366,-0.17689,0.30309,0.21434,0.17892,0.31319,0.33343,-0.043565,0.22846,0.19816,0.16831,-0.14927,0.15025,0.26144,0.45665,0.38826,0.82372,0.12521,0.30701,0.13204,0.26984,0.15581,0.4462,0.70726,0.48278,0.52488,0.39609,0.088214,-0.17987,-0.12781,-0.21429,0.099165,0.26033,0.082793,0.13779,-0.15687,0.14174,0.404,-0.083912,0.41706,0.49279,0.46612,0.3021,0.48823,0.51947,1.0159,0.56123,0.658,0.68797,0.63782,0.68429,0.44094,0.33544,0.10049,0.61473,0.21569,0.56391,0.5362,0.24636,0.35317,0.35753,0.49665,0.22681,0.24714,0.21178,0.48743,0.54762,0.76793,0.35816,0.93018,0.50624,0.74941,0.89313,0.30945,0.52056,1.0116,0.44033,0.67245,0.62397,0.32614,0.57365,0.45596,0.58673,0.6286,0.49483,0.34034,0.6649,0.58831,0.63139,0.73525,0.84286,0.49317,1.0219,0.45105,0.00024335,0.52827,0.30786,0.50509,0.91999,0.9915,1.1921,1.4479,1.2681,1.1116,0.87133,0.92761
