,FLARE_TYPE,COINCIDENCE,SAVNCPP_1,SAVNCPP_2,SAVNCPP_3,SAVNCPP_4,SAVNCPP_5,SAVNCPP_6,SAVNCPP_7,SAVNCPP_8,SAVNCPP_9,SAVNCPP_10,SAVNCPP_11,SAVNCPP_12,SAVNCPP_13,SAVNCPP_14,SAVNCPP_15,SAVNCPP_16,SAVNCPP_17,SAVNCPP_18,SAVNCPP_19,SAVNCPP_20,SAVNCPP_21,SAVNCPP_22,SAVNCPP_23,SAVNCPP_24,SAVNCPP_25,SAVNCPP_26,SAVNCPP_27,SAVNCPP_28,SAVNCPP_29,SAVNCPP_30,SAVNCPP_31,SAVNCPP_32,SAVNCPP_33,SAVNCPP_34,SAVNCPP_35,SAVNCPP_36,SAVNCPP_37,SAVNCPP_38,SAVNCPP_39,SAVNCPP_40,SAVNCPP_41,SAVNCPP_42,SAVNCPP_43,SAVNCPP_44,SAVNCPP_45,SAVNCPP_46,SAVNCPP_47,SAVNCPP_48,SAVNCPP_49,SAVNCPP_50,SAVNCPP_51,SAVNCPP_52,SAVNCPP_53,SAVNCPP_54,SAVNCPP_55,SAVNCPP_56,SAVNCPP_57,SAVNCPP_58,SAVNCPP_59,SAVNCPP_60,SAVNCPP_61,SAVNCPP_62,SAVNCPP_63,SAVNCPP_64,SAVNCPP_65,SAVNCPP_66,SAVNCPP_67,SAVNCPP_68,SAVNCPP_69,SAVNCPP_70,SAVNCPP_71,SAVNCPP_72,SAVNCPP_73,SAVNCPP_74,SAVNCPP_75,SAVNCPP_76,SAVNCPP_77,SAVNCPP_78,SAVNCPP_79,SAVNCPP_80,SAVNCPP_81,SAVNCPP_82,SAVNCPP_83,SAVNCPP_84,SAVNCPP_85,SAVNCPP_86,SAVNCPP_87,SAVNCPP_88,SAVNCPP_89,SAVNCPP_90,SAVNCPP_91,SAVNCPP_92,SAVNCPP_93,SAVNCPP_94,SAVNCPP_95,SAVNCPP_96,SAVNCPP_97,SAVNCPP_98,SAVNCPP_99,SAVNCPP_100,SAVNCPP_101,SAVNCPP_102,SAVNCPP_103,SAVNCPP_104,SAVNCPP_105,SAVNCPP_106,SAVNCPP_107,SAVNCPP_108,SAVNCPP_109,SAVNCPP_110,SAVNCPP_111,SAVNCPP_112,SAVNCPP_113,SAVNCPP_114,SAVNCPP_115,SAVNCPP_116,SAVNCPP_117,SAVNCPP_118,SAVNCPP_119
0,M,True,3785300000000.0,3957700000000.0,4343700000000.0,3595000000000.0,2723200000000.0,3053400000000.0,2912500000000.0,2455100000000.0,2875500000000.0,2391500000000.0,2551000000000.0,3274000000000.0,3399100000000.0,2835700000000.0,3019200000000.0,2757600000000.0,4057600000000.0,2859000000000.0,2385100000000.0,2951500000000.0,2851000000000.0,2647100000000.0,3542800000000.0,3863100000000.0,2754100000000.0,2835900000000.0,2952500000000.0,3320800000000.0,1996100000000.0,2855500000000.0,2372000000000.0,1807100000000.0,2437800000000.0,1407700000000.0,565880000000.0,948740000000.0,674970000000.0,957490000000.0,1523400000000.0,380450000000.0,911120000000.0,1543100000000.0,1909800000000.0,2048700000000.0,1541700000000.0,2188800000000.0,2340400000000.0,1867500000000.0,2116900000000.0,2764400000000.0,2892300000000.0,3274200000000.0,3569900000000.0,2634900000000.0,2840400000000.0,2666000000000.0,4475900000000.0,3292500000000.0,2448400000000.0,2457100000000.0,2819100000000.0,2198300000000.0,2011100000000.0,2806200000000.0,2831300000000.0,1889400000000.0,2678000000000.0,3959100000000.0,4777200000000.0,3525100000000.0,5103200000000.0,4648500000000.0,5547300000000.0,7388500000000.0,7495600000000.0,7911500000000.0,8062100000000.0,7022900000000.0,7053300000000.0,6554200000000.0,7750100000000.0,9076100000000.0,8216400000000.0,9501500000000.0,8432700000000.0,8764500000000.0,9885800000000.0,11373000000000.0,9382100000000.0,8329500000000.0,8341300000000.0,10561000000000.0,11534000000000.0,11117000000000.0,14953000000000.0,14252000000000.0,12707000000000.0,12301000000000.0,14802000000000.0,14862000000000.0,11535000000000.0,16245000000000.0,13497000000000.0,9947500000000.0,11447000000000.0,13906000000000.0,14979000000000.0,12251000000000.0,11758000000000.0,12293000000000.0,15325000000000.0,12380000000000.0,10162000000000.0,7438100000000.0,10570000000000.0,10785000000000.0,12120000000000.0,9803300000000.0,8967100000000.0
1,M,True,2892300000000.0,3274200000000.0,3569900000000.0,2634900000000.0,2840400000000.0,2666000000000.0,4475900000000.0,3292500000000.0,2448400000000.0,2457100000000.0,2819100000000.0,2198300000000.0,2011100000000.0,2806200000000.0,2831300000000.0,1889400000000.0,2678000000000.0,3959100000000.0,4777200000000.0,3525100000000.0,5103200000000.0,4648500000000.0,5547300000000.0,7388500000000.0,7495600000000.0,7911500000000.0,8062100000000.0,7022900000000.0,7053300000000.0,6554200000000.0,7750100000000.0,9076100000000.0,8216400000000.0,9501500000000.0,8432700000000.0,8764500000000.0,9885800000000.0,11373000000000.0,9382100000000.0,8329500000000.0,8341300000000.0,10561000000000.0,11534000000000.0,11117000000000.0,14953000000000.0,14252000000000.0,12707000000000.0,12301000000000.0,14802000000000.0,14862000000000.0,11535000000000.0,16245000000000.0,13497000000000.0,9947500000000.0,11447000000000.0,13906000000000.0,14979000000000.0,12251000000000.0,11758000000000.0,12293000000000.0,15325000000000.0,12380000000000.0,10162000000000.0,7438100000000.0,10570000000000.0,10785000000000.0,12120000000000.0,9803300000000.0,8967100000000.0,9004300000000.0,11530000000000.0,13210000000000.0,14775000000000.0,12908000000000.0,14768000000000.0,15870000000000.0,16150000000000.0,18775000000000.0,18267000000000.0,18157000000000.0,18170000000000.0,15830000000000.0,16971000000000.0,17356000000000.0,15586000000000.0,9277600000000.0,13554000000000.0,13987000000000.0,14609000000000.0,13089000000000.0,12852000000000.0,12211000000000.0,11381000000000.0,10714000000000.0,12314000000000.0,11390000000000.0,12009000000000.0,9895700000000.0,9683700000000.0,8229900000000.0,8802200000000.0,12054000000000.0,6723200000000.0,8063700000000.0,13038000000000.0,10635000000000.0,10478000000000.0,9683300000000.0,12170000000000.0,12325000000000.0,14876000000000.0,15046000000000.0,16216000000000.0,13916000000000.0,17137000000000.0,15864000000000.0,12879000000000.0,13244000000000.0,10135000000000.0
2,B,False,5061300000000.0,5310200000000.0,5626400000000.0,5715000000000.0,5316600000000.0,4131400000000.0,5162500000000.0,5460600000000.0,5786200000000.0,6105800000000.0,5747800000000.0,5595500000000.0,6543000000000.0,6318300000000.0,6507800000000.0,4569300000000.0,4526500000000.0,4026400000000.0,3493600000000.0,3343800000000.0,3886300000000.0,2750300000000.0,3517900000000.0,2935600000000.0,2940700000000.0,2687200000000.0,2613600000000.0,3510400000000.0,4211200000000.0,4139300000000.0,4707200000000.0,3812500000000.0,3499900000000.0,3574300000000.0,3770900000000.0,3582200000000.0,3637300000000.0,3882500000000.0,3653300000000.0,4790100000000.0,5859300000000.0,4217200000000.0,4315000000000.0,5243400000000.0,4744700000000.0,4842600000000.0,5125000000000.0,3934300000000.0,4611800000000.0,4663800000000.0,5611000000000.0,4798200000000.0,4150800000000.0,5948300000000.0,4663400000000.0,3895100000000.0,3824800000000.0,4207600000000.0,4334900000000.0,3011800000000.0,3185200000000.0,3286100000000.0,2191500000000.0,2084000000000.0,2411600000000.0,3410400000000.0,2485200000000.0,3392400000000.0,3641400000000.0,3637900000000.0,2488600000000.0,2347000000000.0,3061600000000.0,3920300000000.0,2332400000000.0,2644300000000.0,3158700000000.0,3038400000000.0,3275700000000.0,2948400000000.0,2888200000000.0,3207300000000.0,2427600000000.0,2900500000000.0,2757700000000.0,2507000000000.0,2822900000000.0,2127500000000.0,3234300000000.0,2484300000000.0,2237900000000.0,2973500000000.0,1880100000000.0,1841300000000.0,1636900000000.0,2261400000000.0,3992900000000.0,3856200000000.0,2113000000000.0,1679200000000.0,1226500000000.0,1432300000000.0,1173400000000.0,1223700000000.0,1368200000000.0,963550000000.0,1252300000000.0,1448400000000.0,1215700000000.0,631480000000.0,1917000000000.0,1517800000000.0,1286700000000.0,1377200000000.0,983840000000.0,831820000000.0,1103300000000.0,1060300000000.0,1391400000000.0
3,B,True,1313500000000.0,1571700000000.0,757420000000.0,1231400000000.0,1907300000000.0,1813300000000.0,1429800000000.0,1149200000000.0,1230500000000.0,1988000000000.0,1999900000000.0,1292300000000.0,1654000000000.0,994930000000.0,1598500000000.0,2188500000000.0,1766000000000.0,2622200000000.0,2590200000000.0,2540000000000.0,3300800000000.0,3061900000000.0,2405500000000.0,2274500000000.0,2709300000000.0,3392200000000.0,2780500000000.0,2880300000000.0,2800700000000.0,2352100000000.0,1246100000000.0,2368900000000.0,3911500000000.0,2502200000000.0,3040500000000.0,2079100000000.0,2314300000000.0,2182400000000.0,2724000000000.0,3308700000000.0,3547500000000.0,3311200000000.0,2810600000000.0,2465400000000.0,2356300000000.0,3218300000000.0,3062400000000.0,3431600000000.0,3296800000000.0,3326000000000.0,3494600000000.0,4351600000000.0,4557800000000.0,3787800000000.0,3653800000000.0,3350400000000.0,3497900000000.0,3996200000000.0,4366100000000.0,3846200000000.0,4634100000000.0,3779500000000.0,3438800000000.0,3940300000000.0,3918000000000.0,2614200000000.0,2908100000000.0,2833000000000.0,2800200000000.0,2428200000000.0,2846100000000.0,3012800000000.0,3259500000000.0,3386700000000.0,3623900000000.0,3473600000000.0,2932500000000.0,4342100000000.0,3666500000000.0,4311900000000.0,4339600000000.0,5318200000000.0,5754800000000.0,4788000000000.0,4633700000000.0,4882600000000.0,3724200000000.0,3536300000000.0,3053100000000.0,3064600000000.0,3380000000000.0,2749700000000.0,3702200000000.0,3080400000000.0,3124900000000.0,4018100000000.0,2847700000000.0,2980400000000.0,2511900000000.0,1927900000000.0,2890600000000.0,2990100000000.0,2715600000000.0,2834200000000.0,3413700000000.0,3356600000000.0,2956700000000.0,2545800000000.0,2340400000000.0,1717100000000.0,1040900000000.0,2038800000000.0,2246600000000.0,2240700000000.0,2293800000000.0,2005800000000.0,1393500000000.0,2336800000000.0,3307700000000.0
4,B,True,1888200000000.0,1592200000000.0,853460000000.0,947370000000.0,1029000000000.0,717340000000.0,872780000000.0,266020000000.0,548650000000.0,420840000000.0,428460000000.0,341630000000.0,334550000000.0,754540000000.0,489610000000.0,516100000000.0,702030000000.0,297350000000.0,155090000000.0,398800000000.0,439940000000.0,533450000000.0,338130000000.0,441530000000.0,509580000000.0,620270000000.0,413060000000.0,379260000000.0,295870000000.0,506390000000.0,541850000000.0,610320000000.0,689060000000.0,369520000000.0,614060000000.0,809190000000.0,536770000000.0,632740000000.0,423190000000.0,409110000000.0,1128800000000.0,1011300000000.0,713220000000.0,794270000000.0,1030400000000.0,1201700000000.0,1478800000000.0,1507000000000.0,1203000000000.0,1786400000000.0,1609000000000.0,1395300000000.0,1078000000000.0,1077200000000.0,1026000000000.0,997710000000.0,1076200000000.0,1420400000000.0,922350000000.0,947960000000.0,928590000000.0,1276800000000.0,1265600000000.0,1206700000000.0,1213700000000.0,809530000000.0,852480000000.0,697920000000.0,392080000000.0,390170000000.0,73805000000.0,610720000000.0,1113900000000.0,1013100000000.0,1026100000000.0,922530000000.0,371250000000.0,1085900000000.0,1317400000000.0,1032400000000.0,1202400000000.0,1184300000000.0,968360000000.0,685370000000.0,982030000000.0,954970000000.0,439790000000.0,919600000000.0,868820000000.0,917110000000.0,596450000000.0,679090000000.0,781110000000.0,939870000000.0,1481800000000.0,1059000000000.0,1004100000000.0,891630000000.0,562190000000.0,470790000000.0,220480000000.0,858570000000.0,1269100000000.0,904730000000.0,405380000000.0,757140000000.0,277120000000.0,371220000000.0,407460000000.0,742090000000.0,700910000000.0,467500000000.0,1545800000000.0,1507100000000.0,1170600000000.0,670820000000.0,1159600000000.0,1628600000000.0,899400000000.0
5,B,True,252750000000.0,358680000000.0,381270000000.0,189670000000.0,886170000000.0,797140000000.0,1472600000000.0,1448700000000.0,1794000000000.0,1596300000000.0,1872700000000.0,1478100000000.0,1870600000000.0,1350800000000.0,1445100000000.0,1553000000000.0,1784200000000.0,1715100000000.0,1474900000000.0,1532900000000.0,1287000000000.0,1317000000000.0,1494100000000.0,1291400000000.0,1162300000000.0,1002500000000.0,1075200000000.0,1433300000000.0,1129800000000.0,1083600000000.0,1026700000000.0,1255600000000.0,1021100000000.0,1542100000000.0,1351400000000.0,1559100000000.0,1579300000000.0,1249400000000.0,1490500000000.0,1371800000000.0,912460000000.0,919580000000.0,1172000000000.0,638100000000.0,613360000000.0,744240000000.0,1178700000000.0,619060000000.0,1091100000000.0,1222600000000.0,1012600000000.0,564190000000.0,963880000000.0,624930000000.0,373910000000.0,1201500000000.0,620340000000.0,448510000000.0,940010000000.0,764010000000.0,509550000000.0,452210000000.0,1303700000000.0,521550000000.0,1011100000000.0,281020000000.0,514020000000.0,248210000000.0,538370000000.0,292790000000.0,860530000000.0,404100000000.0,1052200000000.0,1009900000000.0,622650000000.0,460670000000.0,661360000000.0,651400000000.0,630250000000.0,568220000000.0,692660000000.0,890450000000.0,369410000000.0,823080000000.0,366970000000.0,594970000000.0,1074600000000.0,988290000000.0,1303800000000.0,834510000000.0,843230000000.0,647810000000.0,686890000000.0,437170000000.0,673690000000.0,721280000000.0,580330000000.0,95509000000.0,1177700000000.0,547890000000.0,719730000000.0,1180100000000.0,1068800000000.0,843280000000.0,1004200000000.0,867950000000.0,1637900000000.0,2301000000000.0,1801400000000.0,1509300000000.0,1760700000000.0,1597100000000.0,1064200000000.0,1402000000000.0,933570000000.0,710520000000.0,788580000000.0,1118900000000.0,1341500000000.0
6,B,False,2055400000000.0,2294800000000.0,2420600000000.0,3541600000000.0,3488900000000.0,2433400000000.0,2736300000000.0,2191200000000.0,1488900000000.0,1694300000000.0,810470000000.0,1848700000000.0,1637100000000.0,1420800000000.0,1329500000000.0,968690000000.0,1672500000000.0,1389500000000.0,1672900000000.0,2310100000000.0,2531100000000.0,2752900000000.0,2443300000000.0,3268700000000.0,3125000000000.0,3535300000000.0,3659400000000.0,3286100000000.0,3195800000000.0,2946600000000.0,2990500000000.0,3657700000000.0,3218900000000.0,3471000000000.0,2866200000000.0,3928500000000.0,2529600000000.0,2053000000000.0,3039400000000.0,2660600000000.0,2345400000000.0,2338700000000.0,2396400000000.0,2458100000000.0,3413300000000.0,2641800000000.0,2797700000000.0,3173400000000.0,3199000000000.0,3080100000000.0,2559700000000.0,2924600000000.0,2687400000000.0,2344900000000.0,2211100000000.0,2001400000000.0,864370000000.0,860390000000.0,1410500000000.0,1316600000000.0,1860100000000.0,2286000000000.0,2705500000000.0,2769400000000.0,3219100000000.0,2646300000000.0,2535200000000.0,2423700000000.0,3117000000000.0,3212400000000.0,3207100000000.0,3090400000000.0,2796700000000.0,3034300000000.0,2426900000000.0,2403400000000.0,3121000000000.0,2351700000000.0,2615800000000.0,2221600000000.0,2203800000000.0,1747700000000.0,2093000000000.0,2350900000000.0,1765000000000.0,1680700000000.0,2133800000000.0,1439600000000.0,1658000000000.0,1637000000000.0,2136700000000.0,1790800000000.0,1834700000000.0,1146700000000.0,1969600000000.0,1828600000000.0,2163300000000.0,1980300000000.0,1808000000000.0,1412700000000.0,2086000000000.0,1685000000000.0,1611700000000.0,2292200000000.0,2205400000000.0,2438000000000.0,1779900000000.0,2139900000000.0,2385100000000.0,2420300000000.0,2445900000000.0,2049800000000.0,2561200000000.0,2910500000000.0,2563200000000.0,2898100000000.0,2759900000000.0,2985700000000.0,3821100000000.0
7,B,False,494030000000.0,785100000000.0,1481400000000.0,1814100000000.0,782330000000.0,1120400000000.0,1366100000000.0,1062700000000.0,1178200000000.0,1416200000000.0,1321400000000.0,1507200000000.0,1043200000000.0,1075300000000.0,1088800000000.0,1065300000000.0,1437600000000.0,1268600000000.0,1510200000000.0,1550300000000.0,1278600000000.0,823910000000.0,941190000000.0,1164800000000.0,1217400000000.0,841460000000.0,407220000000.0,406330000000.0,1345100000000.0,919180000000.0,929280000000.0,814690000000.0,1246800000000.0,1370900000000.0,380200000000.0,676420000000.0,1027700000000.0,919490000000.0,1388000000000.0,1080900000000.0,1301700000000.0,965340000000.0,1093200000000.0,1117700000000.0,1377300000000.0,1697500000000.0,1611500000000.0,1453200000000.0,956320000000.0,1209300000000.0,1849100000000.0,1292400000000.0,1540000000000.0,2150800000000.0,2040800000000.0,2038500000000.0,1671500000000.0,1905800000000.0,1209400000000.0,1607800000000.0,1895800000000.0,1777000000000.0,1261200000000.0,1579500000000.0,1416300000000.0,1723100000000.0,1397600000000.0,1550300000000.0,1035600000000.0,868840000000.0,914340000000.0,1200800000000.0,1277400000000.0,1209600000000.0,1206700000000.0,1097500000000.0,1232400000000.0,1406600000000.0,1167100000000.0,1295000000000.0,1367500000000.0,873570000000.0,1241500000000.0,678960000000.0,1068300000000.0,1231500000000.0,978100000000.0,988180000000.0,817370000000.0,914680000000.0,960400000000.0,519690000000.0,991630000000.0,394360000000.0,457060000000.0,873740000000.0,1281900000000.0,775860000000.0,548720000000.0,69405000000.0,310710000000.0,662990000000.0,609390000000.0,799910000000.0,514830000000.0,614670000000.0,866370000000.0,664810000000.0,891800000000.0,981490000000.0,731790000000.0,355460000000.0,261990000000.0,422740000000.0,1052300000000.0,576120000000.0,352610000000.0,195910000000.0,370610000000.0
8,B,False,2191900000000.0,2153700000000.0,1457700000000.0,964990000000.0,1981700000000.0,1771900000000.0,871530000000.0,363860000000.0,873370000000.0,2070000000000.0,1365100000000.0,1003600000000.0,2060800000000.0,832560000000.0,511390000000.0,1069400000000.0,612100000000.0,853450000000.0,938370000000.0,971040000000.0,769090000000.0,771510000000.0,652480000000.0,1003500000000.0,450610000000.0,490550000000.0,627600000000.0,1498100000000.0,560990000000.0,490870000000.0,580730000000.0,608230000000.0,1414000000000.0,1065000000000.0,1410100000000.0,1340100000000.0,1169600000000.0,736540000000.0,664790000000.0,1759900000000.0,1294800000000.0,573940000000.0,649000000000.0,675780000000.0,651720000000.0,985480000000.0,1225300000000.0,623260000000.0,1137800000000.0,347970000000.0,228160000000.0,1028400000000.0,1636400000000.0,2392900000000.0,943140000000.0,2073100000000.0,817250000000.0,963150000000.0,782990000000.0,416400000000.0,450530000000.0,679550000000.0,1263500000000.0,880560000000.0,726780000000.0,862460000000.0,123020000000.0,907630000000.0,427130000000.0,959000000000.0,2199900000000.0,2872700000000.0,1769600000000.0,1120300000000.0,936550000000.0,2031400000000.0,1771200000000.0,344760000000.0,1024700000000.0,2665400000000.0,2409100000000.0,3738400000000.0,3821700000000.0,2256400000000.0,916060000000.0,1545600000000.0,3361600000000.0,3208200000000.0,2343100000000.0,1033600000000.0,1353900000000.0,2313800000000.0,999160000000.0,3283000000000.0,1339300000000.0,1267700000000.0,4542900000000.0,2630500000000.0,2230300000000.0,2314200000000.0,1459600000000.0,4530200000000.0,1870500000000.0,2549200000000.0,3581400000000.0,8659100000000.0,6717300000000.0,5585300000000.0,6271900000000.0,6403500000000.0,6405300000000.0,3533700000000.0,8423700000000.0,8268200000000.0,8449900000000.0,8982800000000.0,6901100000000.0,8129300000000.0,8850000000000.0
9,B,False,1104000000000.0,977520000000.0,1888700000000.0,708670000000.0,177250000000.0,377270000000.0,596430000000.0,1127100000000.0,903080000000.0,1077000000000.0,637070000000.0,1202900000000.0,360000000000.0,378030000000.0,392210000000.0,770900000000.0,742370000000.0,452180000000.0,164040000000.0,354640000000.0,65928000000.0,504920000000.0,599170000000.0,901280000000.0,511130000000.0,173490000000.0,475730000000.0,218040000000.0,379970000000.0,132200000000.0,609420000000.0,1126500000000.0,237610000000.0,1010000000000.0,972320000000.0,1024700000000.0,705560000000.0,1173700000000.0,1129100000000.0,865130000000.0,987890000000.0,810620000000.0,1368800000000.0,1227400000000.0,1695000000000.0,870300000000.0,1244800000000.0,1318300000000.0,1685200000000.0,1085700000000.0,1697200000000.0,1666800000000.0,1355700000000.0,809830000000.0,1162600000000.0,1108500000000.0,952060000000.0,572600000000.0,822850000000.0,528660000000.0,986790000000.0,702100000000.0,926850000000.0,1399200000000.0,1727600000000.0,1343700000000.0,1633900000000.0,1773400000000.0,1121500000000.0,1787400000000.0,1713000000000.0,1854400000000.0,2257400000000.0,2086800000000.0,1431400000000.0,1730000000000.0,1218600000000.0,1132300000000.0,747900000000.0,1160700000000.0,931220000000.0,1751000000000.0,948130000000.0,1366000000000.0,1014200000000.0,1091900000000.0,1207300000000.0,1131700000000.0,654780000000.0,1507300000000.0,1682900000000.0,1660100000000.0,1644600000000.0,1952700000000.0,1734900000000.0,1727000000000.0,1755900000000.0,2498300000000.0,2117200000000.0,1840800000000.0,2731800000000.0,1670700000000.0,1453000000000.0,2058400000000.0,2337200000000.0,1009800000000.0,2055400000000.0,2844700000000.0,2818800000000.0,3042300000000.0,2731400000000.0,2608300000000.0,2976900000000.0,2439200000000.0,3106900000000.0,3591000000000.0,2860300000000.0,2653400000000.0,2403800000000.0
10,B,True,3213400000000.0,4833800000000.0,3505000000000.0,3436400000000.0,4268300000000.0,4207200000000.0,2370400000000.0,3413500000000.0,3643500000000.0,1782700000000.0,3443300000000.0,2473500000000.0,2333300000000.0,1640400000000.0,2470800000000.0,3200700000000.0,3286500000000.0,2910500000000.0,2738300000000.0,2645800000000.0,2505300000000.0,2288400000000.0,1450800000000.0,1273300000000.0,2831100000000.0,1704100000000.0,1704200000000.0,1215000000000.0,1620000000000.0,2247200000000.0,1831100000000.0,1193200000000.0,706970000000.0,2001800000000.0,2002000000000.0,2015300000000.0,1976000000000.0,2073600000000.0,1189300000000.0,1816600000000.0,2000400000000.0,1896600000000.0,1683500000000.0,1523100000000.0,1474400000000.0,1494000000000.0,1603400000000.0,441140000000.0,393680000000.0,793370000000.0,443570000000.0,1893800000000.0,1706000000000.0,785310000000.0,1827300000000.0,297040000000.0,1341500000000.0,1376500000000.0,2209100000000.0,1426500000000.0,2487000000000.0,2348100000000.0,1402600000000.0,421390000000.0,1574400000000.0,1234400000000.0,1309400000000.0,2672500000000.0,2831400000000.0,1261200000000.0,2171700000000.0,2033800000000.0,1665800000000.0,1130200000000.0,1537300000000.0,1993500000000.0,994060000000.0,1254400000000.0,1424800000000.0,2118600000000.0,2398100000000.0,2239400000000.0,2080000000000.0,1976700000000.0,2581000000000.0,1763800000000.0,2348900000000.0,2481500000000.0,2540800000000.0,2638300000000.0,1561600000000.0,2009100000000.0,2488400000000.0,2020700000000.0,2979400000000.0,2236300000000.0,1762600000000.0,1805200000000.0,1197500000000.0,537920000000.0,1483900000000.0,967050000000.0,1731100000000.0,2116000000000.0,1279700000000.0,1987600000000.0,1685000000000.0,1813000000000.0,3182100000000.0,2992900000000.0,3706700000000.0,3955200000000.0,4141600000000.0,4704500000000.0,3086600000000.0,3759900000000.0,4372400000000.0,3974000000000.0,2758700000000.0
11,B,True,12209000000000.0,11697000000000.0,11896000000000.0,12762000000000.0,12509000000000.0,11258000000000.0,11205000000000.0,10454000000000.0,10100000000000.0,10476000000000.0,9619200000000.0,8440200000000.0,9382300000000.0,9557300000000.0,8797000000000.0,8549000000000.0,10829000000000.0,9846000000000.0,8811500000000.0,10238000000000.0,9852200000000.0,10361000000000.0,11201000000000.0,9850700000000.0,8354200000000.0,10981000000000.0,10710000000000.0,10685000000000.0,9682500000000.0,9743600000000.0,10498000000000.0,9655300000000.0,10045000000000.0,10414000000000.0,9542700000000.0,8538600000000.0,8759600000000.0,8764600000000.0,7107100000000.0,7633800000000.0,9315300000000.0,8700200000000.0,9286400000000.0,8561100000000.0,8574200000000.0,10056000000000.0,10489000000000.0,10122000000000.0,10523000000000.0,11997000000000.0,10430000000000.0,10658000000000.0,11028000000000.0,12055000000000.0,11985000000000.0,11308000000000.0,13264000000000.0,12825000000000.0,11725000000000.0,12228000000000.0,11759000000000.0,12722000000000.0,10252000000000.0,10805000000000.0,8693400000000.0,9892800000000.0,9150100000000.0,8682300000000.0,9516900000000.0,8682300000000.0,10098000000000.0,10400000000000.0,8523700000000.0,9329300000000.0,10763000000000.0,11088000000000.0,10261000000000.0,11000000000000.0,11322000000000.0,10689000000000.0,9942500000000.0,10722000000000.0,8970300000000.0,9419800000000.0,8945700000000.0,8393900000000.0,7609000000000.0,7964700000000.0,9218600000000.0,7795800000000.0,8750600000000.0,9534400000000.0,7270200000000.0,9386400000000.0,8681200000000.0,8432000000000.0,9223200000000.0,9027500000000.0,8184600000000.0,8374700000000.0,9028900000000.0,7573000000000.0,7849100000000.0,8485700000000.0,7056500000000.0,5737300000000.0,6784800000000.0,5534100000000.0,5601000000000.0,7453400000000.0,6538700000000.0,5415200000000.0,6767100000000.0,5566000000000.0,6759700000000.0,7270700000000.0,6446600000000.0,6029600000000.0,7607400000000.0
12,B,True,1902200000000.0,2539100000000.0,2470000000000.0,2212300000000.0,1801300000000.0,2184300000000.0,2098700000000.0,2892300000000.0,1945300000000.0,2239600000000.0,2822600000000.0,2191900000000.0,2329200000000.0,2243700000000.0,2462100000000.0,1824500000000.0,2461200000000.0,2187900000000.0,2502900000000.0,2928300000000.0,3213800000000.0,1597100000000.0,2502700000000.0,2161800000000.0,1811700000000.0,2390800000000.0,2090100000000.0,1632700000000.0,1784700000000.0,1939200000000.0,1885800000000.0,557000000000.0,923490000000.0,1183100000000.0,802950000000.0,1256300000000.0,517280000000.0,1281000000000.0,2223300000000.0,2583400000000.0,2098300000000.0,1834300000000.0,2723500000000.0,1700100000000.0,2464000000000.0,2620900000000.0,2312700000000.0,2799500000000.0,2258700000000.0,395530000000.0,1621600000000.0,1313600000000.0,2021400000000.0,1736300000000.0,2238100000000.0,3170300000000.0,3308000000000.0,3115400000000.0,2867300000000.0,3126800000000.0,3068200000000.0,2888700000000.0,3260400000000.0,3415000000000.0,2620500000000.0,3388900000000.0,2971000000000.0,2624400000000.0,2552700000000.0,2658400000000.0,2855300000000.0,2772800000000.0,2792300000000.0,3175500000000.0,3053100000000.0,3461500000000.0,3197900000000.0,3252800000000.0,3973200000000.0,3855800000000.0,4028800000000.0,4564800000000.0,4501900000000.0,3970200000000.0,4083400000000.0,3833200000000.0,4515500000000.0,4216800000000.0,5099300000000.0,5261200000000.0,5094300000000.0,5097800000000.0,5260400000000.0,4733600000000.0,4606700000000.0,3871100000000.0,4406500000000.0,3795100000000.0,3086900000000.0,3424900000000.0,3848100000000.0,3347700000000.0,3531100000000.0,3808900000000.0,3164200000000.0,3374800000000.0,3856700000000.0,2604900000000.0,2545500000000.0,2491100000000.0,3186200000000.0,2677900000000.0,3492600000000.0,2822600000000.0,3052500000000.0,3178900000000.0,2807700000000.0,3187500000000.0,2591800000000.0
13,B,True,675530000000.0,578380000000.0,1303700000000.0,767000000000.0,743230000000.0,523790000000.0,495210000000.0,226210000000.0,960500000000.0,358050000000.0,326870000000.0,535030000000.0,528200000000.0,320310000000.0,910840000000.0,937090000000.0,776110000000.0,309760000000.0,493360000000.0,709120000000.0,753590000000.0,696310000000.0,577920000000.0,442950000000.0,759080000000.0,694620000000.0,815230000000.0,882250000000.0,631120000000.0,776840000000.0,785520000000.0,859410000000.0,878570000000.0,775050000000.0,687000000000.0,719960000000.0,1089300000000.0,1005700000000.0,665930000000.0,833540000000.0,809150000000.0,582710000000.0,753130000000.0,524840000000.0,260380000000.0,574130000000.0,444040000000.0,114930000000.0,396340000000.0,288030000000.0,32717000000.0,275470000000.0,249600000000.0,461570000000.0,249390000000.0,346380000000.0,435600000000.0,307350000000.0,280410000000.0,657380000000.0,320370000000.0,30949000000.0,217410000000.0,249970000000.0,615810000000.0,556280000000.0,166560000000.0,217680000000.0,161510000000.0,219330000000.0,367190000000.0,36514000000.0,428700000000.0,313530000000.0,587000000000.0,445310000000.0,562050000000.0,768220000000.0,478410000000.0,1147200000000.0,751490000000.0,1004200000000.0,649500000000.0,765450000000.0,436090000000.0,536080000000.0,493630000000.0,253910000000.0,677240000000.0,523700000000.0,760230000000.0,1125600000000.0,651100000000.0,853130000000.0,708840000000.0,770860000000.0,910900000000.0,702540000000.0,859700000000.0,768310000000.0,668510000000.0,724500000000.0,863330000000.0,415070000000.0,724900000000.0,815560000000.0,1011000000000.0,750490000000.0,862060000000.0,705090000000.0,461920000000.0,488530000000.0,511810000000.0,360710000000.0,438510000000.0,455680000000.0,206770000000.0,371840000000.0,275060000000.0
14,B,True,1146400000000.0,352930000000.0,459560000000.0,807650000000.0,1038200000000.0,330240000000.0,645520000000.0,753910000000.0,674250000000.0,387180000000.0,682950000000.0,661950000000.0,106410000000.0,466240000000.0,379930000000.0,254190000000.0,547470000000.0,794880000000.0,1137300000000.0,1312200000000.0,1443600000000.0,1015200000000.0,1103900000000.0,1413300000000.0,1506300000000.0,1585000000000.0,1403000000000.0,1299700000000.0,1714100000000.0,1481200000000.0,1042400000000.0,1428600000000.0,1135100000000.0,1023500000000.0,1109100000000.0,1326700000000.0,786300000000.0,1034100000000.0,830000000000.0,1144000000000.0,943070000000.0,1125000000000.0,1232000000000.0,1261800000000.0,1323100000000.0,1627200000000.0,1231000000000.0,868810000000.0,1431000000000.0,1469500000000.0,2046900000000.0,2020600000000.0,1937100000000.0,2210800000000.0,1953200000000.0,1169300000000.0,1369500000000.0,1835600000000.0,1403900000000.0,2420200000000.0,1025600000000.0,1221200000000.0,1641600000000.0,1752400000000.0,2358100000000.0,2691200000000.0,1909200000000.0,3444300000000.0,3399800000000.0,4516400000000.0,3600500000000.0,5491300000000.0,4781100000000.0,3495700000000.0,4604100000000.0,3398400000000.0,3839700000000.0,2512600000000.0,1846900000000.0,1465500000000.0,2122100000000.0,1389500000000.0,1792200000000.0,1919600000000.0,1663900000000.0,1795400000000.0,916240000000.0,1363700000000.0,1775000000000.0,1752000000000.0,2223600000000.0,2789500000000.0,2302700000000.0,3454000000000.0,3934000000000.0,3610100000000.0,2761100000000.0,3209500000000.0,3128600000000.0,3615300000000.0,2555900000000.0,2195200000000.0,2089800000000.0,2231300000000.0,1926700000000.0,1111800000000.0,1402400000000.0,2104900000000.0,2219900000000.0,1159600000000.0,1088500000000.0,1161000000000.0,890070000000.0,804590000000.0,1149400000000.0,84262000000.0,851470000000.0,491230000000.0,1584000000000.0
15,B,True,1553100000000.0,1479500000000.0,1312800000000.0,1022100000000.0,1242700000000.0,2272100000000.0,1518600000000.0,1939300000000.0,1742300000000.0,2012300000000.0,1520700000000.0,1894100000000.0,1554000000000.0,1565400000000.0,1618000000000.0,2440000000000.0,2076100000000.0,2291400000000.0,1931800000000.0,2131700000000.0,1422000000000.0,2004600000000.0,1908800000000.0,1741200000000.0,1760100000000.0,2303400000000.0,1922500000000.0,1842300000000.0,1862000000000.0,1974900000000.0,2377100000000.0,2328700000000.0,2885600000000.0,2737300000000.0,1879900000000.0,2203000000000.0,2738600000000.0,2793900000000.0,2316700000000.0,2773600000000.0,3089800000000.0,3215800000000.0,3118900000000.0,2607200000000.0,2459400000000.0,2241700000000.0,2460800000000.0,2560100000000.0,2701200000000.0,2791300000000.0,2419500000000.0,1688600000000.0,1657900000000.0,2394800000000.0,783330000000.0,1610900000000.0,2052600000000.0,2647900000000.0,3037500000000.0,2351300000000.0,2699700000000.0,2417500000000.0,2823000000000.0,3149000000000.0,2704300000000.0,2665100000000.0,2397800000000.0,1933200000000.0,1331500000000.0,2052300000000.0,2276000000000.0,2310400000000.0,2548900000000.0,1869100000000.0,618470000000.0,672850000000.0,1306500000000.0,977230000000.0,1634000000000.0,2419700000000.0,2304800000000.0,1669600000000.0,2706500000000.0,2293200000000.0,1237700000000.0,1664800000000.0,1906800000000.0,1219300000000.0,1257500000000.0,1836000000000.0,744250000000.0,747390000000.0,1803500000000.0,397550000000.0,1543200000000.0,1130800000000.0,1173800000000.0,1661600000000.0,1762900000000.0,2072000000000.0,1463000000000.0,2422700000000.0,2111100000000.0,1325700000000.0,1341600000000.0,1002200000000.0,1077000000000.0,1183400000000.0,1920700000000.0,1807100000000.0,1678900000000.0,1337700000000.0,1833400000000.0,1665400000000.0,1203600000000.0,1147500000000.0,922700000000.0,1325800000000.0,2130100000000.0
16,B,True,1433800000000.0,2288200000000.0,2040900000000.0,1612700000000.0,1996300000000.0,2513800000000.0,2300400000000.0,1843900000000.0,1724400000000.0,2131900000000.0,2373100000000.0,1536000000000.0,893530000000.0,643550000000.0,1347900000000.0,614070000000.0,1153000000000.0,706490000000.0,1014400000000.0,886580000000.0,678300000000.0,1131000000000.0,1038700000000.0,940970000000.0,2078800000000.0,1881200000000.0,2031100000000.0,2396400000000.0,2073800000000.0,2677900000000.0,2449600000000.0,1589100000000.0,2189100000000.0,2092400000000.0,1952500000000.0,2453000000000.0,2327000000000.0,2124100000000.0,2012300000000.0,1727000000000.0,1413100000000.0,2037500000000.0,1921000000000.0,1219700000000.0,2243600000000.0,2080200000000.0,2279900000000.0,1829800000000.0,2124500000000.0,2001200000000.0,1629500000000.0,1738500000000.0,1155000000000.0,1166000000000.0,600240000000.0,501460000000.0,328420000000.0,884000000000.0,1614100000000.0,963930000000.0,1563100000000.0,1026100000000.0,1258500000000.0,864310000000.0,1241700000000.0,1589100000000.0,2079600000000.0,1795400000000.0,2222300000000.0,1823000000000.0,2186300000000.0,1858700000000.0,2147200000000.0,1711800000000.0,1777000000000.0,1200000000000.0,792520000000.0,931860000000.0,963420000000.0,296310000000.0,940880000000.0,758340000000.0,450500000000.0,790300000000.0,408060000000.0,740800000000.0,703760000000.0,602240000000.0,547940000000.0,1065800000000.0,625460000000.0,511660000000.0,696060000000.0,540360000000.0,271960000000.0,704020000000.0,539210000000.0,829100000000.0,332840000000.0,919680000000.0,795380000000.0,501170000000.0,539520000000.0,286950000000.0,753110000000.0,640030000000.0,829980000000.0,563250000000.0,809010000000.0,1069400000000.0,672340000000.0,709990000000.0,96415000000.0,692190000000.0,568610000000.0,116950000000.0,1073600000000.0,747210000000.0,1763100000000.0
17,B,False,2940700000000.0,2738700000000.0,2136900000000.0,1958500000000.0,1960200000000.0,2064400000000.0,2495900000000.0,2186400000000.0,1944200000000.0,1915100000000.0,1903000000000.0,2500400000000.0,2083900000000.0,1902400000000.0,2080200000000.0,2356000000000.0,2730400000000.0,2692100000000.0,3314800000000.0,2068900000000.0,2117300000000.0,2214000000000.0,1775600000000.0,2328300000000.0,2038400000000.0,1777000000000.0,1992900000000.0,2579700000000.0,2070900000000.0,1989200000000.0,2417900000000.0,2252600000000.0,2020400000000.0,1889500000000.0,2222000000000.0,2244500000000.0,1639800000000.0,1596400000000.0,2256000000000.0,1784600000000.0,1333600000000.0,1685700000000.0,1562500000000.0,526660000000.0,1379400000000.0,1206200000000.0,1324700000000.0,892220000000.0,1895700000000.0,1786300000000.0,2153100000000.0,1411300000000.0,1986100000000.0,1902100000000.0,2237000000000.0,1932500000000.0,2092900000000.0,2420900000000.0,2223800000000.0,3154000000000.0,3161600000000.0,3248500000000.0,3082300000000.0,2478800000000.0,3608300000000.0,4026500000000.0,5235200000000.0,3689000000000.0,3846300000000.0,3849400000000.0,3408700000000.0,2594000000000.0,3093200000000.0,1921500000000.0,1920200000000.0,1191700000000.0,2861200000000.0,2475000000000.0,2727400000000.0,2007500000000.0,2599500000000.0,1939100000000.0,2254100000000.0,1929800000000.0,1943000000000.0,2400100000000.0,2591900000000.0,2854100000000.0,2877000000000.0,3371900000000.0,2328100000000.0,2418900000000.0,3648200000000.0,2963400000000.0,3050300000000.0,2902500000000.0,4262300000000.0,4005800000000.0,4415500000000.0,3486200000000.0,4195600000000.0,3940700000000.0,3652600000000.0,4566600000000.0,3444300000000.0,3655200000000.0,3828800000000.0,3326300000000.0,3836200000000.0,2873000000000.0,3676300000000.0,2809800000000.0,3682500000000.0,2667700000000.0,2352800000000.0,2513600000000.0,2391900000000.0,2094400000000.0,2149600000000.0
18,B,False,354160000000.0,610500000000.0,856890000000.0,252750000000.0,358680000000.0,381270000000.0,189670000000.0,886170000000.0,797140000000.0,1472600000000.0,1448700000000.0,1794000000000.0,1596300000000.0,1872700000000.0,1478100000000.0,1870600000000.0,1350800000000.0,1445100000000.0,1553000000000.0,1784200000000.0,1715100000000.0,1474900000000.0,1532900000000.0,1287000000000.0,1317000000000.0,1494100000000.0,1291400000000.0,1162300000000.0,1002500000000.0,1075200000000.0,1433300000000.0,1129800000000.0,1083600000000.0,1026700000000.0,1255600000000.0,1021100000000.0,1542100000000.0,1351400000000.0,1559100000000.0,1579300000000.0,1249400000000.0,1490500000000.0,1371800000000.0,912460000000.0,919580000000.0,1172000000000.0,638100000000.0,613360000000.0,744240000000.0,1178700000000.0,619060000000.0,1091100000000.0,1222600000000.0,1012600000000.0,564190000000.0,963880000000.0,624930000000.0,373910000000.0,1201500000000.0,620340000000.0,448510000000.0,940010000000.0,764010000000.0,509550000000.0,452210000000.0,1303700000000.0,521550000000.0,1011100000000.0,281020000000.0,514020000000.0,248210000000.0,538370000000.0,292790000000.0,860530000000.0,404100000000.0,1052200000000.0,1009900000000.0,622650000000.0,460670000000.0,661360000000.0,651400000000.0,630250000000.0,568220000000.0,692660000000.0,890450000000.0,369410000000.0,823080000000.0,366970000000.0,594970000000.0,1074600000000.0,988290000000.0,1303800000000.0,834510000000.0,843230000000.0,647810000000.0,686890000000.0,437170000000.0,673690000000.0,721280000000.0,580330000000.0,95509000000.0,1177700000000.0,547890000000.0,719730000000.0,1180100000000.0,1068800000000.0,843280000000.0,1004200000000.0,867950000000.0,1637900000000.0,2301000000000.0,1801400000000.0,1509300000000.0,1760700000000.0,1597100000000.0,1064200000000.0,1402000000000.0,933570000000.0,710520000000.0
19,B,True,1970000000000.0,2096700000000.0,2281100000000.0,2550400000000.0,2610400000000.0,1975100000000.0,2295500000000.0,2133600000000.0,2032700000000.0,2312000000000.0,1864800000000.0,2443600000000.0,2540400000000.0,2171500000000.0,1710900000000.0,1975600000000.0,2506100000000.0,1764000000000.0,2487700000000.0,2548600000000.0,2538200000000.0,2049200000000.0,2379300000000.0,2082400000000.0,2146000000000.0,2065100000000.0,1803400000000.0,2125900000000.0,2954300000000.0,1973600000000.0,1698200000000.0,1524400000000.0,2126500000000.0,2124600000000.0,2221900000000.0,1944200000000.0,2208200000000.0,2475900000000.0,1499700000000.0,1750800000000.0,1088500000000.0,1742900000000.0,1401700000000.0,1730800000000.0,2642500000000.0,1782800000000.0,2198400000000.0,1653300000000.0,1788900000000.0,1948200000000.0,1381500000000.0,928800000000.0,1332900000000.0,1937600000000.0,1782800000000.0,1962900000000.0,1800700000000.0,1681300000000.0,1203700000000.0,1649500000000.0,1911400000000.0,2138500000000.0,2108000000000.0,1684100000000.0,1488100000000.0,1969400000000.0,1467800000000.0,900230000000.0,1699300000000.0,2208500000000.0,2103200000000.0,1743100000000.0,1896600000000.0,1728900000000.0,1455400000000.0,1642400000000.0,1940400000000.0,2355400000000.0,2395900000000.0,1958000000000.0,2325400000000.0,1759300000000.0,1864200000000.0,1788700000000.0,1824300000000.0,1981500000000.0,1239700000000.0,1917800000000.0,2156000000000.0,1523700000000.0,1758700000000.0,1991200000000.0,2093000000000.0,2014600000000.0,2122200000000.0,2341400000000.0,2063800000000.0,1833500000000.0,2094400000000.0,1883700000000.0,2612800000000.0,1548000000000.0,1682500000000.0,1652900000000.0,1757100000000.0,1389100000000.0,1965000000000.0,2025900000000.0,2454200000000.0,2032900000000.0,2560400000000.0,1469300000000.0,1483800000000.0,1571000000000.0,1958800000000.0,1674800000000.0,1608400000000.0,2001400000000.0,1525200000000.0
20,B,False,3040500000000.0,2079100000000.0,2314300000000.0,2182400000000.0,2724000000000.0,3308700000000.0,3547500000000.0,3311200000000.0,2810600000000.0,2465400000000.0,2356300000000.0,3218300000000.0,3062400000000.0,3431600000000.0,3296800000000.0,3326000000000.0,3494600000000.0,4351600000000.0,4557800000000.0,3787800000000.0,3653800000000.0,3350400000000.0,3497900000000.0,3996200000000.0,4366100000000.0,3846200000000.0,4634100000000.0,3779500000000.0,3438800000000.0,3940300000000.0,3918000000000.0,2614200000000.0,2908100000000.0,2833000000000.0,2800200000000.0,2428200000000.0,2846100000000.0,3012800000000.0,3259500000000.0,3386700000000.0,3623900000000.0,3473600000000.0,2932500000000.0,4342100000000.0,3666500000000.0,4311900000000.0,4339600000000.0,5318200000000.0,5754800000000.0,4788000000000.0,4633700000000.0,4882600000000.0,3724200000000.0,3536300000000.0,3053100000000.0,3064600000000.0,3380000000000.0,2749700000000.0,3702200000000.0,3080400000000.0,3124900000000.0,4018100000000.0,2847700000000.0,2980400000000.0,2511900000000.0,1927900000000.0,2890600000000.0,2990100000000.0,2715600000000.0,2834200000000.0,3413700000000.0,3356600000000.0,2956700000000.0,2545800000000.0,2340400000000.0,1717100000000.0,1040900000000.0,2038800000000.0,2246600000000.0,2240700000000.0,2293800000000.0,2005800000000.0,1393500000000.0,2336800000000.0,3307700000000.0,2707800000000.0,3041100000000.0,1289600000000.0,2250800000000.0,2807300000000.0,2267700000000.0,1882700000000.0,1918000000000.0,1403600000000.0,1881500000000.0,2217600000000.0,1464500000000.0,1528200000000.0,2571200000000.0,1830900000000.0,2800000000000.0,1965600000000.0,2838900000000.0,2254700000000.0,2348200000000.0,2089700000000.0,2731100000000.0,2981100000000.0,2593600000000.0,3101500000000.0,2337200000000.0,1661700000000.0,1842400000000.0,1829400000000.0,2442600000000.0,2790100000000.0,2437300000000.0,2013100000000.0,1979000000000.0
21,B,True,1685600000000.0,981530000000.0,1920800000000.0,2208400000000.0,1734800000000.0,1831000000000.0,1683400000000.0,2039900000000.0,1572200000000.0,2148200000000.0,1491400000000.0,1062300000000.0,1419000000000.0,1650100000000.0,2043500000000.0,2213700000000.0,2239200000000.0,1510100000000.0,1920200000000.0,2280400000000.0,2346300000000.0,2208800000000.0,2491200000000.0,2181600000000.0,2341500000000.0,2294800000000.0,2162200000000.0,2294400000000.0,2395800000000.0,2661900000000.0,2554200000000.0,2451000000000.0,2473900000000.0,3173200000000.0,3468000000000.0,2658700000000.0,3434400000000.0,3306400000000.0,3222000000000.0,2410300000000.0,2773400000000.0,2492000000000.0,2167600000000.0,2762200000000.0,2963300000000.0,3129500000000.0,3200800000000.0,2600800000000.0,3577300000000.0,3493000000000.0,3878100000000.0,2940200000000.0,2901500000000.0,2132300000000.0,2522300000000.0,2641500000000.0,2402900000000.0,2340000000000.0,2275200000000.0,2119400000000.0,1709200000000.0,1313500000000.0,1571700000000.0,757420000000.0,1231400000000.0,1907300000000.0,1813300000000.0,1429800000000.0,1149200000000.0,1230500000000.0,1988000000000.0,1999900000000.0,1292300000000.0,1654000000000.0,994930000000.0,1598500000000.0,2188500000000.0,1766000000000.0,2622200000000.0,2590200000000.0,2540000000000.0,3300800000000.0,3061900000000.0,2405500000000.0,2274500000000.0,2709300000000.0,3392200000000.0,2780500000000.0,2880300000000.0,2800700000000.0,2352100000000.0,1246100000000.0,2368900000000.0,3911500000000.0,2502200000000.0,3040500000000.0,2079100000000.0,2314300000000.0,2182400000000.0,2724000000000.0,3308700000000.0,3547500000000.0,3311200000000.0,2810600000000.0,2465400000000.0,2356300000000.0,3218300000000.0,3062400000000.0,3431600000000.0,3296800000000.0,3326000000000.0,3494600000000.0,4351600000000.0,4557800000000.0,3787800000000.0,3653800000000.0,3350400000000.0,3497900000000.0,3996200000000.0
22,B,False,1510100000000.0,1920200000000.0,2280400000000.0,2346300000000.0,2208800000000.0,2491200000000.0,2181600000000.0,2341500000000.0,2294800000000.0,2162200000000.0,2294400000000.0,2395800000000.0,2661900000000.0,2554200000000.0,2451000000000.0,2473900000000.0,3173200000000.0,3468000000000.0,2658700000000.0,3434400000000.0,3306400000000.0,3222000000000.0,2410300000000.0,2773400000000.0,2492000000000.0,2167600000000.0,2762200000000.0,2963300000000.0,3129500000000.0,3200800000000.0,2600800000000.0,3577300000000.0,3493000000000.0,3878100000000.0,2940200000000.0,2901500000000.0,2132300000000.0,2522300000000.0,2641500000000.0,2402900000000.0,2340000000000.0,2275200000000.0,2119400000000.0,1709200000000.0,1313500000000.0,1571700000000.0,757420000000.0,1231400000000.0,1907300000000.0,1813300000000.0,1429800000000.0,1149200000000.0,1230500000000.0,1988000000000.0,1999900000000.0,1292300000000.0,1654000000000.0,994930000000.0,1598500000000.0,2188500000000.0,1766000000000.0,2622200000000.0,2590200000000.0,2540000000000.0,3300800000000.0,3061900000000.0,2405500000000.0,2274500000000.0,2709300000000.0,3392200000000.0,2780500000000.0,2880300000000.0,2800700000000.0,2352100000000.0,1246100000000.0,2368900000000.0,3911500000000.0,2502200000000.0,3040500000000.0,2079100000000.0,2314300000000.0,2182400000000.0,2724000000000.0,3308700000000.0,3547500000000.0,3311200000000.0,2810600000000.0,2465400000000.0,2356300000000.0,3218300000000.0,3062400000000.0,3431600000000.0,3296800000000.0,3326000000000.0,3494600000000.0,4351600000000.0,4557800000000.0,3787800000000.0,3653800000000.0,3350400000000.0,3497900000000.0,3996200000000.0,4366100000000.0,3846200000000.0,4634100000000.0,3779500000000.0,3438800000000.0,3940300000000.0,3918000000000.0,2614200000000.0,2908100000000.0,2833000000000.0,2800200000000.0,2428200000000.0,2846100000000.0,3012800000000.0,3259500000000.0,3386700000000.0,3623900000000.0
23,B,False,2259200000000.0,1521900000000.0,1615600000000.0,2773100000000.0,2481500000000.0,2786500000000.0,3033100000000.0,3545600000000.0,3064900000000.0,3534800000000.0,4381700000000.0,4186600000000.0,4093000000000.0,3742300000000.0,3624600000000.0,3906000000000.0,4512700000000.0,4373800000000.0,3807000000000.0,3452600000000.0,4387900000000.0,5282600000000.0,3485200000000.0,3829800000000.0,3677100000000.0,5455800000000.0,4364600000000.0,3693400000000.0,3482600000000.0,3301500000000.0,3297900000000.0,2711000000000.0,3507400000000.0,3596000000000.0,2405700000000.0,2555700000000.0,3233000000000.0,3171700000000.0,3001800000000.0,2181500000000.0,1987600000000.0,2008800000000.0,2305400000000.0,2462500000000.0,1791200000000.0,2199200000000.0,1436800000000.0,1477700000000.0,2056000000000.0,2003800000000.0,2270800000000.0,1478500000000.0,547700000000.0,189160000000.0,938290000000.0,1313700000000.0,1039000000000.0,880910000000.0,441100000000.0,1378600000000.0,852650000000.0,799590000000.0,737010000000.0,499550000000.0,537950000000.0,493150000000.0,731800000000.0,372710000000.0,798370000000.0,1019200000000.0,1081100000000.0,1334700000000.0,1151000000000.0,1594300000000.0,1794900000000.0,2475400000000.0,2630700000000.0,3108700000000.0,1963300000000.0,2104900000000.0,2187600000000.0,2452600000000.0,1643900000000.0,2193000000000.0,1657200000000.0,2043600000000.0,1882100000000.0,1638200000000.0,2105400000000.0,1437800000000.0,2051900000000.0,1787400000000.0,1515000000000.0,1560400000000.0,1320000000000.0,1794000000000.0,1450300000000.0,1531300000000.0,1466200000000.0,549730000000.0,913600000000.0,1500100000000.0,1328000000000.0,1134600000000.0,1672700000000.0,998390000000.0,995050000000.0,1048000000000.0,529190000000.0,798510000000.0,1066200000000.0,1091000000000.0,964800000000.0,934470000000.0,1256800000000.0,862770000000.0,965280000000.0,1010400000000.0,1171200000000.0
24,B,False,4406500000000.0,3795100000000.0,3086900000000.0,3424900000000.0,3848100000000.0,3347700000000.0,3531100000000.0,3808900000000.0,3164200000000.0,3374800000000.0,3856700000000.0,2604900000000.0,2545500000000.0,2491100000000.0,3186200000000.0,2677900000000.0,3492600000000.0,2822600000000.0,3052500000000.0,3178900000000.0,2807700000000.0,3187500000000.0,2591800000000.0,2835400000000.0,1962500000000.0,1863600000000.0,1837500000000.0,1859700000000.0,2768600000000.0,2172200000000.0,2932300000000.0,2679800000000.0,2115800000000.0,2487100000000.0,1926800000000.0,2085300000000.0,1762400000000.0,2065100000000.0,1283200000000.0,2442200000000.0,2635800000000.0,1966200000000.0,2576500000000.0,1930600000000.0,1872300000000.0,1741300000000.0,2872800000000.0,3026600000000.0,3114000000000.0,2221200000000.0,2475500000000.0,2295300000000.0,2813100000000.0,1849400000000.0,2246300000000.0,2529800000000.0,2339100000000.0,2122400000000.0,2227800000000.0,2406900000000.0,2715200000000.0,3082700000000.0,2376800000000.0,2993400000000.0,3027600000000.0,3026900000000.0,2232500000000.0,2451300000000.0,1730000000000.0,2198000000000.0,2273500000000.0,2562800000000.0,2425000000000.0,2320500000000.0,2006400000000.0,1468500000000.0,2008700000000.0,1662200000000.0,2034900000000.0,2769000000000.0,2492000000000.0,2386000000000.0,2146300000000.0,3051700000000.0,2653900000000.0,3178700000000.0,2502500000000.0,1905500000000.0,2496900000000.0,2345400000000.0,2258500000000.0,2815600000000.0,1962400000000.0,3100000000000.0,2450300000000.0,2315800000000.0,2575700000000.0,2311700000000.0,2506300000000.0,3170800000000.0,2864400000000.0,2879700000000.0,3057200000000.0,2475700000000.0,2202600000000.0,2739800000000.0,2650100000000.0,2685100000000.0,2769300000000.0,2836600000000.0,2666000000000.0,2690500000000.0,2891800000000.0,2757600000000.0,2455600000000.0,2039600000000.0,2071900000000.0,1738200000000.0,2221100000000.0
25,B,False,369980000000.0,141730000000.0,227130000000.0,305330000000.0,392900000000.0,274780000000.0,407750000000.0,62418000000.0,429210000000.0,305720000000.0,350140000000.0,268430000000.0,87197000000.0,364590000000.0,1146400000000.0,352930000000.0,459560000000.0,807650000000.0,1038200000000.0,330240000000.0,645520000000.0,753910000000.0,674250000000.0,387180000000.0,682950000000.0,661950000000.0,106410000000.0,466240000000.0,379930000000.0,254190000000.0,547470000000.0,794880000000.0,1137300000000.0,1312200000000.0,1443600000000.0,1015200000000.0,1103900000000.0,1413300000000.0,1506300000000.0,1585000000000.0,1403000000000.0,1299700000000.0,1714100000000.0,1481200000000.0,1042400000000.0,1428600000000.0,1135100000000.0,1023500000000.0,1109100000000.0,1326700000000.0,786300000000.0,1034100000000.0,830000000000.0,1144000000000.0,943070000000.0,1125000000000.0,1232000000000.0,1261800000000.0,1323100000000.0,1627200000000.0,1231000000000.0,868810000000.0,1431000000000.0,1469500000000.0,2046900000000.0,2020600000000.0,1937100000000.0,2210800000000.0,1953200000000.0,1169300000000.0,1369500000000.0,1835600000000.0,1403900000000.0,2420200000000.0,1025600000000.0,1221200000000.0,1641600000000.0,1752400000000.0,2358100000000.0,2691200000000.0,1909200000000.0,3444300000000.0,3399800000000.0,4516400000000.0,3600500000000.0,5491300000000.0,4781100000000.0,3495700000000.0,4604100000000.0,3398400000000.0,3839700000000.0,2512600000000.0,1846900000000.0,1465500000000.0,2122100000000.0,1389500000000.0,1792200000000.0,1919600000000.0,1663900000000.0,1795400000000.0,916240000000.0,1363700000000.0,1775000000000.0,1752000000000.0,2223600000000.0,2789500000000.0,2302700000000.0,3454000000000.0,3934000000000.0,3610100000000.0,2761100000000.0,3209500000000.0,3128600000000.0,3615300000000.0,2555900000000.0,2195200000000.0,2089800000000.0,2231300000000.0,1926700000000.0
26,B,False,2491200000000.0,2181600000000.0,2341500000000.0,2294800000000.0,2162200000000.0,2294400000000.0,2395800000000.0,2661900000000.0,2554200000000.0,2451000000000.0,2473900000000.0,3173200000000.0,3468000000000.0,2658700000000.0,3434400000000.0,3306400000000.0,3222000000000.0,2410300000000.0,2773400000000.0,2492000000000.0,2167600000000.0,2762200000000.0,2963300000000.0,3129500000000.0,3200800000000.0,2600800000000.0,3577300000000.0,3493000000000.0,3878100000000.0,2940200000000.0,2901500000000.0,2132300000000.0,2522300000000.0,2641500000000.0,2402900000000.0,2340000000000.0,2275200000000.0,2119400000000.0,1709200000000.0,1313500000000.0,1571700000000.0,757420000000.0,1231400000000.0,1907300000000.0,1813300000000.0,1429800000000.0,1149200000000.0,1230500000000.0,1988000000000.0,1999900000000.0,1292300000000.0,1654000000000.0,994930000000.0,1598500000000.0,2188500000000.0,1766000000000.0,2622200000000.0,2590200000000.0,2540000000000.0,3300800000000.0,3061900000000.0,2405500000000.0,2274500000000.0,2709300000000.0,3392200000000.0,2780500000000.0,2880300000000.0,2800700000000.0,2352100000000.0,1246100000000.0,2368900000000.0,3911500000000.0,2502200000000.0,3040500000000.0,2079100000000.0,2314300000000.0,2182400000000.0,2724000000000.0,3308700000000.0,3547500000000.0,3311200000000.0,2810600000000.0,2465400000000.0,2356300000000.0,3218300000000.0,3062400000000.0,3431600000000.0,3296800000000.0,3326000000000.0,3494600000000.0,4351600000000.0,4557800000000.0,3787800000000.0,3653800000000.0,3350400000000.0,3497900000000.0,3996200000000.0,4366100000000.0,3846200000000.0,4634100000000.0,3779500000000.0,3438800000000.0,3940300000000.0,3918000000000.0,2614200000000.0,2908100000000.0,2833000000000.0,2800200000000.0,2428200000000.0,2846100000000.0,3012800000000.0,3259500000000.0,3386700000000.0,3623900000000.0,3473600000000.0,2932500000000.0,4342100000000.0,3666500000000.0,4311900000000.0
27,B,False,768310000000.0,668510000000.0,724500000000.0,863330000000.0,415070000000.0,724900000000.0,815560000000.0,1011000000000.0,750490000000.0,862060000000.0,705090000000.0,461920000000.0,488530000000.0,511810000000.0,360710000000.0,438510000000.0,455680000000.0,206770000000.0,371840000000.0,275060000000.0,336980000000.0,371050000000.0,450020000000.0,636110000000.0,439180000000.0,542730000000.0,1130800000000.0,492480000000.0,1026400000000.0,706950000000.0,1243500000000.0,938740000000.0,1008500000000.0,867400000000.0,1038900000000.0,810020000000.0,951450000000.0,1109100000000.0,912280000000.0,1254000000000.0,994100000000.0,816590000000.0,882380000000.0,763890000000.0,939920000000.0,569320000000.0,235620000000.0,580870000000.0,507700000000.0,290000000000.0,609200000000.0,749870000000.0,411620000000.0,566310000000.0,761190000000.0,485150000000.0,487390000000.0,305730000000.0,515680000000.0,528520000000.0,746330000000.0,266970000000.0,128350000000.0,434430000000.0,263150000000.0,433760000000.0,141690000000.0,689990000000.0,555400000000.0,834730000000.0,734300000000.0,815580000000.0,973370000000.0,898730000000.0,940730000000.0,753190000000.0,823470000000.0,713550000000.0,528340000000.0,612400000000.0,471280000000.0,191620000000.0,443170000000.0,205040000000.0,197320000000.0,89279000000.0,315110000000.0,121230000000.0,351530000000.0,807330000000.0,637950000000.0,503830000000.0,611680000000.0,1101500000000.0,1059000000000.0,1613200000000.0,1309200000000.0,1407200000000.0,1129000000000.0,1186600000000.0,1015000000000.0,1327300000000.0,978440000000.0,1016000000000.0,1102100000000.0,714810000000.0,949780000000.0,952280000000.0,1244400000000.0,868710000000.0,909880000000.0,1050500000000.0,849030000000.0,819350000000.0,785170000000.0,1393700000000.0,999410000000.0,1117100000000.0,1387100000000.0
28,B,False,3805100000000.0,3572400000000.0,4628200000000.0,4656300000000.0,4294700000000.0,3935100000000.0,3279400000000.0,3938900000000.0,4355200000000.0,4181600000000.0,3437300000000.0,3461900000000.0,4006900000000.0,3594500000000.0,3830900000000.0,3915700000000.0,4808100000000.0,4626900000000.0,3719900000000.0,4005100000000.0,3138600000000.0,2969400000000.0,2699300000000.0,2997400000000.0,3227000000000.0,3538100000000.0,3736100000000.0,3767200000000.0,3518100000000.0,3546000000000.0,3453500000000.0,3630900000000.0,3342100000000.0,3462000000000.0,3262500000000.0,3372300000000.0,3172700000000.0,3971100000000.0,2839600000000.0,4306500000000.0,3874000000000.0,3405600000000.0,3761000000000.0,4287400000000.0,3758800000000.0,3172100000000.0,3352600000000.0,3309100000000.0,3432200000000.0,3743800000000.0,4009600000000.0,3428500000000.0,3353600000000.0,3006400000000.0,3375800000000.0,3659600000000.0,3190800000000.0,2679100000000.0,3030900000000.0,3633100000000.0,4017900000000.0,3569300000000.0,3155000000000.0,3892400000000.0,4222300000000.0,3956600000000.0,4160100000000.0,2808000000000.0,2963300000000.0,3310200000000.0,3193000000000.0,3140100000000.0,3290400000000.0,3091800000000.0,3085300000000.0,3044900000000.0,2663400000000.0,2703300000000.0,3241300000000.0,3004400000000.0,2657900000000.0,2732000000000.0,2199600000000.0,2517000000000.0,1826700000000.0,2590500000000.0,2387000000000.0,2456200000000.0,2080600000000.0,2014700000000.0,2370000000000.0,2402000000000.0,2661100000000.0,1852400000000.0,2126800000000.0,1723400000000.0,2177400000000.0,2344500000000.0,2659300000000.0,2347400000000.0,2640700000000.0,2923900000000.0,3005700000000.0,2181800000000.0,1973200000000.0,2540800000000.0,1854000000000.0,1715700000000.0,1788900000000.0,2285400000000.0,1925900000000.0,2143300000000.0,2307800000000.0,2736100000000.0,3043800000000.0,2746700000000.0,2928400000000.0,2529000000000.0,2330400000000.0
29,B,True,2192700000000.0,1992300000000.0,1917200000000.0,1184500000000.0,1839500000000.0,1071100000000.0,1242900000000.0,1695800000000.0,1831900000000.0,2364000000000.0,2167600000000.0,2119900000000.0,2088100000000.0,2033000000000.0,2152800000000.0,1735200000000.0,1535500000000.0,2014400000000.0,2147800000000.0,1966400000000.0,2223500000000.0,1896600000000.0,2170900000000.0,1768700000000.0,1443000000000.0,1439800000000.0,1614100000000.0,2239400000000.0,2173000000000.0,1788700000000.0,2194700000000.0,2167600000000.0,2868600000000.0,2383100000000.0,2441100000000.0,2107200000000.0,2527100000000.0,3151600000000.0,2829300000000.0,2518900000000.0,2330700000000.0,2320600000000.0,2201700000000.0,1600400000000.0,1418800000000.0,1460000000000.0,1927800000000.0,1881400000000.0,1953700000000.0,2403100000000.0,2334600000000.0,2003000000000.0,1407500000000.0,1784200000000.0,2222000000000.0,1888800000000.0,2085300000000.0,2035900000000.0,1884200000000.0,2427600000000.0,2043500000000.0,2025500000000.0,2343200000000.0,1573500000000.0,1364400000000.0,1066700000000.0,992020000000.0,1114500000000.0,978810000000.0,1167300000000.0,1133500000000.0,890610000000.0,1198900000000.0,978180000000.0,1077200000000.0,1590400000000.0,1566900000000.0,1642200000000.0,1358600000000.0,1196300000000.0,1190700000000.0,1600200000000.0,1667500000000.0,1786300000000.0,938240000000.0,1437200000000.0,1325400000000.0,1291600000000.0,1360000000000.0,824060000000.0,686680000000.0,942210000000.0,662040000000.0,364080000000.0,803860000000.0,656410000000.0,762680000000.0,664790000000.0,1165700000000.0,1347000000000.0,494030000000.0,785100000000.0,1481400000000.0,1814100000000.0,782330000000.0,1120400000000.0,1366100000000.0,1062700000000.0,1178200000000.0,1416200000000.0,1321400000000.0,1507200000000.0,1043200000000.0,1075300000000.0,1088800000000.0,1065300000000.0,1437600000000.0,1268600000000.0,1510200000000.0
30,B,False,2040900000000.0,1612700000000.0,1996300000000.0,2513800000000.0,2300400000000.0,1843900000000.0,1724400000000.0,2131900000000.0,2373100000000.0,1536000000000.0,893530000000.0,643550000000.0,1347900000000.0,614070000000.0,1153000000000.0,706490000000.0,1014400000000.0,886580000000.0,678300000000.0,1131000000000.0,1038700000000.0,940970000000.0,2078800000000.0,1881200000000.0,2031100000000.0,2396400000000.0,2073800000000.0,2677900000000.0,2449600000000.0,1589100000000.0,2189100000000.0,2092400000000.0,1952500000000.0,2453000000000.0,2327000000000.0,2124100000000.0,2012300000000.0,1727000000000.0,1413100000000.0,2037500000000.0,1921000000000.0,1219700000000.0,2243600000000.0,2080200000000.0,2279900000000.0,1829800000000.0,2124500000000.0,2001200000000.0,1629500000000.0,1738500000000.0,1155000000000.0,1166000000000.0,600240000000.0,501460000000.0,328420000000.0,884000000000.0,1614100000000.0,963930000000.0,1563100000000.0,1026100000000.0,1258500000000.0,864310000000.0,1241700000000.0,1589100000000.0,2079600000000.0,1795400000000.0,2222300000000.0,1823000000000.0,2186300000000.0,1858700000000.0,2147200000000.0,1711800000000.0,1777000000000.0,1200000000000.0,792520000000.0,931860000000.0,963420000000.0,296310000000.0,940880000000.0,758340000000.0,450500000000.0,790300000000.0,408060000000.0,740800000000.0,703760000000.0,602240000000.0,547940000000.0,1065800000000.0,625460000000.0,511660000000.0,696060000000.0,540360000000.0,271960000000.0,704020000000.0,539210000000.0,829100000000.0,332840000000.0,919680000000.0,795380000000.0,501170000000.0,539520000000.0,286950000000.0,753110000000.0,640030000000.0,829980000000.0,563250000000.0,809010000000.0,1069400000000.0,672340000000.0,709990000000.0,96415000000.0,692190000000.0,568610000000.0,116950000000.0,1073600000000.0,747210000000.0,1763100000000.0,1335700000000.0,1478800000000.0
31,B,False,2749700000000.0,3702200000000.0,3080400000000.0,3124900000000.0,4018100000000.0,2847700000000.0,2980400000000.0,2511900000000.0,1927900000000.0,2890600000000.0,2990100000000.0,2715600000000.0,2834200000000.0,3413700000000.0,3356600000000.0,2956700000000.0,2545800000000.0,2340400000000.0,1717100000000.0,1040900000000.0,2038800000000.0,2246600000000.0,2240700000000.0,2293800000000.0,2005800000000.0,1393500000000.0,2336800000000.0,3307700000000.0,2707800000000.0,3041100000000.0,1289600000000.0,2250800000000.0,2807300000000.0,2267700000000.0,1882700000000.0,1918000000000.0,1403600000000.0,1881500000000.0,2217600000000.0,1464500000000.0,1528200000000.0,2571200000000.0,1830900000000.0,2800000000000.0,1965600000000.0,2838900000000.0,2254700000000.0,2348200000000.0,2089700000000.0,2731100000000.0,2981100000000.0,2593600000000.0,3101500000000.0,2337200000000.0,1661700000000.0,1842400000000.0,1829400000000.0,2442600000000.0,2790100000000.0,2437300000000.0,2013100000000.0,1979000000000.0,1749200000000.0,1536900000000.0,1026600000000.0,1896700000000.0,1782100000000.0,1674200000000.0,2621800000000.0,1828900000000.0,2451900000000.0,2862000000000.0,2435000000000.0,1780000000000.0,2606900000000.0,2330500000000.0,2087400000000.0,2240600000000.0,2428400000000.0,1690700000000.0,1025500000000.0,1410900000000.0,1282700000000.0,1574300000000.0,1650900000000.0,1907100000000.0,1673200000000.0,2361900000000.0,2030600000000.0,2558900000000.0,1927000000000.0,1780800000000.0,2416200000000.0,1934900000000.0,1889900000000.0,1971200000000.0,1074000000000.0,1306000000000.0,1264200000000.0,1145700000000.0,1500100000000.0,1659500000000.0,1575200000000.0,1805000000000.0,1852100000000.0,1521700000000.0,1585400000000.0,1705700000000.0,1648900000000.0,1645600000000.0,1931500000000.0,2024900000000.0,2071600000000.0,1409100000000.0,1773500000000.0,1495000000000.0,1210200000000.0,1029000000000.0,1156300000000.0
32,B,False,703870000000.0,1040500000000.0,929060000000.0,1501500000000.0,680460000000.0,1172200000000.0,936300000000.0,867780000000.0,1667100000000.0,1727900000000.0,1752700000000.0,1010500000000.0,894780000000.0,1372200000000.0,799590000000.0,1098600000000.0,1313200000000.0,1609400000000.0,1132100000000.0,2182600000000.0,1881200000000.0,1556600000000.0,1917900000000.0,1414300000000.0,1502200000000.0,1450200000000.0,1682600000000.0,808650000000.0,1004600000000.0,1275800000000.0,1804200000000.0,1025200000000.0,892880000000.0,1285400000000.0,805940000000.0,1282800000000.0,985360000000.0,981000000000.0,729810000000.0,1084600000000.0,68631000000.0,627540000000.0,554390000000.0,1228200000000.0,977120000000.0,434460000000.0,643990000000.0,345940000000.0,1017900000000.0,1144900000000.0,1592800000000.0,1579500000000.0,1872300000000.0,1544600000000.0,1264700000000.0,1884900000000.0,1399700000000.0,1145400000000.0,1508700000000.0,940700000000.0,825450000000.0,852310000000.0,881140000000.0,1032600000000.0,1186100000000.0,994050000000.0,1060900000000.0,911340000000.0,1582100000000.0,1122500000000.0,1018300000000.0,1067400000000.0,963740000000.0,757750000000.0,1239700000000.0,2098500000000.0,1518400000000.0,1347200000000.0,902010000000.0,1355700000000.0,1173300000000.0,952930000000.0,1331600000000.0,977200000000.0,1367700000000.0,1234100000000.0,1031300000000.0,1187000000000.0,927890000000.0,1096900000000.0,741190000000.0,484490000000.0,1136000000000.0,1730800000000.0,1695900000000.0,1318400000000.0,732810000000.0,1408200000000.0,1478300000000.0,2229300000000.0,1081900000000.0,1915200000000.0,1622700000000.0,1709200000000.0,861720000000.0,1612000000000.0,1643800000000.0,2072900000000.0,1394700000000.0,2182300000000.0,1137100000000.0,1193300000000.0,906450000000.0,934310000000.0,814480000000.0,612790000000.0,1223400000000.0,1527700000000.0,1839800000000.0
33,B,False,1990200000000.0,1727200000000.0,2438900000000.0,2150900000000.0,1838700000000.0,1616400000000.0,1947700000000.0,2537100000000.0,2082600000000.0,2720100000000.0,1682900000000.0,2195300000000.0,2084000000000.0,2028500000000.0,1724900000000.0,1902200000000.0,2539100000000.0,2470000000000.0,2212300000000.0,1801300000000.0,2184300000000.0,2098700000000.0,2892300000000.0,1945300000000.0,2239600000000.0,2822600000000.0,2191900000000.0,2329200000000.0,2243700000000.0,2462100000000.0,1824500000000.0,2461200000000.0,2187900000000.0,2502900000000.0,2928300000000.0,3213800000000.0,1597100000000.0,2502700000000.0,2161800000000.0,1811700000000.0,2390800000000.0,2090100000000.0,1632700000000.0,1784700000000.0,1939200000000.0,1885800000000.0,557000000000.0,923490000000.0,1183100000000.0,802950000000.0,1256300000000.0,517280000000.0,1281000000000.0,2223300000000.0,2583400000000.0,2098300000000.0,1834300000000.0,2723500000000.0,1700100000000.0,2464000000000.0,2620900000000.0,2312700000000.0,2799500000000.0,2258700000000.0,395530000000.0,1621600000000.0,1313600000000.0,2021400000000.0,1736300000000.0,2238100000000.0,3170300000000.0,3308000000000.0,3115400000000.0,2867300000000.0,3126800000000.0,3068200000000.0,2888700000000.0,3260400000000.0,3415000000000.0,2620500000000.0,3388900000000.0,2971000000000.0,2624400000000.0,2552700000000.0,2658400000000.0,2855300000000.0,2772800000000.0,2792300000000.0,3175500000000.0,3053100000000.0,3461500000000.0,3197900000000.0,3252800000000.0,3973200000000.0,3855800000000.0,4028800000000.0,4564800000000.0,4501900000000.0,3970200000000.0,4083400000000.0,3833200000000.0,4515500000000.0,4216800000000.0,5099300000000.0,5261200000000.0,5094300000000.0,5097800000000.0,5260400000000.0,4733600000000.0,4606700000000.0,3871100000000.0,4406500000000.0,3795100000000.0,3086900000000.0,3424900000000.0,3848100000000.0,3347700000000.0,3531100000000.0,3808900000000.0
34,B,False,1242900000000.0,1695800000000.0,1831900000000.0,2364000000000.0,2167600000000.0,2119900000000.0,2088100000000.0,2033000000000.0,2152800000000.0,1735200000000.0,1535500000000.0,2014400000000.0,2147800000000.0,1966400000000.0,2223500000000.0,1896600000000.0,2170900000000.0,1768700000000.0,1443000000000.0,1439800000000.0,1614100000000.0,2239400000000.0,2173000000000.0,1788700000000.0,2194700000000.0,2167600000000.0,2868600000000.0,2383100000000.0,2441100000000.0,2107200000000.0,2527100000000.0,3151600000000.0,2829300000000.0,2518900000000.0,2330700000000.0,2320600000000.0,2201700000000.0,1600400000000.0,1418800000000.0,1460000000000.0,1927800000000.0,1881400000000.0,1953700000000.0,2403100000000.0,2334600000000.0,2003000000000.0,1407500000000.0,1784200000000.0,2222000000000.0,1888800000000.0,2085300000000.0,2035900000000.0,1884200000000.0,2427600000000.0,2043500000000.0,2025500000000.0,2343200000000.0,1573500000000.0,1364400000000.0,1066700000000.0,992020000000.0,1114500000000.0,978810000000.0,1167300000000.0,1133500000000.0,890610000000.0,1198900000000.0,978180000000.0,1077200000000.0,1590400000000.0,1566900000000.0,1642200000000.0,1358600000000.0,1196300000000.0,1190700000000.0,1600200000000.0,1667500000000.0,1786300000000.0,938240000000.0,1437200000000.0,1325400000000.0,1291600000000.0,1360000000000.0,824060000000.0,686680000000.0,942210000000.0,662040000000.0,364080000000.0,803860000000.0,656410000000.0,762680000000.0,664790000000.0,1165700000000.0,1347000000000.0,494030000000.0,785100000000.0,1481400000000.0,1814100000000.0,782330000000.0,1120400000000.0,1366100000000.0,1062700000000.0,1178200000000.0,1416200000000.0,1321400000000.0,1507200000000.0,1043200000000.0,1075300000000.0,1088800000000.0,1065300000000.0,1437600000000.0,1268600000000.0,1510200000000.0,1550300000000.0,1278600000000.0,823910000000.0,941190000000.0,1164800000000.0,1217400000000.0
35,B,True,673230000000.0,1236900000000.0,1063400000000.0,1109600000000.0,1108300000000.0,1134100000000.0,749250000000.0,1205300000000.0,1243000000000.0,1184600000000.0,1878600000000.0,1909900000000.0,1136200000000.0,1172200000000.0,1550200000000.0,1657500000000.0,1759600000000.0,1383500000000.0,1749200000000.0,1297700000000.0,1619000000000.0,1259600000000.0,1319400000000.0,950610000000.0,1091400000000.0,1331800000000.0,1114600000000.0,822150000000.0,1649400000000.0,1201500000000.0,1033500000000.0,1447400000000.0,1775800000000.0,1589200000000.0,1575900000000.0,1477300000000.0,1683700000000.0,1468900000000.0,1853800000000.0,1086300000000.0,1863100000000.0,1487500000000.0,1639800000000.0,1336000000000.0,1339800000000.0,1310700000000.0,1285100000000.0,1854600000000.0,1933500000000.0,1802400000000.0,1705000000000.0,1550300000000.0,1189400000000.0,1652800000000.0,1146300000000.0,1502700000000.0,1544900000000.0,604310000000.0,1893000000000.0,2573200000000.0,1737600000000.0,1604500000000.0,1333500000000.0,1332200000000.0,1318800000000.0,1283000000000.0,1665400000000.0,2061200000000.0,1332900000000.0,1918900000000.0,2134300000000.0,2472900000000.0,1667400000000.0,1785600000000.0,1724200000000.0,2109500000000.0,2027800000000.0,1973000000000.0,1881500000000.0,1833900000000.0,1545800000000.0,1592200000000.0,1859200000000.0,1846900000000.0,1916800000000.0,2197600000000.0,2555800000000.0,2651800000000.0,2016400000000.0,2352400000000.0,2030100000000.0,1816000000000.0,2104300000000.0,2698900000000.0,1932200000000.0,2027300000000.0,2408300000000.0,2141600000000.0,2397500000000.0,2330600000000.0,2167300000000.0,2255600000000.0,2394200000000.0,1828800000000.0,1735300000000.0,1922000000000.0,1157000000000.0,2131400000000.0,1863100000000.0,1493800000000.0,1555500000000.0,1832600000000.0,1398700000000.0,2228300000000.0,1712700000000.0,1689700000000.0,886720000000.0,984080000000.0,1222100000000.0
36,B,False,1782700000000.0,3443300000000.0,2473500000000.0,2333300000000.0,1640400000000.0,2470800000000.0,3200700000000.0,3286500000000.0,2910500000000.0,2738300000000.0,2645800000000.0,2505300000000.0,2288400000000.0,1450800000000.0,1273300000000.0,2831100000000.0,1704100000000.0,1704200000000.0,1215000000000.0,1620000000000.0,2247200000000.0,1831100000000.0,1193200000000.0,706970000000.0,2001800000000.0,2002000000000.0,2015300000000.0,1976000000000.0,2073600000000.0,1189300000000.0,1816600000000.0,2000400000000.0,1896600000000.0,1683500000000.0,1523100000000.0,1474400000000.0,1494000000000.0,1603400000000.0,441140000000.0,393680000000.0,793370000000.0,443570000000.0,1893800000000.0,1706000000000.0,785310000000.0,1827300000000.0,297040000000.0,1341500000000.0,1376500000000.0,2209100000000.0,1426500000000.0,2487000000000.0,2348100000000.0,1402600000000.0,421390000000.0,1574400000000.0,1234400000000.0,1309400000000.0,2672500000000.0,2831400000000.0,1261200000000.0,2171700000000.0,2033800000000.0,1665800000000.0,1130200000000.0,1537300000000.0,1993500000000.0,994060000000.0,1254400000000.0,1424800000000.0,2118600000000.0,2398100000000.0,2239400000000.0,2080000000000.0,1976700000000.0,2581000000000.0,1763800000000.0,2348900000000.0,2481500000000.0,2540800000000.0,2638300000000.0,1561600000000.0,2009100000000.0,2488400000000.0,2020700000000.0,2979400000000.0,2236300000000.0,1762600000000.0,1805200000000.0,1197500000000.0,537920000000.0,1483900000000.0,967050000000.0,1731100000000.0,2116000000000.0,1279700000000.0,1987600000000.0,1685000000000.0,1813000000000.0,3182100000000.0,2992900000000.0,3706700000000.0,3955200000000.0,4141600000000.0,4704500000000.0,3086600000000.0,3759900000000.0,4372400000000.0,3974000000000.0,2758700000000.0,2372700000000.0,2651300000000.0,1590600000000.0,2696500000000.0,1776000000000.0,2612500000000.0,2767500000000.0,3026000000000.0,3112300000000.0
37,B,False,1378100000000.0,1024700000000.0,1055200000000.0,467920000000.0,851240000000.0,455140000000.0,1366700000000.0,1086700000000.0,1006900000000.0,612740000000.0,891580000000.0,893690000000.0,1164800000000.0,1397600000000.0,1470600000000.0,1115400000000.0,1319100000000.0,1057300000000.0,1439300000000.0,721710000000.0,962830000000.0,703030000000.0,358340000000.0,1139900000000.0,1153600000000.0,438530000000.0,451080000000.0,833850000000.0,905460000000.0,953910000000.0,925420000000.0,1418900000000.0,703280000000.0,1013400000000.0,484650000000.0,1055200000000.0,1097100000000.0,1157000000000.0,1555100000000.0,1995900000000.0,2223200000000.0,1504800000000.0,1573500000000.0,1839900000000.0,1833300000000.0,1967500000000.0,2333900000000.0,2259200000000.0,1521900000000.0,1615600000000.0,2773100000000.0,2481500000000.0,2786500000000.0,3033100000000.0,3545600000000.0,3064900000000.0,3534800000000.0,4381700000000.0,4186600000000.0,4093000000000.0,3742300000000.0,3624600000000.0,3906000000000.0,4512700000000.0,4373800000000.0,3807000000000.0,3452600000000.0,4387900000000.0,5282600000000.0,3485200000000.0,3829800000000.0,3677100000000.0,5455800000000.0,4364600000000.0,3693400000000.0,3482600000000.0,3301500000000.0,3297900000000.0,2711000000000.0,3507400000000.0,3596000000000.0,2405700000000.0,2555700000000.0,3233000000000.0,3171700000000.0,3001800000000.0,2181500000000.0,1987600000000.0,2008800000000.0,2305400000000.0,2462500000000.0,1791200000000.0,2199200000000.0,1436800000000.0,1477700000000.0,2056000000000.0,2003800000000.0,2270800000000.0,1478500000000.0,547700000000.0,189160000000.0,938290000000.0,1313700000000.0,1039000000000.0,880910000000.0,441100000000.0,1378600000000.0,852650000000.0,799590000000.0,737010000000.0,499550000000.0,537950000000.0,493150000000.0,731800000000.0,372710000000.0,798370000000.0,1019200000000.0,1081100000000.0,1334700000000.0
38,B,False,2473500000000.0,2333300000000.0,1640400000000.0,2470800000000.0,3200700000000.0,3286500000000.0,2910500000000.0,2738300000000.0,2645800000000.0,2505300000000.0,2288400000000.0,1450800000000.0,1273300000000.0,2831100000000.0,1704100000000.0,1704200000000.0,1215000000000.0,1620000000000.0,2247200000000.0,1831100000000.0,1193200000000.0,706970000000.0,2001800000000.0,2002000000000.0,2015300000000.0,1976000000000.0,2073600000000.0,1189300000000.0,1816600000000.0,2000400000000.0,1896600000000.0,1683500000000.0,1523100000000.0,1474400000000.0,1494000000000.0,1603400000000.0,441140000000.0,393680000000.0,793370000000.0,443570000000.0,1893800000000.0,1706000000000.0,785310000000.0,1827300000000.0,297040000000.0,1341500000000.0,1376500000000.0,2209100000000.0,1426500000000.0,2487000000000.0,2348100000000.0,1402600000000.0,421390000000.0,1574400000000.0,1234400000000.0,1309400000000.0,2672500000000.0,2831400000000.0,1261200000000.0,2171700000000.0,2033800000000.0,1665800000000.0,1130200000000.0,1537300000000.0,1993500000000.0,994060000000.0,1254400000000.0,1424800000000.0,2118600000000.0,2398100000000.0,2239400000000.0,2080000000000.0,1976700000000.0,2581000000000.0,1763800000000.0,2348900000000.0,2481500000000.0,2540800000000.0,2638300000000.0,1561600000000.0,2009100000000.0,2488400000000.0,2020700000000.0,2979400000000.0,2236300000000.0,1762600000000.0,1805200000000.0,1197500000000.0,537920000000.0,1483900000000.0,967050000000.0,1731100000000.0,2116000000000.0,1279700000000.0,1987600000000.0,1685000000000.0,1813000000000.0,3182100000000.0,2992900000000.0,3706700000000.0,3955200000000.0,4141600000000.0,4704500000000.0,3086600000000.0,3759900000000.0,4372400000000.0,3974000000000.0,2758700000000.0,2372700000000.0,2651300000000.0,1590600000000.0,2696500000000.0,1776000000000.0,2612500000000.0,2767500000000.0,3026000000000.0,3112300000000.0,2526300000000.0,2763100000000.0
39,B,False,479530000000.0,306070000000.0,467000000000.0,506920000000.0,341610000000.0,659530000000.0,659600000000.0,1191500000000.0,1109600000000.0,885760000000.0,989110000000.0,1267600000000.0,1639700000000.0,1568900000000.0,1337400000000.0,1378100000000.0,1024700000000.0,1055200000000.0,467920000000.0,851240000000.0,455140000000.0,1366700000000.0,1086700000000.0,1006900000000.0,612740000000.0,891580000000.0,893690000000.0,1164800000000.0,1397600000000.0,1470600000000.0,1115400000000.0,1319100000000.0,1057300000000.0,1439300000000.0,721710000000.0,962830000000.0,703030000000.0,358340000000.0,1139900000000.0,1153600000000.0,438530000000.0,451080000000.0,833850000000.0,905460000000.0,953910000000.0,925420000000.0,1418900000000.0,703280000000.0,1013400000000.0,484650000000.0,1055200000000.0,1097100000000.0,1157000000000.0,1555100000000.0,1995900000000.0,2223200000000.0,1504800000000.0,1573500000000.0,1839900000000.0,1833300000000.0,1967500000000.0,2333900000000.0,2259200000000.0,1521900000000.0,1615600000000.0,2773100000000.0,2481500000000.0,2786500000000.0,3033100000000.0,3545600000000.0,3064900000000.0,3534800000000.0,4381700000000.0,4186600000000.0,4093000000000.0,3742300000000.0,3624600000000.0,3906000000000.0,4512700000000.0,4373800000000.0,3807000000000.0,3452600000000.0,4387900000000.0,5282600000000.0,3485200000000.0,3829800000000.0,3677100000000.0,5455800000000.0,4364600000000.0,3693400000000.0,3482600000000.0,3301500000000.0,3297900000000.0,2711000000000.0,3507400000000.0,3596000000000.0,2405700000000.0,2555700000000.0,3233000000000.0,3171700000000.0,3001800000000.0,2181500000000.0,1987600000000.0,2008800000000.0,2305400000000.0,2462500000000.0,1791200000000.0,2199200000000.0,1436800000000.0,1477700000000.0,2056000000000.0,2003800000000.0,2270800000000.0,1478500000000.0,547700000000.0,189160000000.0,938290000000.0,1313700000000.0,1039000000000.0
40,B,False,1097100000000.0,1157000000000.0,1555100000000.0,1995900000000.0,2223200000000.0,1504800000000.0,1573500000000.0,1839900000000.0,1833300000000.0,1967500000000.0,2333900000000.0,2259200000000.0,1521900000000.0,1615600000000.0,2773100000000.0,2481500000000.0,2786500000000.0,3033100000000.0,3545600000000.0,3064900000000.0,3534800000000.0,4381700000000.0,4186600000000.0,4093000000000.0,3742300000000.0,3624600000000.0,3906000000000.0,4512700000000.0,4373800000000.0,3807000000000.0,3452600000000.0,4387900000000.0,5282600000000.0,3485200000000.0,3829800000000.0,3677100000000.0,5455800000000.0,4364600000000.0,3693400000000.0,3482600000000.0,3301500000000.0,3297900000000.0,2711000000000.0,3507400000000.0,3596000000000.0,2405700000000.0,2555700000000.0,3233000000000.0,3171700000000.0,3001800000000.0,2181500000000.0,1987600000000.0,2008800000000.0,2305400000000.0,2462500000000.0,1791200000000.0,2199200000000.0,1436800000000.0,1477700000000.0,2056000000000.0,2003800000000.0,2270800000000.0,1478500000000.0,547700000000.0,189160000000.0,938290000000.0,1313700000000.0,1039000000000.0,880910000000.0,441100000000.0,1378600000000.0,852650000000.0,799590000000.0,737010000000.0,499550000000.0,537950000000.0,493150000000.0,731800000000.0,372710000000.0,798370000000.0,1019200000000.0,1081100000000.0,1334700000000.0,1151000000000.0,1594300000000.0,1794900000000.0,2475400000000.0,2630700000000.0,3108700000000.0,1963300000000.0,2104900000000.0,2187600000000.0,2452600000000.0,1643900000000.0,2193000000000.0,1657200000000.0,2043600000000.0,1882100000000.0,1638200000000.0,2105400000000.0,1437800000000.0,2051900000000.0,1787400000000.0,1515000000000.0,1560400000000.0,1320000000000.0,1794000000000.0,1450300000000.0,1531300000000.0,1466200000000.0,549730000000.0,913600000000.0,1500100000000.0,1328000000000.0,1134600000000.0,1672700000000.0,998390000000.0,995050000000.0,1048000000000.0
41,B,False,1931800000000.0,2131700000000.0,1422000000000.0,2004600000000.0,1908800000000.0,1741200000000.0,1760100000000.0,2303400000000.0,1922500000000.0,1842300000000.0,1862000000000.0,1974900000000.0,2377100000000.0,2328700000000.0,2885600000000.0,2737300000000.0,1879900000000.0,2203000000000.0,2738600000000.0,2793900000000.0,2316700000000.0,2773600000000.0,3089800000000.0,3215800000000.0,3118900000000.0,2607200000000.0,2459400000000.0,2241700000000.0,2460800000000.0,2560100000000.0,2701200000000.0,2791300000000.0,2419500000000.0,1688600000000.0,1657900000000.0,2394800000000.0,783330000000.0,1610900000000.0,2052600000000.0,2647900000000.0,3037500000000.0,2351300000000.0,2699700000000.0,2417500000000.0,2823000000000.0,3149000000000.0,2704300000000.0,2665100000000.0,2397800000000.0,1933200000000.0,1331500000000.0,2052300000000.0,2276000000000.0,2310400000000.0,2548900000000.0,1869100000000.0,618470000000.0,672850000000.0,1306500000000.0,977230000000.0,1634000000000.0,2419700000000.0,2304800000000.0,1669600000000.0,2706500000000.0,2293200000000.0,1237700000000.0,1664800000000.0,1906800000000.0,1219300000000.0,1257500000000.0,1836000000000.0,744250000000.0,747390000000.0,1803500000000.0,397550000000.0,1543200000000.0,1130800000000.0,1173800000000.0,1661600000000.0,1762900000000.0,2072000000000.0,1463000000000.0,2422700000000.0,2111100000000.0,1325700000000.0,1341600000000.0,1002200000000.0,1077000000000.0,1183400000000.0,1920700000000.0,1807100000000.0,1678900000000.0,1337700000000.0,1833400000000.0,1665400000000.0,1203600000000.0,1147500000000.0,922700000000.0,1325800000000.0,2130100000000.0,1200500000000.0,954850000000.0,1109200000000.0,1003300000000.0,942860000000.0,1064200000000.0,691630000000.0,1264600000000.0,750320000000.0,908520000000.0,761660000000.0,1117600000000.0,1484200000000.0,1445900000000.0,1632800000000.0,1339000000000.0,409270000000.0,976830000000.0
42,B,False,2161500000000.0,2277000000000.0,2313500000000.0,2449900000000.0,3075200000000.0,3440500000000.0,3013000000000.0,3689700000000.0,2632700000000.0,2834900000000.0,2584900000000.0,2402100000000.0,2092000000000.0,2540300000000.0,2296500000000.0,2028800000000.0,2739800000000.0,2000700000000.0,1904300000000.0,2237000000000.0,2556800000000.0,2132600000000.0,2587000000000.0,4091600000000.0,2647400000000.0,3176400000000.0,2486200000000.0,2386100000000.0,3234200000000.0,2620800000000.0,2468900000000.0,2386500000000.0,2328000000000.0,2287300000000.0,2403500000000.0,2098600000000.0,1938900000000.0,2239600000000.0,2641500000000.0,2365100000000.0,2180200000000.0,2157200000000.0,2155900000000.0,3101800000000.0,2068900000000.0,1995100000000.0,2530200000000.0,2502600000000.0,2560500000000.0,3665300000000.0,3506600000000.0,3591500000000.0,3330600000000.0,3413900000000.0,2902700000000.0,3325500000000.0,3209300000000.0,3099800000000.0,2801000000000.0,2752500000000.0,2704100000000.0,3174000000000.0,3165900000000.0,2573600000000.0,2858300000000.0,2940600000000.0,2698200000000.0,2503900000000.0,2853100000000.0,3109800000000.0,2996400000000.0,2824600000000.0,2859100000000.0,2756800000000.0,2768500000000.0,2618800000000.0,3068000000000.0,3583500000000.0,3092800000000.0,2696300000000.0,2367300000000.0,2931900000000.0,2936000000000.0,2668100000000.0,2873800000000.0,2922800000000.0,3230100000000.0,3029600000000.0,2654200000000.0,1862300000000.0,2342100000000.0,2321700000000.0,2927200000000.0,2342900000000.0,2685200000000.0,2431700000000.0,1848400000000.0,2606000000000.0,2346900000000.0,2249400000000.0,2643600000000.0,2923800000000.0,2218200000000.0,2277600000000.0,2093600000000.0,2312600000000.0,2008600000000.0,1617800000000.0,1978000000000.0,1996500000000.0,2112300000000.0,1828200000000.0,2004400000000.0,2385900000000.0,2036700000000.0,1932200000000.0,1993000000000.0,1909300000000.0,1936300000000.0
43,B,False,682950000000.0,661950000000.0,106410000000.0,466240000000.0,379930000000.0,254190000000.0,547470000000.0,794880000000.0,1137300000000.0,1312200000000.0,1443600000000.0,1015200000000.0,1103900000000.0,1413300000000.0,1506300000000.0,1585000000000.0,1403000000000.0,1299700000000.0,1714100000000.0,1481200000000.0,1042400000000.0,1428600000000.0,1135100000000.0,1023500000000.0,1109100000000.0,1326700000000.0,786300000000.0,1034100000000.0,830000000000.0,1144000000000.0,943070000000.0,1125000000000.0,1232000000000.0,1261800000000.0,1323100000000.0,1627200000000.0,1231000000000.0,868810000000.0,1431000000000.0,1469500000000.0,2046900000000.0,2020600000000.0,1937100000000.0,2210800000000.0,1953200000000.0,1169300000000.0,1369500000000.0,1835600000000.0,1403900000000.0,2420200000000.0,1025600000000.0,1221200000000.0,1641600000000.0,1752400000000.0,2358100000000.0,2691200000000.0,1909200000000.0,3444300000000.0,3399800000000.0,4516400000000.0,3600500000000.0,5491300000000.0,4781100000000.0,3495700000000.0,4604100000000.0,3398400000000.0,3839700000000.0,2512600000000.0,1846900000000.0,1465500000000.0,2122100000000.0,1389500000000.0,1792200000000.0,1919600000000.0,1663900000000.0,1795400000000.0,916240000000.0,1363700000000.0,1775000000000.0,1752000000000.0,2223600000000.0,2789500000000.0,2302700000000.0,3454000000000.0,3934000000000.0,3610100000000.0,2761100000000.0,3209500000000.0,3128600000000.0,3615300000000.0,2555900000000.0,2195200000000.0,2089800000000.0,2231300000000.0,1926700000000.0,1111800000000.0,1402400000000.0,2104900000000.0,2219900000000.0,1159600000000.0,1088500000000.0,1161000000000.0,890070000000.0,804590000000.0,1149400000000.0,84262000000.0,851470000000.0,491230000000.0,1584000000000.0,1203100000000.0,898260000000.0,1818200000000.0,1679600000000.0,1858200000000.0,1390000000000.0,717990000000.0,1109300000000.0,975840000000.0,1745000000000.0
44,B,False,1002200000000.0,1077000000000.0,1183400000000.0,1920700000000.0,1807100000000.0,1678900000000.0,1337700000000.0,1833400000000.0,1665400000000.0,1203600000000.0,1147500000000.0,922700000000.0,1325800000000.0,2130100000000.0,1200500000000.0,954850000000.0,1109200000000.0,1003300000000.0,942860000000.0,1064200000000.0,691630000000.0,1264600000000.0,750320000000.0,908520000000.0,761660000000.0,1117600000000.0,1484200000000.0,1445900000000.0,1632800000000.0,1339000000000.0,409270000000.0,976830000000.0,1007700000000.0,821800000000.0,862490000000.0,566290000000.0,479910000000.0,1014300000000.0,1515000000000.0,1439500000000.0,1540100000000.0,1359800000000.0,1104000000000.0,977520000000.0,1888700000000.0,708670000000.0,177250000000.0,377270000000.0,596430000000.0,1127100000000.0,903080000000.0,1077000000000.0,637070000000.0,1202900000000.0,360000000000.0,378030000000.0,392210000000.0,770900000000.0,742370000000.0,452180000000.0,164040000000.0,354640000000.0,65928000000.0,504920000000.0,599170000000.0,901280000000.0,511130000000.0,173490000000.0,475730000000.0,218040000000.0,379970000000.0,132200000000.0,609420000000.0,1126500000000.0,237610000000.0,1010000000000.0,972320000000.0,1024700000000.0,705560000000.0,1173700000000.0,1129100000000.0,865130000000.0,987890000000.0,810620000000.0,1368800000000.0,1227400000000.0,1695000000000.0,870300000000.0,1244800000000.0,1318300000000.0,1685200000000.0,1085700000000.0,1697200000000.0,1666800000000.0,1355700000000.0,809830000000.0,1162600000000.0,1108500000000.0,952060000000.0,572600000000.0,822850000000.0,528660000000.0,986790000000.0,702100000000.0,926850000000.0,1399200000000.0,1727600000000.0,1343700000000.0,1633900000000.0,1773400000000.0,1121500000000.0,1787400000000.0,1713000000000.0,1854400000000.0,2257400000000.0,2086800000000.0,1431400000000.0,1730000000000.0,1218600000000.0
45,B,False,2932500000000.0,4342100000000.0,3666500000000.0,4311900000000.0,4339600000000.0,5318200000000.0,5754800000000.0,4788000000000.0,4633700000000.0,4882600000000.0,3724200000000.0,3536300000000.0,3053100000000.0,3064600000000.0,3380000000000.0,2749700000000.0,3702200000000.0,3080400000000.0,3124900000000.0,4018100000000.0,2847700000000.0,2980400000000.0,2511900000000.0,1927900000000.0,2890600000000.0,2990100000000.0,2715600000000.0,2834200000000.0,3413700000000.0,3356600000000.0,2956700000000.0,2545800000000.0,2340400000000.0,1717100000000.0,1040900000000.0,2038800000000.0,2246600000000.0,2240700000000.0,2293800000000.0,2005800000000.0,1393500000000.0,2336800000000.0,3307700000000.0,2707800000000.0,3041100000000.0,1289600000000.0,2250800000000.0,2807300000000.0,2267700000000.0,1882700000000.0,1918000000000.0,1403600000000.0,1881500000000.0,2217600000000.0,1464500000000.0,1528200000000.0,2571200000000.0,1830900000000.0,2800000000000.0,1965600000000.0,2838900000000.0,2254700000000.0,2348200000000.0,2089700000000.0,2731100000000.0,2981100000000.0,2593600000000.0,3101500000000.0,2337200000000.0,1661700000000.0,1842400000000.0,1829400000000.0,2442600000000.0,2790100000000.0,2437300000000.0,2013100000000.0,1979000000000.0,1749200000000.0,1536900000000.0,1026600000000.0,1896700000000.0,1782100000000.0,1674200000000.0,2621800000000.0,1828900000000.0,2451900000000.0,2862000000000.0,2435000000000.0,1780000000000.0,2606900000000.0,2330500000000.0,2087400000000.0,2240600000000.0,2428400000000.0,1690700000000.0,1025500000000.0,1410900000000.0,1282700000000.0,1574300000000.0,1650900000000.0,1907100000000.0,1673200000000.0,2361900000000.0,2030600000000.0,2558900000000.0,1927000000000.0,1780800000000.0,2416200000000.0,1934900000000.0,1889900000000.0,1971200000000.0,1074000000000.0,1306000000000.0,1264200000000.0,1145700000000.0,1500100000000.0,1659500000000.0,1575200000000.0,1805000000000.0
46,B,False,1987100000000.0,745210000000.0,2191900000000.0,2153700000000.0,1457700000000.0,964990000000.0,1981700000000.0,1771900000000.0,871530000000.0,363860000000.0,873370000000.0,2070000000000.0,1365100000000.0,1003600000000.0,2060800000000.0,832560000000.0,511390000000.0,1069400000000.0,612100000000.0,853450000000.0,938370000000.0,971040000000.0,769090000000.0,771510000000.0,652480000000.0,1003500000000.0,450610000000.0,490550000000.0,627600000000.0,1498100000000.0,560990000000.0,490870000000.0,580730000000.0,608230000000.0,1414000000000.0,1065000000000.0,1410100000000.0,1340100000000.0,1169600000000.0,736540000000.0,664790000000.0,1759900000000.0,1294800000000.0,573940000000.0,649000000000.0,675780000000.0,651720000000.0,985480000000.0,1225300000000.0,623260000000.0,1137800000000.0,347970000000.0,228160000000.0,1028400000000.0,1636400000000.0,2392900000000.0,943140000000.0,2073100000000.0,817250000000.0,963150000000.0,782990000000.0,416400000000.0,450530000000.0,679550000000.0,1263500000000.0,880560000000.0,726780000000.0,862460000000.0,123020000000.0,907630000000.0,427130000000.0,959000000000.0,2199900000000.0,2872700000000.0,1769600000000.0,1120300000000.0,936550000000.0,2031400000000.0,1771200000000.0,344760000000.0,1024700000000.0,2665400000000.0,2409100000000.0,3738400000000.0,3821700000000.0,2256400000000.0,916060000000.0,1545600000000.0,3361600000000.0,3208200000000.0,2343100000000.0,1033600000000.0,1353900000000.0,2313800000000.0,999160000000.0,3283000000000.0,1339300000000.0,1267700000000.0,4542900000000.0,2630500000000.0,2230300000000.0,2314200000000.0,1459600000000.0,4530200000000.0,1870500000000.0,2549200000000.0,3581400000000.0,8659100000000.0,6717300000000.0,5585300000000.0,6271900000000.0,6403500000000.0,6405300000000.0,3533700000000.0,8423700000000.0,8268200000000.0,8449900000000.0,8982800000000.0,6901100000000.0
47,B,False,1487500000000.0,1639800000000.0,1336000000000.0,1339800000000.0,1310700000000.0,1285100000000.0,1854600000000.0,1933500000000.0,1802400000000.0,1705000000000.0,1550300000000.0,1189400000000.0,1652800000000.0,1146300000000.0,1502700000000.0,1544900000000.0,604310000000.0,1893000000000.0,2573200000000.0,1737600000000.0,1604500000000.0,1333500000000.0,1332200000000.0,1318800000000.0,1283000000000.0,1665400000000.0,2061200000000.0,1332900000000.0,1918900000000.0,2134300000000.0,2472900000000.0,1667400000000.0,1785600000000.0,1724200000000.0,2109500000000.0,2027800000000.0,1973000000000.0,1881500000000.0,1833900000000.0,1545800000000.0,1592200000000.0,1859200000000.0,1846900000000.0,1916800000000.0,2197600000000.0,2555800000000.0,2651800000000.0,2016400000000.0,2352400000000.0,2030100000000.0,1816000000000.0,2104300000000.0,2698900000000.0,1932200000000.0,2027300000000.0,2408300000000.0,2141600000000.0,2397500000000.0,2330600000000.0,2167300000000.0,2255600000000.0,2394200000000.0,1828800000000.0,1735300000000.0,1922000000000.0,1157000000000.0,2131400000000.0,1863100000000.0,1493800000000.0,1555500000000.0,1832600000000.0,1398700000000.0,2228300000000.0,1712700000000.0,1689700000000.0,886720000000.0,984080000000.0,1222100000000.0,1728400000000.0,2346200000000.0,2315100000000.0,1416500000000.0,2141700000000.0,1669800000000.0,1815500000000.0,1826700000000.0,1050300000000.0,2017800000000.0,2105800000000.0,1448900000000.0,1284300000000.0,740360000000.0,1677300000000.0,1763600000000.0,1469200000000.0,1136600000000.0,1053200000000.0,1549200000000.0,778200000000.0,903970000000.0,1153500000000.0,1764800000000.0,967520000000.0,620050000000.0,536790000000.0,838570000000.0,817790000000.0,751280000000.0,717560000000.0,783990000000.0,402640000000.0,404200000000.0,285380000000.0,482050000000.0,297190000000.0,372450000000.0,661930000000.0,801580000000.0,628710000000.0
48,B,False,320310000000.0,910840000000.0,937090000000.0,776110000000.0,309760000000.0,493360000000.0,709120000000.0,753590000000.0,696310000000.0,577920000000.0,442950000000.0,759080000000.0,694620000000.0,815230000000.0,882250000000.0,631120000000.0,776840000000.0,785520000000.0,859410000000.0,878570000000.0,775050000000.0,687000000000.0,719960000000.0,1089300000000.0,1005700000000.0,665930000000.0,833540000000.0,809150000000.0,582710000000.0,753130000000.0,524840000000.0,260380000000.0,574130000000.0,444040000000.0,114930000000.0,396340000000.0,288030000000.0,32717000000.0,275470000000.0,249600000000.0,461570000000.0,249390000000.0,346380000000.0,435600000000.0,307350000000.0,280410000000.0,657380000000.0,320370000000.0,30949000000.0,217410000000.0,249970000000.0,615810000000.0,556280000000.0,166560000000.0,217680000000.0,161510000000.0,219330000000.0,367190000000.0,36514000000.0,428700000000.0,313530000000.0,587000000000.0,445310000000.0,562050000000.0,768220000000.0,478410000000.0,1147200000000.0,751490000000.0,1004200000000.0,649500000000.0,765450000000.0,436090000000.0,536080000000.0,493630000000.0,253910000000.0,677240000000.0,523700000000.0,760230000000.0,1125600000000.0,651100000000.0,853130000000.0,708840000000.0,770860000000.0,910900000000.0,702540000000.0,859700000000.0,768310000000.0,668510000000.0,724500000000.0,863330000000.0,415070000000.0,724900000000.0,815560000000.0,1011000000000.0,750490000000.0,862060000000.0,705090000000.0,461920000000.0,488530000000.0,511810000000.0,360710000000.0,438510000000.0,455680000000.0,206770000000.0,371840000000.0,275060000000.0,336980000000.0,371050000000.0,450020000000.0,636110000000.0,439180000000.0,542730000000.0,1130800000000.0,492480000000.0,1026400000000.0,706950000000.0,1243500000000.0,938740000000.0,1008500000000.0
49,N,False,567110000000.0,536240000000.0,447560000000.0,502280000000.0,676650000000.0,632670000000.0,563560000000.0,809390000000.0,788450000000.0,527560000000.0,749350000000.0,514620000000.0,502610000000.0,579500000000.0,958480000000.0,598250000000.0,301190000000.0,705690000000.0,369410000000.0,687090000000.0,294890000000.0,487840000000.0,664600000000.0,945130000000.0,991650000000.0,648910000000.0,767240000000.0,115160000000.0,442070000000.0,271250000000.0,436790000000.0,49262000000.0,177060000000.0,802060000000.0,370330000000.0,182460000000.0,599160000000.0,627190000000.0,493670000000.0,297610000000.0,712980000000.0,396800000000.0,718920000000.0,360550000000.0,577070000000.0,440010000000.0,417640000000.0,655730000000.0,275820000000.0,288390000000.0,484450000000.0,435140000000.0,578930000000.0,532990000000.0,755130000000.0,858300000000.0,326020000000.0,713000000000.0,660950000000.0,917370000000.0,925770000000.0,829530000000.0,901470000000.0,1114200000000.0,918920000000.0,900620000000.0,1192600000000.0,892070000000.0,1062600000000.0,787400000000.0,934320000000.0,867250000000.0,892280000000.0,745950000000.0,773870000000.0,548240000000.0,746990000000.0,974190000000.0,477440000000.0,506650000000.0,646370000000.0,562450000000.0,351110000000.0,504060000000.0,453880000000.0,575490000000.0,363250000000.0,701100000000.0,694960000000.0,746610000000.0,684190000000.0,714500000000.0,568370000000.0,806950000000.0,488930000000.0,526650000000.0,868600000000.0,805220000000.0,581610000000.0,856430000000.0,921620000000.0,1163400000000.0,696650000000.0,911580000000.0,934660000000.0,968950000000.0,830410000000.0,951850000000.0,841640000000.0,768260000000.0,682920000000.0,553000000000.0,571230000000.0,709130000000.0,713640000000.0,582150000000.0,475510000000.0,674370000000.0,617130000000.0
50,N,False,650370000000.0,741320000000.0,637080000000.0,1059500000000.0,731980000000.0,492940000000.0,172880000000.0,570580000000.0,627510000000.0,753050000000.0,667350000000.0,631710000000.0,553220000000.0,455280000000.0,354980000000.0,534020000000.0,509790000000.0,546370000000.0,317670000000.0,398240000000.0,621680000000.0,639960000000.0,460790000000.0,532600000000.0,632720000000.0,846110000000.0,581950000000.0,371080000000.0,346340000000.0,542280000000.0,624710000000.0,346900000000.0,478560000000.0,538310000000.0,432660000000.0,465810000000.0,223610000000.0,353800000000.0,300580000000.0,251770000000.0,560590000000.0,515320000000.0,428910000000.0,175130000000.0,306140000000.0,460430000000.0,401410000000.0,551000000000.0,358240000000.0,217510000000.0,425740000000.0,402020000000.0,383170000000.0,245510000000.0,305730000000.0,415590000000.0,285140000000.0,393860000000.0,305780000000.0,202680000000.0,400690000000.0,201580000000.0,308290000000.0,366820000000.0,316630000000.0,382760000000.0,469480000000.0,284170000000.0,502760000000.0,283140000000.0,348290000000.0,340430000000.0,486110000000.0,366350000000.0,106110000000.0,305150000000.0,386410000000.0,171660000000.0,401380000000.0,383720000000.0,587380000000.0,317160000000.0,398530000000.0,208750000000.0,320250000000.0,464860000000.0,306720000000.0,374640000000.0,314640000000.0,392780000000.0,337260000000.0,460980000000.0,359340000000.0,439360000000.0,381590000000.0,285970000000.0,156550000000.0,148010000000.0,323060000000.0,329180000000.0,107670000000.0,334900000000.0,146540000000.0,226570000000.0,126800000000.0,275580000000.0,272920000000.0,242180000000.0,110510000000.0,119160000000.0,93836000000.0,47984000000.0,58322000000.0,54563000000.0,111170000000.0,257490000000.0,68674000000.0,213800000000.0,36775000000.0
51,N,False,475570000000.0,280670000000.0,337990000000.0,439380000000.0,556910000000.0,248040000000.0,302370000000.0,406390000000.0,519670000000.0,467680000000.0,212400000000.0,425410000000.0,544730000000.0,449920000000.0,267850000000.0,331460000000.0,592470000000.0,385170000000.0,302510000000.0,210250000000.0,173150000000.0,308510000000.0,374150000000.0,506560000000.0,94734000000.0,553740000000.0,250800000000.0,281210000000.0,399590000000.0,502510000000.0,308970000000.0,182160000000.0,316100000000.0,254090000000.0,451330000000.0,354950000000.0,511670000000.0,390530000000.0,524730000000.0,344200000000.0,624350000000.0,469930000000.0,605430000000.0,253720000000.0,370650000000.0,295840000000.0,261740000000.0,356920000000.0,370170000000.0,144520000000.0,358430000000.0,144700000000.0,407710000000.0,435130000000.0,382690000000.0,238270000000.0,344160000000.0,363200000000.0,689150000000.0,366390000000.0,644470000000.0,412950000000.0,535410000000.0,415010000000.0,266050000000.0,214090000000.0,69077000000.0,375710000000.0,278720000000.0,434170000000.0,417610000000.0,383060000000.0,592680000000.0,593580000000.0,468530000000.0,305270000000.0,234080000000.0,322230000000.0,393630000000.0,442560000000.0,553380000000.0,251580000000.0,648540000000.0,351920000000.0,559990000000.0,607870000000.0,204650000000.0,352690000000.0,632710000000.0,282290000000.0,486440000000.0,407180000000.0,224890000000.0,377950000000.0,316090000000.0,446180000000.0,426950000000.0,356720000000.0,264860000000.0,492160000000.0,476540000000.0,533480000000.0,627370000000.0,746440000000.0,438810000000.0,893830000000.0,414970000000.0,70040000000.0,469240000000.0,289510000000.0,454190000000.0,771680000000.0,765040000000.0,786310000000.0,970880000000.0,812610000000.0,666580000000.0,530230000000.0,534520000000.0
