,FLARE_TYPE,COINCIDENCE,TOTPOT_1,TOTPOT_2,TOTPOT_3,TOTPOT_4,TOTPOT_5,TOTPOT_6,TOTPOT_7,TOTPOT_8,TOTPOT_9,TOTPOT_10,TOTPOT_11,TOTPOT_12,TOTPOT_13,TOTPOT_14,TOTPOT_15,TOTPOT_16,TOTPOT_17,TOTPOT_18,TOTPOT_19,TOTPOT_20,TOTPOT_21,TOTPOT_22,TOTPOT_23,TOTPOT_24,TOTPOT_25,TOTPOT_26,TOTPOT_27,TOTPOT_28,TOTPOT_29,TOTPOT_30,TOTPOT_31,TOTPOT_32,TOTPOT_33,TOTPOT_34,TOTPOT_35,TOTPOT_36,TOTPOT_37,TOTPOT_38,TOTPOT_39,TOTPOT_40,TOTPOT_41,TOTPOT_42,TOTPOT_43,TOTPOT_44,TOTPOT_45,TOTPOT_46,TOTPOT_47,TOTPOT_48,TOTPOT_49,TOTPOT_50,TOTPOT_51,TOTPOT_52,TOTPOT_53,TOTPOT_54,TOTPOT_55,TOTPOT_56,TOTPOT_57,TOTPOT_58,TOTPOT_59,TOTPOT_60,TOTPOT_61,TOTPOT_62,TOTPOT_63,TOTPOT_64,TOTPOT_65,TOTPOT_66,TOTPOT_67,TOTPOT_68,TOTPOT_69,TOTPOT_70,TOTPOT_71,TOTPOT_72,TOTPOT_73,TOTPOT_74,TOTPOT_75,TOTPOT_76,TOTPOT_77,TOTPOT_78,TOTPOT_79,TOTPOT_80,TOTPOT_81,TOTPOT_82,TOTPOT_83,TOTPOT_84,TOTPOT_85,TOTPOT_86,TOTPOT_87,TOTPOT_88,TOTPOT_89,TOTPOT_90,TOTPOT_91,TOTPOT_92,TOTPOT_93,TOTPOT_94,TOTPOT_95,TOTPOT_96,TOTPOT_97,TOTPOT_98,TOTPOT_99,TOTPOT_100,TOTPOT_101,TOTPOT_102,TOTPOT_103,TOTPOT_104,TOTPOT_105,TOTPOT_106,TOTPOT_107,TOTPOT_108,TOTPOT_109,TOTPOT_110,TOTPOT_111,TOTPOT_112,TOTPOT_113,TOTPOT_114,TOTPOT_115,TOTPOT_116,TOTPOT_117,TOTPOT_118,TOTPOT_119
0,M,True,2.5771e+23,2.6306e+23,2.634e+23,2.5525e+23,2.5518e+23,2.6058e+23,2.6529e+23,2.6338e+23,2.6101e+23,2.5578e+23,2.5671e+23,2.5804e+23,2.6035e+23,2.5894e+23,2.4803e+23,2.6295e+23,2.4705e+23,2.4667e+23,2.4933e+23,2.4938e+23,2.4918e+23,2.5044e+23,2.491e+23,2.4762e+23,2.5249e+23,2.4838e+23,2.5176e+23,2.554e+23,2.5041e+23,2.5622e+23,2.4923e+23,2.5671e+23,2.5654e+23,2.582e+23,2.5756e+23,2.4691e+23,2.4819e+23,2.5066e+23,2.4909e+23,2.4995e+23,2.5778e+23,2.5896e+23,2.6114e+23,2.6381e+23,2.6225e+23,2.6674e+23,2.6093e+23,2.6447e+23,2.6619e+23,2.6529e+23,2.6801e+23,2.6696e+23,2.668e+23,2.6931e+23,2.6806e+23,2.6957e+23,2.6781e+23,2.6325e+23,2.6504e+23,2.6484e+23,2.6129e+23,2.6116e+23,2.625e+23,2.635e+23,2.6553e+23,2.6674e+23,2.6542e+23,2.6537e+23,2.6309e+23,2.6408e+23,2.645e+23,2.67e+23,2.6787e+23,2.6921e+23,2.6885e+23,2.7015e+23,2.7091e+23,2.6727e+23,2.6724e+23,2.6677e+23,2.7146e+23,2.7047e+23,2.7178e+23,2.7455e+23,2.7265e+23,2.7264e+23,2.7522e+23,2.7825e+23,2.8164e+23,2.8902e+23,2.8676e+23,2.9425e+23,3.0008e+23,3.0351e+23,3.0603e+23,3.0593e+23,3.1261e+23,3.1351e+23,3.1725e+23,3.2776e+23,3.2389e+23,3.4012e+23,3.3843e+23,3.3325e+23,3.3391e+23,3.3834e+23,3.4267e+23,3.3578e+23,3.359e+23,3.3591e+23,3.416e+23,3.4247e+23,3.4584e+23,3.4216e+23,3.401e+23,3.3908e+23,3.4483e+23,3.4569e+23,3.4597e+23
1,M,True,2.6801e+23,2.6696e+23,2.668e+23,2.6931e+23,2.6806e+23,2.6957e+23,2.6781e+23,2.6325e+23,2.6504e+23,2.6484e+23,2.6129e+23,2.6116e+23,2.625e+23,2.635e+23,2.6553e+23,2.6674e+23,2.6542e+23,2.6537e+23,2.6309e+23,2.6408e+23,2.645e+23,2.67e+23,2.6787e+23,2.6921e+23,2.6885e+23,2.7015e+23,2.7091e+23,2.6727e+23,2.6724e+23,2.6677e+23,2.7146e+23,2.7047e+23,2.7178e+23,2.7455e+23,2.7265e+23,2.7264e+23,2.7522e+23,2.7825e+23,2.8164e+23,2.8902e+23,2.8676e+23,2.9425e+23,3.0008e+23,3.0351e+23,3.0603e+23,3.0593e+23,3.1261e+23,3.1351e+23,3.1725e+23,3.2776e+23,3.2389e+23,3.4012e+23,3.3843e+23,3.3325e+23,3.3391e+23,3.3834e+23,3.4267e+23,3.3578e+23,3.359e+23,3.3591e+23,3.416e+23,3.4247e+23,3.4584e+23,3.4216e+23,3.401e+23,3.3908e+23,3.4483e+23,3.4569e+23,3.4597e+23,3.4213e+23,3.4869e+23,3.5806e+23,3.6648e+23,3.7031e+23,3.8298e+23,3.8655e+23,3.8942e+23,3.9473e+23,3.9453e+23,3.9799e+23,3.9271e+23,4.0219e+23,4.075e+23,3.9933e+23,3.864e+23,3.8238e+23,3.9509e+23,3.9989e+23,4.093e+23,4.0696e+23,4.1348e+23,4.0977e+23,4.1517e+23,4.0242e+23,4.0232e+23,4.0251e+23,4.1184e+23,4.1023e+23,4.0851e+23,4.2554e+23,4.3121e+23,4.574e+23,4.3959e+23,4.3983e+23,4.6777e+23,4.7586e+23,4.7524e+23,4.71e+23,4.6663e+23,4.7103e+23,4.9338e+23,5.052e+23,5.0808e+23,5.0911e+23,5.2119e+23,5.2998e+23,5.4081e+23,5.3936e+23,5.5413e+23
2,B,False,1.3314e+23,1.3719e+23,1.3688e+23,1.3671e+23,1.3329e+23,1.3367e+23,1.3471e+23,1.3356e+23,1.3418e+23,1.3523e+23,1.367e+23,1.3677e+23,1.3726e+23,1.3775e+23,1.3789e+23,1.367e+23,1.3633e+23,1.3248e+23,1.3443e+23,1.3564e+23,1.35e+23,1.3355e+23,1.3454e+23,1.3367e+23,1.3495e+23,1.3683e+23,1.3524e+23,1.3455e+23,1.3654e+23,1.371e+23,1.3556e+23,1.3754e+23,1.3725e+23,1.3624e+23,1.3634e+23,1.3692e+23,1.3955e+23,1.4072e+23,1.4095e+23,1.4216e+23,1.43e+23,1.4339e+23,1.405e+23,1.4116e+23,1.3907e+23,1.3865e+23,1.367e+23,1.3956e+23,1.3894e+23,1.3549e+23,1.3565e+23,1.357e+23,1.3653e+23,1.3694e+23,1.3427e+23,1.3373e+23,1.3522e+23,1.3659e+23,1.3558e+23,1.3361e+23,1.3178e+23,1.3092e+23,1.3122e+23,1.3026e+23,1.2815e+23,1.2791e+23,1.2686e+23,1.2763e+23,1.2717e+23,1.2855e+23,1.2947e+23,1.2923e+23,1.2904e+23,1.299e+23,1.2718e+23,1.2542e+23,1.2534e+23,1.2433e+23,1.2379e+23,1.2588e+23,1.2747e+23,1.2552e+23,1.2695e+23,1.2387e+23,1.2315e+23,1.2277e+23,1.2332e+23,1.243e+23,1.2245e+23,1.2226e+23,1.2309e+23,1.2349e+23,1.2174e+23,1.2094e+23,1.1941e+23,1.1872e+23,1.2175e+23,1.2052e+23,1.2056e+23,1.181e+23,1.172e+23,1.1812e+23,1.18e+23,1.1789e+23,1.1785e+23,1.1641e+23,1.177e+23,1.1738e+23,1.1606e+23,1.1416e+23,1.1331e+23,1.1156e+23,1.0915e+23,1.0893e+23,1.0688e+23,1.0616e+23,1.057e+23,1.036e+23,1.0233e+23
3,B,True,9.5919e+22,9.5747e+22,9.5416e+22,9.4567e+22,9.417e+22,9.2448e+22,9.3631e+22,9.366e+22,9.1362e+22,9.2333e+22,9.3665e+22,9.2328e+22,9.2344e+22,9.2724e+22,9.3704e+22,9.3306e+22,9.4559e+22,9.5909e+22,9.4465e+22,9.4221e+22,9.2649e+22,9.1408e+22,9.1811e+22,9.185e+22,9.2501e+22,9.3721e+22,9.5015e+22,9.4299e+22,9.3975e+22,9.377e+22,9.5111e+22,9.6669e+22,9.6469e+22,9.7646e+22,9.7061e+22,9.6879e+22,9.6353e+22,9.8353e+22,9.8735e+22,9.7077e+22,9.6466e+22,9.736e+22,9.6626e+22,9.655e+22,9.5282e+22,9.5631e+22,9.5871e+22,9.4932e+22,9.3972e+22,9.4494e+22,9.5652e+22,9.6353e+22,9.6452e+22,9.6243e+22,9.5796e+22,9.4628e+22,9.3565e+22,9.4207e+22,9.2943e+22,9.2607e+22,9.2854e+22,9.2566e+22,9.2131e+22,9.2802e+22,9.2477e+22,9.2351e+22,9.1448e+22,9.003e+22,9.0615e+22,9.0845e+22,9.3144e+22,9.1113e+22,9.174e+22,9.2711e+22,9.1967e+22,9.2356e+22,9.0918e+22,9.1843e+22,8.9613e+22,9.0353e+22,8.9789e+22,8.8558e+22,8.9107e+22,8.9273e+22,9.0042e+22,8.988e+22,8.792e+22,8.6879e+22,8.5075e+22,8.3321e+22,8.4273e+22,8.4435e+22,8.2915e+22,8.2821e+22,8.2378e+22,8.0727e+22,8.1325e+22,8.0963e+22,8.1233e+22,8.07e+22,8.0731e+22,8.3719e+22,8.2736e+22,8.1577e+22,8.1706e+22,8.1253e+22,8.2003e+22,8.0897e+22,8.0951e+22,7.9627e+22,7.8482e+22,8.052e+22,7.921e+22,7.8829e+22,7.786e+22,7.7464e+22,7.7279e+22,7.5713e+22,7.483e+22
4,B,True,7.2872e+21,7.2213e+21,6.9131e+21,6.1351e+21,6.4037e+21,6.987e+21,6.6639e+21,6.3509e+21,6.6118e+21,6.8525e+21,6.805e+21,6.8392e+21,7.7285e+21,7.7505e+21,7.2707e+21,7.3636e+21,8.1637e+21,7.2179e+21,7.8012e+21,7.3967e+21,7.2966e+21,7.6394e+21,8.132e+21,8.5017e+21,8.0065e+21,7.8632e+21,8.0475e+21,8.1131e+21,8.1282e+21,8.8e+21,9.045e+21,1.0072e+22,9.6872e+21,8.888e+21,9.5376e+21,9.5359e+21,9.6318e+21,9.157e+21,9.1101e+21,8.8339e+21,9.2112e+21,9.373e+21,9.69e+21,1.0054e+22,9.9665e+21,1.0191e+22,1.0162e+22,1.1354e+22,1.1847e+22,1.1654e+22,1.1745e+22,1.2146e+22,1.2776e+22,1.3311e+22,1.5269e+22,1.5025e+22,1.4874e+22,1.4261e+22,1.4784e+22,1.4671e+22,1.4878e+22,1.5847e+22,1.6288e+22,1.6466e+22,1.6981e+22,1.6846e+22,1.6389e+22,1.6325e+22,1.6885e+22,1.6599e+22,1.6745e+22,1.6515e+22,1.5964e+22,1.669e+22,1.716e+22,1.7473e+22,1.7964e+22,1.8125e+22,1.7311e+22,1.69e+22,1.7213e+22,1.8562e+22,1.8341e+22,1.8803e+22,1.8453e+22,1.8986e+22,2.0115e+22,2.0247e+22,2.0791e+22,2.0554e+22,2.1509e+22,2.1024e+22,2.1752e+22,2.2313e+22,2.2583e+22,2.3626e+22,2.4891e+22,2.5667e+22,2.8504e+22,2.9241e+22,2.9677e+22,3.1251e+22,3.247e+22,3.2323e+22,3.1588e+22,3.2431e+22,3.3652e+22,3.3034e+22,3.3802e+22,3.3481e+22,3.637e+22,3.5881e+22,3.4301e+22,3.5513e+22,3.4517e+22,3.6275e+22,3.7662e+22,3.6697e+22,3.6889e+22
5,B,True,1.8696e+22,1.8554e+22,1.8802e+22,1.8613e+22,1.8486e+22,1.8398e+22,1.8029e+22,1.7733e+22,1.8153e+22,1.7283e+22,1.7597e+22,1.7887e+22,1.7787e+22,1.7754e+22,1.815e+22,1.8342e+22,1.7896e+22,1.8128e+22,1.8217e+22,1.8282e+22,1.8079e+22,1.7866e+22,1.7816e+22,1.7591e+22,1.7745e+22,1.7329e+22,1.7475e+22,1.7697e+22,1.7977e+22,1.7743e+22,1.7739e+22,1.8079e+22,1.8338e+22,1.8142e+22,1.8254e+22,1.8869e+22,1.9487e+22,2.0599e+22,2.0391e+22,2.0206e+22,2.1894e+22,2.1735e+22,2.1912e+22,2.2774e+22,2.3573e+22,2.277e+22,2.3824e+22,2.4957e+22,2.6788e+22,2.8983e+22,2.927e+22,3.0436e+22,3.0189e+22,3.0013e+22,2.9843e+22,3.1658e+22,3.0344e+22,3.0962e+22,3.2123e+22,3.3642e+22,3.3249e+22,3.4522e+22,3.4043e+22,3.4024e+22,3.6043e+22,3.6744e+22,3.7098e+22,3.7874e+22,3.9485e+22,4.0273e+22,4.1797e+22,4.3398e+22,4.3065e+22,4.3424e+22,4.2744e+22,4.3097e+22,4.3257e+22,4.4095e+22,4.5782e+22,4.6288e+22,4.7886e+22,4.7619e+22,4.8131e+22,5.0194e+22,5.1293e+22,5.2786e+22,5.5378e+22,5.6934e+22,6.1002e+22,6.0093e+22,6.3124e+22,6.5433e+22,6.8581e+22,6.8055e+22,6.8915e+22,7.1879e+22,7.4713e+22,7.5897e+22,7.8433e+22,7.8436e+22,8.006e+22,8.3275e+22,8.4592e+22,8.4424e+22,8.5582e+22,8.6413e+22,8.7649e+22,8.836e+22,8.8352e+22,8.8745e+22,8.6803e+22,8.7353e+22,8.7532e+22,8.7324e+22,8.9115e+22,8.8961e+22,9.0271e+22,9.139e+22,9.1367e+22
6,B,False,2.7828e+22,2.7983e+22,2.7106e+22,2.7411e+22,2.649e+22,2.6601e+22,2.6332e+22,2.6547e+22,2.6809e+22,2.6561e+22,2.6204e+22,2.5838e+22,2.5462e+22,2.5014e+22,2.4556e+22,2.4041e+22,2.3839e+22,2.3385e+22,2.3744e+22,2.3567e+22,2.3605e+22,2.3616e+22,2.3362e+22,2.2752e+22,2.2387e+22,2.2958e+22,2.2438e+22,2.2054e+22,2.1968e+22,2.1521e+22,2.1546e+22,2.0397e+22,2.0868e+22,2.1077e+22,2.0418e+22,2.0201e+22,2.0334e+22,1.9776e+22,1.9394e+22,1.9375e+22,1.9502e+22,1.9503e+22,1.8958e+22,1.8768e+22,1.8773e+22,1.8352e+22,1.8382e+22,1.7601e+22,1.7436e+22,1.7507e+22,1.7625e+22,1.7702e+22,1.7343e+22,1.7644e+22,1.7294e+22,1.7287e+22,1.7686e+22,1.7691e+22,1.7646e+22,1.7527e+22,1.7031e+22,1.6881e+22,1.6981e+22,1.7226e+22,1.7277e+22,1.6913e+22,1.7003e+22,1.6365e+22,1.6842e+22,1.5831e+22,1.6229e+22,1.5372e+22,1.5718e+22,1.538e+22,1.5036e+22,1.505e+22,1.4354e+22,1.4378e+22,1.4473e+22,1.4465e+22,1.4565e+22,1.4721e+22,1.5043e+22,1.4765e+22,1.4948e+22,1.4697e+22,1.4333e+22,1.4315e+22,1.4859e+22,1.4722e+22,1.4893e+22,1.4692e+22,1.4585e+22,1.4876e+22,1.4289e+22,1.443e+22,1.4147e+22,1.3776e+22,1.4265e+22,1.3947e+22,1.3752e+22,1.3701e+22,1.3329e+22,1.3814e+22,1.3787e+22,1.3654e+22,1.2968e+22,1.3356e+22,1.2809e+22,1.2238e+22,1.2276e+22,1.2008e+22,1.2271e+22,1.1816e+22,1.1872e+22,1.1928e+22,1.173e+22,1.1738e+22,1.2327e+22
7,B,False,2.0095e+23,2.0245e+23,2.0452e+23,2.054e+23,2.0735e+23,2.0908e+23,2.0816e+23,2.0861e+23,2.0797e+23,2.0797e+23,2.0809e+23,2.0825e+23,2.0869e+23,2.0778e+23,2.0834e+23,2.0739e+23,2.0397e+23,2.0386e+23,2.0321e+23,2.0243e+23,2.0303e+23,2.0412e+23,2.0428e+23,2.0326e+23,2.0324e+23,2.0586e+23,2.0409e+23,2.0417e+23,2.0353e+23,2.0406e+23,2.0469e+23,2.0462e+23,2.0409e+23,2.0366e+23,2.0528e+23,2.0681e+23,2.0673e+23,2.0641e+23,2.0745e+23,2.0697e+23,2.0842e+23,2.0785e+23,2.0761e+23,2.0794e+23,2.0788e+23,2.06e+23,2.0505e+23,2.0709e+23,2.0619e+23,2.0823e+23,2.0578e+23,2.0718e+23,2.0683e+23,2.0569e+23,2.0581e+23,2.076e+23,2.0785e+23,2.0856e+23,2.0873e+23,2.1018e+23,2.1013e+23,2.0983e+23,2.0904e+23,2.072e+23,2.0742e+23,2.0809e+23,2.0598e+23,2.0322e+23,2.0364e+23,2.0429e+23,2.025e+23,2.0211e+23,2.02e+23,2.0191e+23,2.0173e+23,1.9895e+23,2.0042e+23,1.9913e+23,1.9904e+23,1.9961e+23,1.9971e+23,1.9804e+23,1.9755e+23,1.9713e+23,1.9683e+23,1.9769e+23,1.9653e+23,1.9709e+23,1.9805e+23,1.9971e+23,1.9843e+23,1.9793e+23,1.9761e+23,1.9843e+23,1.9949e+23,1.9864e+23,1.9926e+23,1.9905e+23,1.9741e+23,1.9592e+23,1.9723e+23,1.9658e+23,1.9649e+23,1.9495e+23,1.9423e+23,1.9547e+23,1.9648e+23,1.98e+23,1.9705e+23,1.9677e+23,1.9765e+23,1.9821e+23,1.9716e+23,1.9644e+23,1.9788e+23,1.9951e+23,1.9825e+23,1.9895e+23,1.9908e+23
8,B,False,6.6594e+22,6.6856e+22,6.8524e+22,6.9825e+22,6.8056e+22,6.7305e+22,6.7372e+22,6.8306e+22,6.9051e+22,7.0583e+22,7.0053e+22,7.0926e+22,7.0157e+22,7.0268e+22,7.1198e+22,6.8979e+22,6.7712e+22,7.0593e+22,7.1512e+22,7.2406e+22,7.0098e+22,7.1446e+22,7.2159e+22,7.4154e+22,7.317e+22,7.3927e+22,7.3926e+22,7.6075e+22,7.577e+22,7.6001e+22,7.5381e+22,7.7057e+22,7.6458e+22,7.637e+22,7.7959e+22,7.8635e+22,7.6535e+22,7.9808e+22,7.9303e+22,8.192e+22,8.1571e+22,8.2162e+22,8.1943e+22,8.4834e+22,8.298e+22,8.2294e+22,8.1588e+22,8.0572e+22,7.9586e+22,8.306e+22,8.2716e+22,8.7058e+22,8.6735e+22,8.8269e+22,8.805e+22,8.858e+22,8.7704e+22,8.8762e+22,8.7416e+22,8.9166e+22,8.9389e+22,9.2166e+22,9.2435e+22,9.3894e+22,9.1898e+22,9.597e+22,9.5447e+22,9.5695e+22,9.8005e+22,9.7876e+22,9.8776e+22,1.0027e+23,1.0217e+23,1.028e+23,1.0382e+23,1.0455e+23,1.0318e+23,1.0988e+23,1.1015e+23,1.0901e+23,1.0764e+23,1.0863e+23,1.1128e+23,1.1158e+23,1.1241e+23,1.1326e+23,1.1901e+23,1.195e+23,1.219e+23,1.2265e+23,1.2229e+23,1.2228e+23,1.2153e+23,1.2507e+23,1.2726e+23,1.3029e+23,1.3249e+23,1.3133e+23,1.3421e+23,1.3284e+23,1.3285e+23,1.341e+23,1.368e+23,1.3286e+23,1.3307e+23,1.2958e+23,1.2792e+23,1.2605e+23,1.2641e+23,1.2661e+23,1.2741e+23,1.2938e+23,1.3135e+23,1.3178e+23,1.3261e+23,1.3249e+23,1.3261e+23,1.3133e+23,1.3534e+23
9,B,False,1.7512e+23,1.7193e+23,1.7161e+23,1.7119e+23,1.6905e+23,1.6807e+23,1.6982e+23,1.704e+23,1.6982e+23,1.6941e+23,1.6671e+23,1.6793e+23,1.6728e+23,1.6709e+23,1.6822e+23,1.665e+23,1.6623e+23,1.6663e+23,1.6576e+23,1.6643e+23,1.6632e+23,1.6437e+23,1.6119e+23,1.6021e+23,1.6062e+23,1.5968e+23,1.5811e+23,1.5768e+23,1.5564e+23,1.566e+23,1.5964e+23,1.6167e+23,1.6142e+23,1.6122e+23,1.6105e+23,1.6121e+23,1.6384e+23,1.6522e+23,1.6475e+23,1.6422e+23,1.6526e+23,1.6331e+23,1.621e+23,1.6356e+23,1.6346e+23,1.6329e+23,1.6057e+23,1.595e+23,1.6012e+23,1.6052e+23,1.6094e+23,1.5984e+23,1.5849e+23,1.5752e+23,1.5667e+23,1.5719e+23,1.5757e+23,1.5638e+23,1.564e+23,1.5533e+23,1.53e+23,1.5366e+23,1.542e+23,1.5422e+23,1.5407e+23,1.5507e+23,1.5659e+23,1.5881e+23,1.604e+23,1.5931e+23,1.5646e+23,1.5664e+23,1.5491e+23,1.5347e+23,1.5394e+23,1.5178e+23,1.503e+23,1.4892e+23,1.4836e+23,1.4732e+23,1.4749e+23,1.4705e+23,1.4398e+23,1.4386e+23,1.4298e+23,1.4336e+23,1.4382e+23,1.4351e+23,1.4496e+23,1.4556e+23,1.4589e+23,1.4588e+23,1.4677e+23,1.4747e+23,1.4755e+23,1.4749e+23,1.4662e+23,1.4604e+23,1.4626e+23,1.4376e+23,1.4272e+23,1.4393e+23,1.4281e+23,1.4217e+23,1.4123e+23,1.4148e+23,1.3962e+23,1.402e+23,1.4086e+23,1.4106e+23,1.3979e+23,1.3761e+23,1.3651e+23,1.3514e+23,1.3427e+23,1.3357e+23,1.3204e+23,1.3287e+23,1.3152e+23
10,B,True,6.6293e+23,6.6178e+23,6.5954e+23,6.5985e+23,6.6084e+23,6.6206e+23,6.6423e+23,6.6729e+23,6.6709e+23,6.7095e+23,6.7154e+23,6.746e+23,6.7718e+23,6.7394e+23,6.7425e+23,6.7461e+23,6.733e+23,6.7066e+23,6.7267e+23,6.7346e+23,6.7279e+23,6.7316e+23,6.7169e+23,6.7151e+23,6.7185e+23,6.7335e+23,6.7451e+23,6.7521e+23,6.7518e+23,6.7333e+23,6.6985e+23,6.6879e+23,6.6729e+23,6.6591e+23,6.6801e+23,6.6746e+23,6.6894e+23,6.6892e+23,6.6701e+23,6.6582e+23,6.6861e+23,6.6713e+23,6.6519e+23,6.6509e+23,6.6515e+23,6.6344e+23,6.6199e+23,6.6183e+23,6.6144e+23,6.5958e+23,6.5658e+23,6.5531e+23,6.5522e+23,6.5434e+23,6.5656e+23,6.5979e+23,6.6215e+23,6.6505e+23,6.6443e+23,6.6762e+23,6.6881e+23,6.6754e+23,6.6788e+23,6.687e+23,6.6935e+23,6.6967e+23,6.6911e+23,6.6613e+23,6.6488e+23,6.6606e+23,6.6646e+23,6.639e+23,6.6312e+23,6.6286e+23,6.626e+23,6.6211e+23,6.6141e+23,6.5914e+23,6.5914e+23,6.5798e+23,6.5771e+23,6.5697e+23,6.5763e+23,6.5734e+23,6.5855e+23,6.554e+23,6.5312e+23,6.499e+23,6.4801e+23,6.4935e+23,6.4903e+23,6.4748e+23,6.4834e+23,6.4925e+23,6.515e+23,6.5051e+23,6.5119e+23,6.4985e+23,6.473e+23,6.5027e+23,6.5084e+23,6.5261e+23,6.5363e+23,6.531e+23,6.5445e+23,6.5351e+23,6.5187e+23,6.5261e+23,6.5354e+23,6.5682e+23,6.5633e+23,6.582e+23,6.5779e+23,6.5819e+23,6.5344e+23,6.5265e+23,6.4995e+23,6.4871e+23,6.4879e+23
11,B,True,1.796e+23,1.7619e+23,1.7313e+23,1.6883e+23,1.6795e+23,1.6696e+23,1.6661e+23,1.6489e+23,1.6494e+23,1.6236e+23,1.6397e+23,1.6518e+23,1.6568e+23,1.6443e+23,1.6584e+23,1.6749e+23,1.7094e+23,1.7282e+23,1.7514e+23,1.7446e+23,1.7281e+23,1.7243e+23,1.7042e+23,1.6639e+23,1.6445e+23,1.6279e+23,1.622e+23,1.6043e+23,1.5733e+23,1.5614e+23,1.5636e+23,1.5645e+23,1.5581e+23,1.5524e+23,1.5462e+23,1.5551e+23,1.5584e+23,1.56e+23,1.55e+23,1.5509e+23,1.5559e+23,1.5471e+23,1.5521e+23,1.559e+23,1.5612e+23,1.5642e+23,1.5648e+23,1.5507e+23,1.5502e+23,1.5616e+23,1.5508e+23,1.5603e+23,1.5851e+23,1.5999e+23,1.6041e+23,1.6261e+23,1.6454e+23,1.646e+23,1.6572e+23,1.6809e+23,1.7007e+23,1.7105e+23,1.7091e+23,1.7087e+23,1.6982e+23,1.6891e+23,1.6408e+23,1.624e+23,1.6341e+23,1.6192e+23,1.6279e+23,1.6232e+23,1.6299e+23,1.6419e+23,1.6515e+23,1.6586e+23,1.6743e+23,1.6895e+23,1.7176e+23,1.7238e+23,1.7256e+23,1.7348e+23,1.7321e+23,1.736e+23,1.7304e+23,1.7001e+23,1.7007e+23,1.6975e+23,1.6855e+23,1.6787e+23,1.6769e+23,1.6834e+23,1.6904e+23,1.6708e+23,1.6745e+23,1.6903e+23,1.6872e+23,1.6545e+23,1.6548e+23,1.6669e+23,1.6624e+23,1.666e+23,1.6624e+23,1.675e+23,1.6653e+23,1.648e+23,1.6494e+23,1.6601e+23,1.6599e+23,1.6661e+23,1.6625e+23,1.662e+23,1.6656e+23,1.6442e+23,1.6479e+23,1.6464e+23,1.6565e+23,1.651e+23,1.6407e+23
12,B,True,5.4913e+22,5.4744e+22,5.515e+22,5.5275e+22,5.5588e+22,5.5453e+22,5.3932e+22,5.3316e+22,5.351e+22,5.3142e+22,5.1825e+22,5.0981e+22,5.0407e+22,4.9816e+22,4.995e+22,5.0239e+22,4.8898e+22,4.8642e+22,4.9069e+22,4.9751e+22,5.0809e+22,5.0506e+22,5.0915e+22,5.112e+22,5.3014e+22,5.3866e+22,5.4391e+22,5.3267e+22,5.417e+22,5.4747e+22,5.3209e+22,5.3201e+22,5.6033e+22,5.5486e+22,5.6214e+22,5.6241e+22,5.5866e+22,5.6566e+22,5.7035e+22,5.5533e+22,5.3898e+22,5.2207e+22,5.3111e+22,5.0279e+22,4.9282e+22,4.9491e+22,4.9901e+22,5.0657e+22,4.8944e+22,4.7211e+22,4.8e+22,4.7164e+22,4.7453e+22,4.7438e+22,4.7033e+22,4.7142e+22,4.7289e+22,4.8668e+22,4.8237e+22,4.8792e+22,5.0571e+22,5.0765e+22,5.111e+22,5.1578e+22,5.1859e+22,5.2328e+22,5.1739e+22,5.0577e+22,5.0986e+22,5.138e+22,5.1066e+22,5.0328e+22,5.0227e+22,4.9892e+22,4.994e+22,4.9582e+22,4.9353e+22,4.9146e+22,4.8612e+22,4.9746e+22,4.9735e+22,4.9346e+22,5.0367e+22,5.1142e+22,5.0726e+22,5.0607e+22,5.1568e+22,5.102e+22,5.17e+22,5.1588e+22,5.2232e+22,5.2049e+22,5.2732e+22,5.2376e+22,5.1839e+22,5.0583e+22,5.0292e+22,4.8617e+22,4.8189e+22,4.8435e+22,4.7711e+22,4.787e+22,4.823e+22,4.7769e+22,4.6808e+22,4.7186e+22,4.6798e+22,4.6314e+22,4.5945e+22,4.4898e+22,4.4635e+22,4.4245e+22,4.3802e+22,4.3714e+22,4.4085e+22,4.4515e+22,4.4013e+22,4.3877e+22,4.4021e+22
13,B,True,1.0284e+22,9.9684e+21,9.8677e+21,1.0081e+22,1.0134e+22,9.938e+21,9.7912e+21,9.8969e+21,1.0142e+22,1.0179e+22,9.8593e+21,9.8563e+21,1.005e+22,1.0208e+22,1.0209e+22,1.0148e+22,1.0496e+22,1.0437e+22,1.0375e+22,9.818e+21,9.7498e+21,9.661e+21,9.9986e+21,9.6951e+21,9.3821e+21,9.5393e+21,9.3231e+21,9.324e+21,9.444e+21,9.4224e+21,9.301e+21,9.1459e+21,9.0543e+21,9.0892e+21,9.166e+21,9.3044e+21,9.4466e+21,9.4851e+21,9.9025e+21,9.7142e+21,1.0019e+22,9.8186e+21,9.624e+21,9.7652e+21,1.005e+22,9.736e+21,9.8654e+21,9.9235e+21,9.8531e+21,9.4025e+21,9.6426e+21,9.2714e+21,9.1151e+21,9.2106e+21,9.2237e+21,9.0921e+21,9.087e+21,8.7436e+21,8.9306e+21,8.7947e+21,8.7239e+21,8.9753e+21,8.7354e+21,8.5653e+21,8.4828e+21,8.5216e+21,8.4683e+21,8.5339e+21,8.5222e+21,8.5182e+21,8.3929e+21,8.7624e+21,8.6057e+21,8.6202e+21,8.4018e+21,8.2168e+21,8.069e+21,8.2393e+21,8.2975e+21,8.4558e+21,8.2913e+21,7.9574e+21,7.9694e+21,8.2247e+21,8.35e+21,8.3026e+21,8.1708e+21,8.19e+21,8.1398e+21,8.0133e+21,8.0925e+21,7.9225e+21,7.7779e+21,7.9024e+21,8.0258e+21,7.8858e+21,7.9287e+21,7.6277e+21,7.65e+21,7.8936e+21,7.8877e+21,7.5249e+21,7.6728e+21,7.7244e+21,7.6179e+21,7.6108e+21,7.7721e+21,7.8045e+21,7.7549e+21,7.7564e+21,7.8049e+21,7.7327e+21,7.8286e+21,7.7849e+21,7.7888e+21,7.695e+21,7.6966e+21,7.9358e+21,7.9502e+21
14,B,True,4.3552e+22,4.3204e+22,4.3386e+22,4.3905e+22,4.5193e+22,4.5103e+22,4.3826e+22,4.4282e+22,4.3684e+22,4.3961e+22,4.3968e+22,4.3582e+22,4.3305e+22,4.3053e+22,4.2267e+22,4.2075e+22,4.2104e+22,4.215e+22,4.2573e+22,4.2757e+22,4.2549e+22,4.2567e+22,4.2432e+22,4.206e+22,4.2668e+22,4.222e+22,4.206e+22,4.2512e+22,4.3172e+22,4.2603e+22,4.2948e+22,4.3435e+22,4.353e+22,4.4182e+22,4.3977e+22,4.3334e+22,4.3341e+22,4.3141e+22,4.3618e+22,4.4005e+22,4.4242e+22,4.3893e+22,4.3542e+22,4.3059e+22,4.338e+22,4.329e+22,4.4236e+22,4.4974e+22,4.5063e+22,4.4197e+22,4.4796e+22,4.5351e+22,4.5702e+22,4.4999e+22,4.4812e+22,4.4504e+22,4.4843e+22,4.4841e+22,4.5681e+22,4.7041e+22,4.5978e+22,4.7994e+22,4.8068e+22,4.7487e+22,4.795e+22,4.7473e+22,4.9011e+22,5.0131e+22,4.9944e+22,5.2249e+22,5.3071e+22,5.3155e+22,5.0979e+22,5.0178e+22,5.1599e+22,5.1477e+22,5.2992e+22,5.2221e+22,5.1304e+22,5.2011e+22,5.1827e+22,5.1393e+22,5.1996e+22,5.1514e+22,5.0961e+22,5.2197e+22,5.3391e+22,5.4497e+22,5.5284e+22,5.4758e+22,5.444e+22,5.662e+22,5.7482e+22,5.8388e+22,5.7356e+22,5.711e+22,5.7729e+22,5.9301e+22,6.0881e+22,5.7678e+22,5.6769e+22,5.7727e+22,5.8725e+22,5.8036e+22,5.9239e+22,5.8981e+22,5.865e+22,5.8944e+22,5.7403e+22,5.7413e+22,5.8541e+22,5.9624e+22,6.1455e+22,6.1472e+22,6.1969e+22,6.3078e+22,6.2596e+22,6.3055e+22,6.3746e+22
15,B,True,2.0241e+23,2.0172e+23,2.0262e+23,2.0215e+23,2.0163e+23,2.0039e+23,2.01e+23,2.0274e+23,2.0345e+23,2.0209e+23,2.0228e+23,2.0032e+23,2.0056e+23,2.0216e+23,2.0384e+23,2.055e+23,2.0452e+23,2.0402e+23,2.0433e+23,2.0705e+23,2.0785e+23,2.0672e+23,2.0755e+23,2.0821e+23,2.0843e+23,2.1127e+23,2.1201e+23,2.1312e+23,2.1432e+23,2.1367e+23,2.1375e+23,2.1193e+23,2.1209e+23,2.1084e+23,2.1067e+23,2.0984e+23,2.0871e+23,2.067e+23,2.0642e+23,2.0903e+23,2.0943e+23,2.106e+23,2.077e+23,2.0568e+23,2.0662e+23,2.0708e+23,2.0665e+23,2.0847e+23,2.0889e+23,2.0794e+23,2.0799e+23,2.0891e+23,2.0964e+23,2.1096e+23,2.0853e+23,2.0869e+23,2.0856e+23,2.0864e+23,2.076e+23,2.0676e+23,2.0644e+23,2.0525e+23,2.0602e+23,2.052e+23,2.0535e+23,2.0311e+23,2.0358e+23,2.0367e+23,2.0451e+23,2.0338e+23,2.019e+23,2.0094e+23,2.0027e+23,1.9976e+23,1.9874e+23,1.9902e+23,1.9783e+23,1.9725e+23,1.9784e+23,2e+23,2.0105e+23,1.9759e+23,1.9648e+23,1.9466e+23,1.9441e+23,1.9613e+23,1.9653e+23,1.9662e+23,1.9635e+23,1.9559e+23,1.9513e+23,1.933e+23,1.9228e+23,1.9219e+23,1.9192e+23,1.9029e+23,1.8931e+23,1.8974e+23,1.8935e+23,1.8857e+23,1.8837e+23,1.8892e+23,1.8855e+23,1.8874e+23,1.8586e+23,1.8491e+23,1.8511e+23,1.8496e+23,1.8304e+23,1.8254e+23,1.8288e+23,1.807e+23,1.7953e+23,1.793e+23,1.8029e+23,1.812e+23,1.8151e+23,1.8057e+23,1.8108e+23
16,B,True,4.0124e+22,3.9593e+22,3.9666e+22,3.9651e+22,3.8713e+22,3.9141e+22,3.8658e+22,3.8303e+22,3.8049e+22,3.8685e+22,3.8973e+22,3.8848e+22,3.8849e+22,3.9089e+22,3.9045e+22,3.9052e+22,3.9213e+22,3.9011e+22,3.8885e+22,3.8189e+22,3.7953e+22,3.7875e+22,3.7043e+22,3.6705e+22,3.6171e+22,3.6466e+22,3.5947e+22,3.5976e+22,3.5697e+22,3.5003e+22,3.6106e+22,3.578e+22,3.5155e+22,3.4792e+22,3.4408e+22,3.4432e+22,3.4245e+22,3.5146e+22,3.4359e+22,3.3923e+22,3.4073e+22,3.3867e+22,3.4483e+22,3.4067e+22,3.4086e+22,3.4353e+22,3.3017e+22,3.3263e+22,3.4312e+22,3.363e+22,3.3176e+22,3.3632e+22,3.3463e+22,3.344e+22,3.3743e+22,3.3746e+22,3.3738e+22,3.3794e+22,3.3764e+22,3.3619e+22,3.3689e+22,3.3443e+22,3.3682e+22,3.2906e+22,3.2979e+22,3.2e+22,3.1745e+22,3.2529e+22,3.1974e+22,3.1378e+22,3.1012e+22,3.1702e+22,3.1674e+22,3.0897e+22,3.1042e+22,3.0939e+22,3.0818e+22,3.0224e+22,3.0697e+22,3.0689e+22,3.0123e+22,2.9907e+22,3.0178e+22,2.9991e+22,3.0681e+22,3.0976e+22,3.0998e+22,3.0842e+22,3.0965e+22,3.124e+22,3.1262e+22,3.0774e+22,3.087e+22,3.0714e+22,3.0918e+22,3.1174e+22,3.1484e+22,3.117e+22,3.0409e+22,2.9873e+22,2.998e+22,3.0237e+22,3.0033e+22,2.9863e+22,2.9871e+22,3.006e+22,3.0793e+22,3.0229e+22,2.9785e+22,2.9873e+22,3.0278e+22,3.03e+22,3.0489e+22,3.123e+22,3.1715e+22,3.2081e+22,3.3045e+22,3.3078e+22,3.3449e+22
17,B,False,7.1194e+22,7.1642e+22,7.1627e+22,7.3633e+22,7.4999e+22,7.4471e+22,7.458e+22,7.4367e+22,7.3958e+22,7.2969e+22,7.1876e+22,7.3368e+22,7.2668e+22,7.2929e+22,7.1606e+22,7.0897e+22,7.0909e+22,7.0143e+22,7.0148e+22,6.9851e+22,7.0716e+22,7.1898e+22,7.0997e+22,7.0373e+22,7.051e+22,7.0178e+22,7.0946e+22,7.0854e+22,7.2264e+22,7.367e+22,7.3477e+22,7.3221e+22,7.183e+22,7.168e+22,7.3285e+22,7.2942e+22,7.3663e+22,7.4282e+22,7.3726e+22,7.3405e+22,7.433e+22,7.3399e+22,7.2959e+22,7.2852e+22,7.3256e+22,7.1104e+22,7.013e+22,7.0254e+22,6.9592e+22,6.9565e+22,6.7598e+22,6.7105e+22,6.6258e+22,6.5814e+22,6.5362e+22,6.5819e+22,6.5326e+22,6.321e+22,6.1983e+22,6.2148e+22,6.2182e+22,6.1476e+22,6.0223e+22,5.9576e+22,5.8822e+22,5.8703e+22,5.8462e+22,5.6637e+22,5.655e+22,5.6082e+22,5.6522e+22,5.6496e+22,5.4542e+22,5.4282e+22,5.3512e+22,5.3445e+22,5.3786e+22,5.3439e+22,5.2393e+22,5.206e+22,5.1237e+22,5.047e+22,5.0017e+22,4.921e+22,4.9003e+22,4.7802e+22,4.8328e+22,4.735e+22,4.6931e+22,4.6378e+22,4.5274e+22,4.5907e+22,4.481e+22,4.4032e+22,4.43e+22,4.3677e+22,4.3258e+22,4.2288e+22,4.2221e+22,4.1773e+22,4.126e+22,4.204e+22,4.1736e+22,4.1224e+22,4.0353e+22,3.8965e+22,3.8861e+22,3.9659e+22,4.0328e+22,3.9709e+22,4.0394e+22,3.9792e+22,3.9779e+22,3.8659e+22,3.9501e+22,3.9204e+22,3.8902e+22,3.8517e+22,3.8993e+22
18,B,False,1.8648e+22,1.8378e+22,1.8579e+22,1.8696e+22,1.8554e+22,1.8802e+22,1.8613e+22,1.8486e+22,1.8398e+22,1.8029e+22,1.7733e+22,1.8153e+22,1.7283e+22,1.7597e+22,1.7887e+22,1.7787e+22,1.7754e+22,1.815e+22,1.8342e+22,1.7896e+22,1.8128e+22,1.8217e+22,1.8282e+22,1.8079e+22,1.7866e+22,1.7816e+22,1.7591e+22,1.7745e+22,1.7329e+22,1.7475e+22,1.7697e+22,1.7977e+22,1.7743e+22,1.7739e+22,1.8079e+22,1.8338e+22,1.8142e+22,1.8254e+22,1.8869e+22,1.9487e+22,2.0599e+22,2.0391e+22,2.0206e+22,2.1894e+22,2.1735e+22,2.1912e+22,2.2774e+22,2.3573e+22,2.277e+22,2.3824e+22,2.4957e+22,2.6788e+22,2.8983e+22,2.927e+22,3.0436e+22,3.0189e+22,3.0013e+22,2.9843e+22,3.1658e+22,3.0344e+22,3.0962e+22,3.2123e+22,3.3642e+22,3.3249e+22,3.4522e+22,3.4043e+22,3.4024e+22,3.6043e+22,3.6744e+22,3.7098e+22,3.7874e+22,3.9485e+22,4.0273e+22,4.1797e+22,4.3398e+22,4.3065e+22,4.3424e+22,4.2744e+22,4.3097e+22,4.3257e+22,4.4095e+22,4.5782e+22,4.6288e+22,4.7886e+22,4.7619e+22,4.8131e+22,5.0194e+22,5.1293e+22,5.2786e+22,5.5378e+22,5.6934e+22,6.1002e+22,6.0093e+22,6.3124e+22,6.5433e+22,6.8581e+22,6.8055e+22,6.8915e+22,7.1879e+22,7.4713e+22,7.5897e+22,7.8433e+22,7.8436e+22,8.006e+22,8.3275e+22,8.4592e+22,8.4424e+22,8.5582e+22,8.6413e+22,8.7649e+22,8.836e+22,8.8352e+22,8.8745e+22,8.6803e+22,8.7353e+22,8.7532e+22,8.7324e+22,8.9115e+22,8.8961e+22
19,B,True,5.2111e+22,5.1323e+22,5.0698e+22,5.0792e+22,5.0168e+22,5.0634e+22,5.1258e+22,5.1699e+22,5.1392e+22,5.0932e+22,5.0632e+22,5.0401e+22,5.057e+22,4.9505e+22,4.9147e+22,4.9623e+22,4.9541e+22,5.0049e+22,4.9498e+22,4.9257e+22,4.8867e+22,4.9262e+22,4.8909e+22,4.8673e+22,4.994e+22,4.9084e+22,4.8841e+22,4.8495e+22,4.8213e+22,4.8857e+22,4.7759e+22,4.8566e+22,5.0841e+22,5.0088e+22,4.9543e+22,4.9446e+22,4.7823e+22,4.8327e+22,4.8906e+22,4.8335e+22,4.6985e+22,4.7441e+22,4.7273e+22,4.7635e+22,4.7476e+22,4.6661e+22,4.7038e+22,4.8203e+22,4.6256e+22,4.6134e+22,4.651e+22,4.6891e+22,4.6975e+22,4.6349e+22,4.6443e+22,4.6737e+22,4.6953e+22,4.6937e+22,4.718e+22,4.6963e+22,4.6657e+22,4.716e+22,4.7753e+22,4.7819e+22,4.7723e+22,4.8126e+22,4.8318e+22,4.7394e+22,4.8452e+22,4.8681e+22,4.8476e+22,4.8761e+22,4.7947e+22,4.7047e+22,4.6583e+22,4.6139e+22,4.6451e+22,4.5717e+22,4.5569e+22,4.4649e+22,4.4819e+22,4.3365e+22,4.3118e+22,4.3055e+22,4.3882e+22,4.2882e+22,4.2664e+22,4.1939e+22,4.1833e+22,4.1991e+22,4.2211e+22,4.2014e+22,4.2587e+22,4.2471e+22,4.1966e+22,4.2294e+22,4.2776e+22,4.443e+22,4.4199e+22,4.4487e+22,4.4902e+22,4.4619e+22,4.415e+22,4.3146e+22,4.3806e+22,4.486e+22,4.559e+22,4.5632e+22,4.6033e+22,4.5699e+22,4.5133e+22,4.4312e+22,4.2959e+22,4.2686e+22,4.2812e+22,4.2403e+22,4.1863e+22,4.091e+22,4.1167e+22
20,B,False,9.7061e+22,9.6879e+22,9.6353e+22,9.8353e+22,9.8735e+22,9.7077e+22,9.6466e+22,9.736e+22,9.6626e+22,9.655e+22,9.5282e+22,9.5631e+22,9.5871e+22,9.4932e+22,9.3972e+22,9.4494e+22,9.5652e+22,9.6353e+22,9.6452e+22,9.6243e+22,9.5796e+22,9.4628e+22,9.3565e+22,9.4207e+22,9.2943e+22,9.2607e+22,9.2854e+22,9.2566e+22,9.2131e+22,9.2802e+22,9.2477e+22,9.2351e+22,9.1448e+22,9.003e+22,9.0615e+22,9.0845e+22,9.3144e+22,9.1113e+22,9.174e+22,9.2711e+22,9.1967e+22,9.2356e+22,9.0918e+22,9.1843e+22,8.9613e+22,9.0353e+22,8.9789e+22,8.8558e+22,8.9107e+22,8.9273e+22,9.0042e+22,8.988e+22,8.792e+22,8.6879e+22,8.5075e+22,8.3321e+22,8.4273e+22,8.4435e+22,8.2915e+22,8.2821e+22,8.2378e+22,8.0727e+22,8.1325e+22,8.0963e+22,8.1233e+22,8.07e+22,8.0731e+22,8.3719e+22,8.2736e+22,8.1577e+22,8.1706e+22,8.1253e+22,8.2003e+22,8.0897e+22,8.0951e+22,7.9627e+22,7.8482e+22,8.052e+22,7.921e+22,7.8829e+22,7.786e+22,7.7464e+22,7.7279e+22,7.5713e+22,7.483e+22,7.5043e+22,7.4376e+22,7.3949e+22,7.2362e+22,7.2148e+22,7.0846e+22,7.1781e+22,7.093e+22,6.9438e+22,6.9459e+22,6.7662e+22,6.7645e+22,6.7065e+22,6.7021e+22,6.7886e+22,6.7836e+22,6.641e+22,6.8085e+22,6.719e+22,6.6564e+22,6.6002e+22,6.5679e+22,6.5542e+22,6.4742e+22,6.3808e+22,6.5195e+22,6.5846e+22,6.5195e+22,6.3771e+22,6.4273e+22,6.3246e+22,6.2789e+22,6.2374e+22,6.1892e+22
21,B,True,1.0249e+23,1.0249e+23,1.0299e+23,1.0333e+23,1.0349e+23,1.0466e+23,1.0531e+23,1.0585e+23,1.0484e+23,1.0438e+23,1.0552e+23,1.0619e+23,1.0764e+23,1.0671e+23,1.064e+23,1.0451e+23,1.062e+23,1.06e+23,1.07e+23,1.0699e+23,1.0675e+23,1.0773e+23,1.0632e+23,1.0655e+23,1.0553e+23,1.0522e+23,1.0486e+23,1.0476e+23,1.0562e+23,1.0402e+23,1.0281e+23,1.0364e+23,1.0103e+23,1.0141e+23,1.0135e+23,1.0055e+23,1.001e+23,9.8473e+22,9.9347e+22,9.8906e+22,9.9389e+22,1.0013e+23,9.8958e+22,9.6244e+22,9.7833e+22,9.7465e+22,9.8534e+22,9.8884e+22,9.7472e+22,9.6549e+22,9.7183e+22,9.5418e+22,9.6654e+22,9.624e+22,9.5535e+22,9.5262e+22,9.4858e+22,9.5627e+22,9.5847e+22,9.6337e+22,9.6526e+22,9.5919e+22,9.5747e+22,9.5416e+22,9.4567e+22,9.417e+22,9.2448e+22,9.3631e+22,9.366e+22,9.1362e+22,9.2333e+22,9.3665e+22,9.2328e+22,9.2344e+22,9.2724e+22,9.3704e+22,9.3306e+22,9.4559e+22,9.5909e+22,9.4465e+22,9.4221e+22,9.2649e+22,9.1408e+22,9.1811e+22,9.185e+22,9.2501e+22,9.3721e+22,9.5015e+22,9.4299e+22,9.3975e+22,9.377e+22,9.5111e+22,9.6669e+22,9.6469e+22,9.7646e+22,9.7061e+22,9.6879e+22,9.6353e+22,9.8353e+22,9.8735e+22,9.7077e+22,9.6466e+22,9.736e+22,9.6626e+22,9.655e+22,9.5282e+22,9.5631e+22,9.5871e+22,9.4932e+22,9.3972e+22,9.4494e+22,9.5652e+22,9.6353e+22,9.6452e+22,9.6243e+22,9.5796e+22,9.4628e+22,9.3565e+22,9.4207e+22
22,B,False,1.06e+23,1.07e+23,1.0699e+23,1.0675e+23,1.0773e+23,1.0632e+23,1.0655e+23,1.0553e+23,1.0522e+23,1.0486e+23,1.0476e+23,1.0562e+23,1.0402e+23,1.0281e+23,1.0364e+23,1.0103e+23,1.0141e+23,1.0135e+23,1.0055e+23,1.001e+23,9.8473e+22,9.9347e+22,9.8906e+22,9.9389e+22,1.0013e+23,9.8958e+22,9.6244e+22,9.7833e+22,9.7465e+22,9.8534e+22,9.8884e+22,9.7472e+22,9.6549e+22,9.7183e+22,9.5418e+22,9.6654e+22,9.624e+22,9.5535e+22,9.5262e+22,9.4858e+22,9.5627e+22,9.5847e+22,9.6337e+22,9.6526e+22,9.5919e+22,9.5747e+22,9.5416e+22,9.4567e+22,9.417e+22,9.2448e+22,9.3631e+22,9.366e+22,9.1362e+22,9.2333e+22,9.3665e+22,9.2328e+22,9.2344e+22,9.2724e+22,9.3704e+22,9.3306e+22,9.4559e+22,9.5909e+22,9.4465e+22,9.4221e+22,9.2649e+22,9.1408e+22,9.1811e+22,9.185e+22,9.2501e+22,9.3721e+22,9.5015e+22,9.4299e+22,9.3975e+22,9.377e+22,9.5111e+22,9.6669e+22,9.6469e+22,9.7646e+22,9.7061e+22,9.6879e+22,9.6353e+22,9.8353e+22,9.8735e+22,9.7077e+22,9.6466e+22,9.736e+22,9.6626e+22,9.655e+22,9.5282e+22,9.5631e+22,9.5871e+22,9.4932e+22,9.3972e+22,9.4494e+22,9.5652e+22,9.6353e+22,9.6452e+22,9.6243e+22,9.5796e+22,9.4628e+22,9.3565e+22,9.4207e+22,9.2943e+22,9.2607e+22,9.2854e+22,9.2566e+22,9.2131e+22,9.2802e+22,9.2477e+22,9.2351e+22,9.1448e+22,9.003e+22,9.0615e+22,9.0845e+22,9.3144e+22,9.1113e+22,9.174e+22,9.2711e+22,9.1967e+22
23,B,False,2.7003e+22,2.7761e+22,2.7864e+22,2.9052e+22,3.0185e+22,2.9483e+22,2.8928e+22,3.0205e+22,3.044e+22,3.0533e+22,3.16e+22,3.2118e+22,3.2889e+22,3.2587e+22,3.0566e+22,3.003e+22,3.0013e+22,2.9982e+22,3.0369e+22,2.9797e+22,2.9747e+22,3.0512e+22,2.9878e+22,2.9189e+22,2.8307e+22,3.0773e+22,3.0159e+22,3.0219e+22,3.0156e+22,2.9912e+22,3.0893e+22,2.9693e+22,2.913e+22,2.9433e+22,3.15e+22,3.26e+22,3.2285e+22,3.5774e+22,3.5374e+22,3.5402e+22,3.6424e+22,3.6482e+22,3.6211e+22,3.6177e+22,3.6366e+22,3.6068e+22,3.5445e+22,3.6092e+22,3.5183e+22,3.46e+22,3.4984e+22,3.6433e+22,3.7241e+22,3.8212e+22,3.8458e+22,3.7725e+22,3.7743e+22,3.7268e+22,3.6811e+22,3.7738e+22,3.5846e+22,3.5315e+22,3.5928e+22,3.7049e+22,3.7945e+22,3.7112e+22,3.6886e+22,3.7521e+22,3.7086e+22,3.6092e+22,3.5758e+22,3.4691e+22,3.4135e+22,3.4309e+22,3.4463e+22,3.4026e+22,3.2709e+22,3.2762e+22,3.2979e+22,3.2797e+22,3.2786e+22,3.2385e+22,3.2109e+22,3.1948e+22,3.0448e+22,3.0665e+22,3.0362e+22,3.0264e+22,2.9563e+22,2.915e+22,2.9881e+22,2.9618e+22,2.9924e+22,2.9417e+22,2.9496e+22,2.8632e+22,2.8788e+22,2.9999e+22,2.9388e+22,2.856e+22,2.8349e+22,2.831e+22,2.8009e+22,2.7086e+22,2.73e+22,2.7385e+22,2.7294e+22,2.6486e+22,2.58e+22,2.5127e+22,2.4671e+22,2.4678e+22,2.4486e+22,2.4036e+22,2.3309e+22,2.3292e+22,2.2659e+22,2.2596e+22,2.2186e+22
24,B,False,5.0292e+22,4.8617e+22,4.8189e+22,4.8435e+22,4.7711e+22,4.787e+22,4.823e+22,4.7769e+22,4.6808e+22,4.7186e+22,4.6798e+22,4.6314e+22,4.5945e+22,4.4898e+22,4.4635e+22,4.4245e+22,4.3802e+22,4.3714e+22,4.4085e+22,4.4515e+22,4.4013e+22,4.3877e+22,4.4021e+22,4.4824e+22,4.3877e+22,4.4601e+22,4.4793e+22,4.4535e+22,4.4231e+22,4.4024e+22,4.3924e+22,4.3867e+22,4.2965e+22,4.2875e+22,4.1759e+22,4.0797e+22,4.0027e+22,3.985e+22,4.0192e+22,4.0427e+22,3.9185e+22,3.9371e+22,3.8985e+22,3.8854e+22,3.8604e+22,3.8616e+22,3.824e+22,3.7741e+22,3.8154e+22,3.843e+22,3.8519e+22,3.8523e+22,3.8906e+22,3.8707e+22,3.8452e+22,3.8492e+22,3.8575e+22,3.7959e+22,3.788e+22,3.7926e+22,3.7011e+22,3.6254e+22,3.6042e+22,3.6271e+22,3.5998e+22,3.5456e+22,3.5562e+22,3.5407e+22,3.59e+22,3.6328e+22,3.6249e+22,3.622e+22,3.6201e+22,3.5989e+22,3.563e+22,3.5307e+22,3.5043e+22,3.525e+22,3.5272e+22,3.4806e+22,3.5448e+22,3.5051e+22,3.4859e+22,3.4967e+22,3.4701e+22,3.5073e+22,3.4727e+22,3.5153e+22,3.4524e+22,3.4296e+22,3.4063e+22,3.3869e+22,3.3933e+22,3.3892e+22,3.3698e+22,3.3833e+22,3.3455e+22,3.3489e+22,3.3098e+22,3.2897e+22,3.2559e+22,3.2381e+22,3.2791e+22,3.2239e+22,3.2496e+22,3.1903e+22,3.2289e+22,3.1298e+22,3.0318e+22,3.1045e+22,3.0339e+22,3.0694e+22,3.0256e+22,3.0514e+22,3.0344e+22,3.0693e+22,2.95e+22,2.9796e+22,2.8868e+22
25,B,False,4.2423e+22,4.2268e+22,4.318e+22,4.2653e+22,4.1956e+22,4.2673e+22,4.3255e+22,4.2924e+22,4.2928e+22,4.3056e+22,4.3476e+22,4.2846e+22,4.2274e+22,4.2684e+22,4.3552e+22,4.3204e+22,4.3386e+22,4.3905e+22,4.5193e+22,4.5103e+22,4.3826e+22,4.4282e+22,4.3684e+22,4.3961e+22,4.3968e+22,4.3582e+22,4.3305e+22,4.3053e+22,4.2267e+22,4.2075e+22,4.2104e+22,4.215e+22,4.2573e+22,4.2757e+22,4.2549e+22,4.2567e+22,4.2432e+22,4.206e+22,4.2668e+22,4.222e+22,4.206e+22,4.2512e+22,4.3172e+22,4.2603e+22,4.2948e+22,4.3435e+22,4.353e+22,4.4182e+22,4.3977e+22,4.3334e+22,4.3341e+22,4.3141e+22,4.3618e+22,4.4005e+22,4.4242e+22,4.3893e+22,4.3542e+22,4.3059e+22,4.338e+22,4.329e+22,4.4236e+22,4.4974e+22,4.5063e+22,4.4197e+22,4.4796e+22,4.5351e+22,4.5702e+22,4.4999e+22,4.4812e+22,4.4504e+22,4.4843e+22,4.4841e+22,4.5681e+22,4.7041e+22,4.5978e+22,4.7994e+22,4.8068e+22,4.7487e+22,4.795e+22,4.7473e+22,4.9011e+22,5.0131e+22,4.9944e+22,5.2249e+22,5.3071e+22,5.3155e+22,5.0979e+22,5.0178e+22,5.1599e+22,5.1477e+22,5.2992e+22,5.2221e+22,5.1304e+22,5.2011e+22,5.1827e+22,5.1393e+22,5.1996e+22,5.1514e+22,5.0961e+22,5.2197e+22,5.3391e+22,5.4497e+22,5.5284e+22,5.4758e+22,5.444e+22,5.662e+22,5.7482e+22,5.8388e+22,5.7356e+22,5.711e+22,5.7729e+22,5.9301e+22,6.0881e+22,5.7678e+22,5.6769e+22,5.7727e+22,5.8725e+22,5.8036e+22,5.9239e+22
26,B,False,1.0632e+23,1.0655e+23,1.0553e+23,1.0522e+23,1.0486e+23,1.0476e+23,1.0562e+23,1.0402e+23,1.0281e+23,1.0364e+23,1.0103e+23,1.0141e+23,1.0135e+23,1.0055e+23,1.001e+23,9.8473e+22,9.9347e+22,9.8906e+22,9.9389e+22,1.0013e+23,9.8958e+22,9.6244e+22,9.7833e+22,9.7465e+22,9.8534e+22,9.8884e+22,9.7472e+22,9.6549e+22,9.7183e+22,9.5418e+22,9.6654e+22,9.624e+22,9.5535e+22,9.5262e+22,9.4858e+22,9.5627e+22,9.5847e+22,9.6337e+22,9.6526e+22,9.5919e+22,9.5747e+22,9.5416e+22,9.4567e+22,9.417e+22,9.2448e+22,9.3631e+22,9.366e+22,9.1362e+22,9.2333e+22,9.3665e+22,9.2328e+22,9.2344e+22,9.2724e+22,9.3704e+22,9.3306e+22,9.4559e+22,9.5909e+22,9.4465e+22,9.4221e+22,9.2649e+22,9.1408e+22,9.1811e+22,9.185e+22,9.2501e+22,9.3721e+22,9.5015e+22,9.4299e+22,9.3975e+22,9.377e+22,9.5111e+22,9.6669e+22,9.6469e+22,9.7646e+22,9.7061e+22,9.6879e+22,9.6353e+22,9.8353e+22,9.8735e+22,9.7077e+22,9.6466e+22,9.736e+22,9.6626e+22,9.655e+22,9.5282e+22,9.5631e+22,9.5871e+22,9.4932e+22,9.3972e+22,9.4494e+22,9.5652e+22,9.6353e+22,9.6452e+22,9.6243e+22,9.5796e+22,9.4628e+22,9.3565e+22,9.4207e+22,9.2943e+22,9.2607e+22,9.2854e+22,9.2566e+22,9.2131e+22,9.2802e+22,9.2477e+22,9.2351e+22,9.1448e+22,9.003e+22,9.0615e+22,9.0845e+22,9.3144e+22,9.1113e+22,9.174e+22,9.2711e+22,9.1967e+22,9.2356e+22,9.0918e+22,9.1843e+22,8.9613e+22,9.0353e+22
27,B,False,7.8936e+21,7.8877e+21,7.5249e+21,7.6728e+21,7.7244e+21,7.6179e+21,7.6108e+21,7.7721e+21,7.8045e+21,7.7549e+21,7.7564e+21,7.8049e+21,7.7327e+21,7.8286e+21,7.7849e+21,7.7888e+21,7.695e+21,7.6966e+21,7.9358e+21,7.9502e+21,7.5954e+21,7.821e+21,8.0839e+21,8.0757e+21,8.49e+21,8.3745e+21,8.2224e+21,8.1436e+21,7.9466e+21,7.9543e+21,8.1405e+21,8.2897e+21,7.9683e+21,8.016e+21,8.0021e+21,8.0774e+21,8.1694e+21,8.1228e+21,8.4124e+21,8.0945e+21,8.1928e+21,8.4852e+21,8.1838e+21,8.1699e+21,8.3577e+21,8.5373e+21,8.1264e+21,8.1763e+21,8.2084e+21,8.4755e+21,8.3228e+21,8.1653e+21,7.9372e+21,8.0141e+21,8.2534e+21,8.3734e+21,8.3455e+21,8.3489e+21,8.8099e+21,8.8554e+21,8.6338e+21,9.283e+21,9.0265e+21,9.0162e+21,8.9093e+21,8.9386e+21,8.902e+21,8.5952e+21,8.747e+21,8.8102e+21,8.7352e+21,8.2604e+21,8.3107e+21,8.5755e+21,8.5513e+21,8.7297e+21,8.8345e+21,9.0187e+21,9.1446e+21,9.1419e+21,8.8021e+21,8.9293e+21,8.8414e+21,8.7895e+21,8.8731e+21,8.8537e+21,8.6819e+21,8.6266e+21,8.6042e+21,8.5784e+21,8.5525e+21,8.6012e+21,8.7813e+21,8.8806e+21,8.8066e+21,8.3842e+21,8.7117e+21,8.2241e+21,8.1785e+21,8.0627e+21,8.3462e+21,8.1833e+21,7.9631e+21,7.905e+21,7.8859e+21,7.9643e+21,7.5349e+21,7.7755e+21,7.5809e+21,7.5201e+21,7.425e+21,7.6188e+21,7.4958e+21,7.5787e+21,7.6242e+21,7.7486e+21,7.6136e+21,7.5038e+21,7.6856e+21
28,B,False,2.1564e+23,2.1592e+23,2.1505e+23,2.1413e+23,2.1512e+23,2.15e+23,2.1516e+23,2.1484e+23,2.1499e+23,2.1547e+23,2.1666e+23,2.1766e+23,2.1762e+23,2.1839e+23,2.1999e+23,2.2117e+23,2.2143e+23,2.2121e+23,2.2275e+23,2.244e+23,2.2426e+23,2.244e+23,2.2421e+23,2.2368e+23,2.232e+23,2.232e+23,2.2407e+23,2.25e+23,2.2503e+23,2.2596e+23,2.2731e+23,2.2683e+23,2.275e+23,2.2811e+23,2.2754e+23,2.293e+23,2.3022e+23,2.2986e+23,2.307e+23,2.3234e+23,2.3186e+23,2.3314e+23,2.3411e+23,2.3249e+23,2.276e+23,2.2887e+23,2.3053e+23,2.3176e+23,2.3398e+23,2.3457e+23,2.3367e+23,2.3326e+23,2.3427e+23,2.3395e+23,2.3542e+23,2.3457e+23,2.3449e+23,2.3608e+23,2.3606e+23,2.3711e+23,2.379e+23,2.3723e+23,2.3622e+23,2.3678e+23,2.3723e+23,2.3642e+23,2.3553e+23,2.3625e+23,2.3682e+23,2.3676e+23,2.3803e+23,2.3869e+23,2.3743e+23,2.387e+23,2.3788e+23,2.3736e+23,2.372e+23,2.3756e+23,2.3597e+23,2.3621e+23,2.3624e+23,2.3428e+23,2.3327e+23,2.3485e+23,2.3421e+23,2.3397e+23,2.3299e+23,2.3296e+23,2.3355e+23,2.3351e+23,2.3369e+23,2.3303e+23,2.3343e+23,2.3176e+23,2.3265e+23,2.3254e+23,2.3264e+23,2.3257e+23,2.3222e+23,2.3167e+23,2.3087e+23,2.3049e+23,2.314e+23,2.3039e+23,2.3037e+23,2.2951e+23,2.2845e+23,2.2771e+23,2.2641e+23,2.2526e+23,2.2514e+23,2.2472e+23,2.2342e+23,2.238e+23,2.2444e+23,2.2587e+23,2.2427e+23,2.2362e+23,2.2337e+23
29,B,True,2.1608e+23,2.1498e+23,2.1441e+23,2.1343e+23,2.1347e+23,2.1402e+23,2.1347e+23,2.1226e+23,2.1253e+23,2.1229e+23,2.1279e+23,2.1237e+23,2.1301e+23,2.1219e+23,2.1027e+23,2.0938e+23,2.0986e+23,2.0944e+23,2.1018e+23,2.106e+23,2.0914e+23,2.0908e+23,2.0964e+23,2.0736e+23,2.0855e+23,2.0936e+23,2.1083e+23,2.0955e+23,2.0966e+23,2.1052e+23,2.1266e+23,2.1121e+23,2.1225e+23,2.1303e+23,2.126e+23,2.1268e+23,2.1245e+23,2.1295e+23,2.1228e+23,2.1146e+23,2.119e+23,2.1152e+23,2.109e+23,2.0884e+23,2.0891e+23,2.0926e+23,2.0782e+23,2.0748e+23,2.0797e+23,2.0581e+23,2.0431e+23,2.0403e+23,2.0369e+23,2.0457e+23,2.0604e+23,2.0473e+23,2.0352e+23,2.0417e+23,2.0393e+23,2.042e+23,2.044e+23,2.0513e+23,2.056e+23,2.0478e+23,2.0556e+23,2.0548e+23,2.0617e+23,2.0603e+23,2.0637e+23,2.0727e+23,2.0843e+23,2.0789e+23,2.0713e+23,2.0769e+23,2.086e+23,2.0682e+23,2.0652e+23,2.0802e+23,2.0922e+23,2.0872e+23,2.0805e+23,2.0847e+23,2.0907e+23,2.0816e+23,2.0742e+23,2.073e+23,2.0934e+23,2.0849e+23,2.0671e+23,2.0513e+23,2.0438e+23,2.0281e+23,2.0169e+23,2.0098e+23,2.0138e+23,2.0282e+23,2.0106e+23,2.0065e+23,2.0092e+23,2.0142e+23,2.0095e+23,2.0245e+23,2.0452e+23,2.054e+23,2.0735e+23,2.0908e+23,2.0816e+23,2.0861e+23,2.0797e+23,2.0797e+23,2.0809e+23,2.0825e+23,2.0869e+23,2.0778e+23,2.0834e+23,2.0739e+23,2.0397e+23,2.0386e+23,2.0321e+23
30,B,False,3.9666e+22,3.9651e+22,3.8713e+22,3.9141e+22,3.8658e+22,3.8303e+22,3.8049e+22,3.8685e+22,3.8973e+22,3.8848e+22,3.8849e+22,3.9089e+22,3.9045e+22,3.9052e+22,3.9213e+22,3.9011e+22,3.8885e+22,3.8189e+22,3.7953e+22,3.7875e+22,3.7043e+22,3.6705e+22,3.6171e+22,3.6466e+22,3.5947e+22,3.5976e+22,3.5697e+22,3.5003e+22,3.6106e+22,3.578e+22,3.5155e+22,3.4792e+22,3.4408e+22,3.4432e+22,3.4245e+22,3.5146e+22,3.4359e+22,3.3923e+22,3.4073e+22,3.3867e+22,3.4483e+22,3.4067e+22,3.4086e+22,3.4353e+22,3.3017e+22,3.3263e+22,3.4312e+22,3.363e+22,3.3176e+22,3.3632e+22,3.3463e+22,3.344e+22,3.3743e+22,3.3746e+22,3.3738e+22,3.3794e+22,3.3764e+22,3.3619e+22,3.3689e+22,3.3443e+22,3.3682e+22,3.2906e+22,3.2979e+22,3.2e+22,3.1745e+22,3.2529e+22,3.1974e+22,3.1378e+22,3.1012e+22,3.1702e+22,3.1674e+22,3.0897e+22,3.1042e+22,3.0939e+22,3.0818e+22,3.0224e+22,3.0697e+22,3.0689e+22,3.0123e+22,2.9907e+22,3.0178e+22,2.9991e+22,3.0681e+22,3.0976e+22,3.0998e+22,3.0842e+22,3.0965e+22,3.124e+22,3.1262e+22,3.0774e+22,3.087e+22,3.0714e+22,3.0918e+22,3.1174e+22,3.1484e+22,3.117e+22,3.0409e+22,2.9873e+22,2.998e+22,3.0237e+22,3.0033e+22,2.9863e+22,2.9871e+22,3.006e+22,3.0793e+22,3.0229e+22,2.9785e+22,2.9873e+22,3.0278e+22,3.03e+22,3.0489e+22,3.123e+22,3.1715e+22,3.2081e+22,3.3045e+22,3.3078e+22,3.3449e+22,3.3664e+22,3.3806e+22
31,B,False,8.4435e+22,8.2915e+22,8.2821e+22,8.2378e+22,8.0727e+22,8.1325e+22,8.0963e+22,8.1233e+22,8.07e+22,8.0731e+22,8.3719e+22,8.2736e+22,8.1577e+22,8.1706e+22,8.1253e+22,8.2003e+22,8.0897e+22,8.0951e+22,7.9627e+22,7.8482e+22,8.052e+22,7.921e+22,7.8829e+22,7.786e+22,7.7464e+22,7.7279e+22,7.5713e+22,7.483e+22,7.5043e+22,7.4376e+22,7.3949e+22,7.2362e+22,7.2148e+22,7.0846e+22,7.1781e+22,7.093e+22,6.9438e+22,6.9459e+22,6.7662e+22,6.7645e+22,6.7065e+22,6.7021e+22,6.7886e+22,6.7836e+22,6.641e+22,6.8085e+22,6.719e+22,6.6564e+22,6.6002e+22,6.5679e+22,6.5542e+22,6.4742e+22,6.3808e+22,6.5195e+22,6.5846e+22,6.5195e+22,6.3771e+22,6.4273e+22,6.3246e+22,6.2789e+22,6.2374e+22,6.1892e+22,6.3133e+22,6.2421e+22,6.1775e+22,6.2066e+22,6.1655e+22,6.1827e+22,6.058e+22,6.2712e+22,6.1293e+22,6.211e+22,6.1353e+22,6.1296e+22,6.0398e+22,5.9422e+22,5.8603e+22,5.8967e+22,5.8855e+22,5.8753e+22,5.9253e+22,5.8877e+22,5.9011e+22,5.9083e+22,5.8465e+22,5.7488e+22,5.6232e+22,5.7154e+22,5.6597e+22,5.5611e+22,5.5067e+22,5.5298e+22,5.5248e+22,5.4533e+22,5.4379e+22,5.4546e+22,5.4841e+22,5.4149e+22,5.5092e+22,5.5086e+22,5.4798e+22,5.5701e+22,5.5268e+22,5.463e+22,5.3945e+22,5.392e+22,5.4777e+22,5.4344e+22,5.3842e+22,5.3917e+22,5.3616e+22,5.2446e+22,5.2385e+22,5.2386e+22,5.2568e+22,5.2093e+22,5.1922e+22,5.2063e+22,5.2659e+22
32,B,False,6.8931e+22,6.9381e+22,6.9082e+22,6.9662e+22,6.7754e+22,6.726e+22,6.7416e+22,6.7771e+22,6.6916e+22,6.6278e+22,6.7084e+22,6.7843e+22,6.7737e+22,6.754e+22,6.7341e+22,6.7583e+22,6.6072e+22,6.6088e+22,6.5316e+22,6.6815e+22,6.6342e+22,6.6369e+22,6.674e+22,6.6988e+22,6.8863e+22,6.8158e+22,6.9789e+22,6.9209e+22,6.9395e+22,7.0605e+22,6.9163e+22,6.9498e+22,6.8911e+22,6.9721e+22,6.9502e+22,7.0121e+22,6.97e+22,6.9268e+22,7.0413e+22,7.043e+22,7.0342e+22,6.9906e+22,6.9926e+22,7.006e+22,7.0186e+22,6.9424e+22,6.9091e+22,6.8698e+22,6.8756e+22,6.8817e+22,6.9473e+22,6.9295e+22,7.028e+22,7.0435e+22,7.0005e+22,7.1043e+22,7.2291e+22,7.3766e+22,7.4566e+22,7.4289e+22,7.3803e+22,7.4526e+22,7.4232e+22,7.3911e+22,7.5279e+22,7.5581e+22,7.5213e+22,7.5663e+22,7.4892e+22,7.5072e+22,7.4005e+22,7.3387e+22,7.2448e+22,7.2786e+22,7.292e+22,7.4551e+22,7.4945e+22,7.567e+22,7.5322e+22,7.7693e+22,7.8785e+22,7.8275e+22,7.8483e+22,7.9719e+22,7.9276e+22,7.7414e+22,7.8249e+22,8.0167e+22,8.119e+22,8.036e+22,8.1417e+22,8.1971e+22,8.2089e+22,8.2775e+22,8.2074e+22,8.2498e+22,8.2481e+22,8.3483e+22,8.4433e+22,8.411e+22,8.5178e+22,8.5683e+22,8.685e+22,8.7372e+22,8.5958e+22,8.566e+22,8.4646e+22,8.5651e+22,8.6392e+22,8.5442e+22,8.5732e+22,8.6963e+22,8.7509e+22,8.6709e+22,8.6687e+22,8.6263e+22,8.5849e+22,8.6081e+22,8.6998e+22
33,B,False,4.8805e+22,4.7528e+22,4.7853e+22,4.8017e+22,4.6843e+22,4.7478e+22,4.7724e+22,4.8591e+22,4.9244e+22,4.9813e+22,5.0257e+22,5.0559e+22,5.0504e+22,5.1843e+22,5.3098e+22,5.4913e+22,5.4744e+22,5.515e+22,5.5275e+22,5.5588e+22,5.5453e+22,5.3932e+22,5.3316e+22,5.351e+22,5.3142e+22,5.1825e+22,5.0981e+22,5.0407e+22,4.9816e+22,4.995e+22,5.0239e+22,4.8898e+22,4.8642e+22,4.9069e+22,4.9751e+22,5.0809e+22,5.0506e+22,5.0915e+22,5.112e+22,5.3014e+22,5.3866e+22,5.4391e+22,5.3267e+22,5.417e+22,5.4747e+22,5.3209e+22,5.3201e+22,5.6033e+22,5.5486e+22,5.6214e+22,5.6241e+22,5.5866e+22,5.6566e+22,5.7035e+22,5.5533e+22,5.3898e+22,5.2207e+22,5.3111e+22,5.0279e+22,4.9282e+22,4.9491e+22,4.9901e+22,5.0657e+22,4.8944e+22,4.7211e+22,4.8e+22,4.7164e+22,4.7453e+22,4.7438e+22,4.7033e+22,4.7142e+22,4.7289e+22,4.8668e+22,4.8237e+22,4.8792e+22,5.0571e+22,5.0765e+22,5.111e+22,5.1578e+22,5.1859e+22,5.2328e+22,5.1739e+22,5.0577e+22,5.0986e+22,5.138e+22,5.1066e+22,5.0328e+22,5.0227e+22,4.9892e+22,4.994e+22,4.9582e+22,4.9353e+22,4.9146e+22,4.8612e+22,4.9746e+22,4.9735e+22,4.9346e+22,5.0367e+22,5.1142e+22,5.0726e+22,5.0607e+22,5.1568e+22,5.102e+22,5.17e+22,5.1588e+22,5.2232e+22,5.2049e+22,5.2732e+22,5.2376e+22,5.1839e+22,5.0583e+22,5.0292e+22,4.8617e+22,4.8189e+22,4.8435e+22,4.7711e+22,4.787e+22,4.823e+22,4.7769e+22
34,B,False,2.1347e+23,2.1226e+23,2.1253e+23,2.1229e+23,2.1279e+23,2.1237e+23,2.1301e+23,2.1219e+23,2.1027e+23,2.0938e+23,2.0986e+23,2.0944e+23,2.1018e+23,2.106e+23,2.0914e+23,2.0908e+23,2.0964e+23,2.0736e+23,2.0855e+23,2.0936e+23,2.1083e+23,2.0955e+23,2.0966e+23,2.1052e+23,2.1266e+23,2.1121e+23,2.1225e+23,2.1303e+23,2.126e+23,2.1268e+23,2.1245e+23,2.1295e+23,2.1228e+23,2.1146e+23,2.119e+23,2.1152e+23,2.109e+23,2.0884e+23,2.0891e+23,2.0926e+23,2.0782e+23,2.0748e+23,2.0797e+23,2.0581e+23,2.0431e+23,2.0403e+23,2.0369e+23,2.0457e+23,2.0604e+23,2.0473e+23,2.0352e+23,2.0417e+23,2.0393e+23,2.042e+23,2.044e+23,2.0513e+23,2.056e+23,2.0478e+23,2.0556e+23,2.0548e+23,2.0617e+23,2.0603e+23,2.0637e+23,2.0727e+23,2.0843e+23,2.0789e+23,2.0713e+23,2.0769e+23,2.086e+23,2.0682e+23,2.0652e+23,2.0802e+23,2.0922e+23,2.0872e+23,2.0805e+23,2.0847e+23,2.0907e+23,2.0816e+23,2.0742e+23,2.073e+23,2.0934e+23,2.0849e+23,2.0671e+23,2.0513e+23,2.0438e+23,2.0281e+23,2.0169e+23,2.0098e+23,2.0138e+23,2.0282e+23,2.0106e+23,2.0065e+23,2.0092e+23,2.0142e+23,2.0095e+23,2.0245e+23,2.0452e+23,2.054e+23,2.0735e+23,2.0908e+23,2.0816e+23,2.0861e+23,2.0797e+23,2.0797e+23,2.0809e+23,2.0825e+23,2.0869e+23,2.0778e+23,2.0834e+23,2.0739e+23,2.0397e+23,2.0386e+23,2.0321e+23,2.0243e+23,2.0303e+23,2.0412e+23,2.0428e+23,2.0326e+23,2.0324e+23
35,B,True,6.9186e+22,6.8682e+22,6.8218e+22,6.7645e+22,6.8739e+22,6.9441e+22,6.945e+22,6.8676e+22,6.992e+22,7.0248e+22,7.0796e+22,6.9696e+22,7.0998e+22,7.0622e+22,6.9018e+22,7.0708e+22,7.158e+22,7.0967e+22,7.1018e+22,7.0427e+22,6.7664e+22,6.8004e+22,6.85e+22,6.7735e+22,6.5634e+22,6.565e+22,6.7205e+22,6.6764e+22,6.6074e+22,6.6717e+22,6.6231e+22,6.6674e+22,6.5413e+22,6.606e+22,6.6424e+22,6.5953e+22,6.6227e+22,6.6758e+22,6.49e+22,6.4973e+22,6.565e+22,6.6809e+22,6.5229e+22,6.5514e+22,6.531e+22,6.6043e+22,6.6781e+22,6.5705e+22,6.646e+22,6.5894e+22,6.6127e+22,6.6413e+22,6.6183e+22,6.5057e+22,6.559e+22,6.5282e+22,6.5803e+22,6.6821e+22,6.585e+22,6.3878e+22,6.5436e+22,6.544e+22,6.5682e+22,6.4819e+22,6.489e+22,6.5216e+22,6.6345e+22,6.7007e+22,6.5981e+22,6.6153e+22,6.7447e+22,6.8873e+22,6.7535e+22,6.6439e+22,6.8409e+22,6.7634e+22,6.6237e+22,6.6409e+22,6.5745e+22,6.6664e+22,6.5428e+22,6.5225e+22,6.3711e+22,6.3736e+22,6.3403e+22,6.3841e+22,6.3148e+22,6.2234e+22,6.2083e+22,6.2555e+22,6.338e+22,6.3501e+22,6.2176e+22,6.1598e+22,6.2117e+22,6.1535e+22,6.2068e+22,6.1872e+22,6.1682e+22,6.2204e+22,6.1687e+22,6.1109e+22,6.3084e+22,6.2969e+22,6.4026e+22,6.3339e+22,6.2689e+22,6.2235e+22,6.1321e+22,6.1243e+22,6.2684e+22,6.2809e+22,6.3386e+22,6.274e+22,6.1802e+22,6.0627e+22,6.0525e+22,6.0521e+22,5.9861e+22
36,B,False,6.7095e+23,6.7154e+23,6.746e+23,6.7718e+23,6.7394e+23,6.7425e+23,6.7461e+23,6.733e+23,6.7066e+23,6.7267e+23,6.7346e+23,6.7279e+23,6.7316e+23,6.7169e+23,6.7151e+23,6.7185e+23,6.7335e+23,6.7451e+23,6.7521e+23,6.7518e+23,6.7333e+23,6.6985e+23,6.6879e+23,6.6729e+23,6.6591e+23,6.6801e+23,6.6746e+23,6.6894e+23,6.6892e+23,6.6701e+23,6.6582e+23,6.6861e+23,6.6713e+23,6.6519e+23,6.6509e+23,6.6515e+23,6.6344e+23,6.6199e+23,6.6183e+23,6.6144e+23,6.5958e+23,6.5658e+23,6.5531e+23,6.5522e+23,6.5434e+23,6.5656e+23,6.5979e+23,6.6215e+23,6.6505e+23,6.6443e+23,6.6762e+23,6.6881e+23,6.6754e+23,6.6788e+23,6.687e+23,6.6935e+23,6.6967e+23,6.6911e+23,6.6613e+23,6.6488e+23,6.6606e+23,6.6646e+23,6.639e+23,6.6312e+23,6.6286e+23,6.626e+23,6.6211e+23,6.6141e+23,6.5914e+23,6.5914e+23,6.5798e+23,6.5771e+23,6.5697e+23,6.5763e+23,6.5734e+23,6.5855e+23,6.554e+23,6.5312e+23,6.499e+23,6.4801e+23,6.4935e+23,6.4903e+23,6.4748e+23,6.4834e+23,6.4925e+23,6.515e+23,6.5051e+23,6.5119e+23,6.4985e+23,6.473e+23,6.5027e+23,6.5084e+23,6.5261e+23,6.5363e+23,6.531e+23,6.5445e+23,6.5351e+23,6.5187e+23,6.5261e+23,6.5354e+23,6.5682e+23,6.5633e+23,6.582e+23,6.5779e+23,6.5819e+23,6.5344e+23,6.5265e+23,6.4995e+23,6.4871e+23,6.4879e+23,6.4899e+23,6.4909e+23,6.4982e+23,6.5001e+23,6.52e+23,6.5202e+23,6.5374e+23,6.5118e+23,6.5107e+23
37,B,False,7.8938e+21,7.9843e+21,8.5359e+21,8.5459e+21,9.4412e+21,1.082e+22,1.1242e+22,1.1184e+22,1.1652e+22,1.2915e+22,1.4038e+22,1.5211e+22,1.543e+22,1.6954e+22,1.7919e+22,1.888e+22,1.8485e+22,1.8351e+22,1.8916e+22,1.9548e+22,2.0407e+22,2.0814e+22,2.1247e+22,2.1546e+22,2.322e+22,2.383e+22,2.4083e+22,2.3058e+22,2.3734e+22,2.3191e+22,2.3022e+22,2.4194e+22,2.5008e+22,2.4686e+22,2.4512e+22,2.4187e+22,2.4653e+22,2.4489e+22,2.4912e+22,2.61e+22,2.6064e+22,2.5868e+22,2.6204e+22,2.6985e+22,2.7671e+22,2.7138e+22,2.7223e+22,2.7003e+22,2.7761e+22,2.7864e+22,2.9052e+22,3.0185e+22,2.9483e+22,2.8928e+22,3.0205e+22,3.044e+22,3.0533e+22,3.16e+22,3.2118e+22,3.2889e+22,3.2587e+22,3.0566e+22,3.003e+22,3.0013e+22,2.9982e+22,3.0369e+22,2.9797e+22,2.9747e+22,3.0512e+22,2.9878e+22,2.9189e+22,2.8307e+22,3.0773e+22,3.0159e+22,3.0219e+22,3.0156e+22,2.9912e+22,3.0893e+22,2.9693e+22,2.913e+22,2.9433e+22,3.15e+22,3.26e+22,3.2285e+22,3.5774e+22,3.5374e+22,3.5402e+22,3.6424e+22,3.6482e+22,3.6211e+22,3.6177e+22,3.6366e+22,3.6068e+22,3.5445e+22,3.6092e+22,3.5183e+22,3.46e+22,3.4984e+22,3.6433e+22,3.7241e+22,3.8212e+22,3.8458e+22,3.7725e+22,3.7743e+22,3.7268e+22,3.6811e+22,3.7738e+22,3.5846e+22,3.5315e+22,3.5928e+22,3.7049e+22,3.7945e+22,3.7112e+22,3.6886e+22,3.7521e+22,3.7086e+22,3.6092e+22,3.5758e+22,3.4691e+22
38,B,False,6.746e+23,6.7718e+23,6.7394e+23,6.7425e+23,6.7461e+23,6.733e+23,6.7066e+23,6.7267e+23,6.7346e+23,6.7279e+23,6.7316e+23,6.7169e+23,6.7151e+23,6.7185e+23,6.7335e+23,6.7451e+23,6.7521e+23,6.7518e+23,6.7333e+23,6.6985e+23,6.6879e+23,6.6729e+23,6.6591e+23,6.6801e+23,6.6746e+23,6.6894e+23,6.6892e+23,6.6701e+23,6.6582e+23,6.6861e+23,6.6713e+23,6.6519e+23,6.6509e+23,6.6515e+23,6.6344e+23,6.6199e+23,6.6183e+23,6.6144e+23,6.5958e+23,6.5658e+23,6.5531e+23,6.5522e+23,6.5434e+23,6.5656e+23,6.5979e+23,6.6215e+23,6.6505e+23,6.6443e+23,6.6762e+23,6.6881e+23,6.6754e+23,6.6788e+23,6.687e+23,6.6935e+23,6.6967e+23,6.6911e+23,6.6613e+23,6.6488e+23,6.6606e+23,6.6646e+23,6.639e+23,6.6312e+23,6.6286e+23,6.626e+23,6.6211e+23,6.6141e+23,6.5914e+23,6.5914e+23,6.5798e+23,6.5771e+23,6.5697e+23,6.5763e+23,6.5734e+23,6.5855e+23,6.554e+23,6.5312e+23,6.499e+23,6.4801e+23,6.4935e+23,6.4903e+23,6.4748e+23,6.4834e+23,6.4925e+23,6.515e+23,6.5051e+23,6.5119e+23,6.4985e+23,6.473e+23,6.5027e+23,6.5084e+23,6.5261e+23,6.5363e+23,6.531e+23,6.5445e+23,6.5351e+23,6.5187e+23,6.5261e+23,6.5354e+23,6.5682e+23,6.5633e+23,6.582e+23,6.5779e+23,6.5819e+23,6.5344e+23,6.5265e+23,6.4995e+23,6.4871e+23,6.4879e+23,6.4899e+23,6.4909e+23,6.4982e+23,6.5001e+23,6.52e+23,6.5202e+23,6.5374e+23,6.5118e+23,6.5107e+23,6.5206e+23,6.5212e+23
39,B,False,2.6938e+21,3.1624e+21,3.4446e+21,4.0327e+21,4.1893e+21,5.1293e+21,5.7901e+21,6.1501e+21,6.1292e+21,6.2011e+21,6.6985e+21,7.401e+21,8.0628e+21,8.4945e+21,7.9351e+21,7.8938e+21,7.9843e+21,8.5359e+21,8.5459e+21,9.4412e+21,1.082e+22,1.1242e+22,1.1184e+22,1.1652e+22,1.2915e+22,1.4038e+22,1.5211e+22,1.543e+22,1.6954e+22,1.7919e+22,1.888e+22,1.8485e+22,1.8351e+22,1.8916e+22,1.9548e+22,2.0407e+22,2.0814e+22,2.1247e+22,2.1546e+22,2.322e+22,2.383e+22,2.4083e+22,2.3058e+22,2.3734e+22,2.3191e+22,2.3022e+22,2.4194e+22,2.5008e+22,2.4686e+22,2.4512e+22,2.4187e+22,2.4653e+22,2.4489e+22,2.4912e+22,2.61e+22,2.6064e+22,2.5868e+22,2.6204e+22,2.6985e+22,2.7671e+22,2.7138e+22,2.7223e+22,2.7003e+22,2.7761e+22,2.7864e+22,2.9052e+22,3.0185e+22,2.9483e+22,2.8928e+22,3.0205e+22,3.044e+22,3.0533e+22,3.16e+22,3.2118e+22,3.2889e+22,3.2587e+22,3.0566e+22,3.003e+22,3.0013e+22,2.9982e+22,3.0369e+22,2.9797e+22,2.9747e+22,3.0512e+22,2.9878e+22,2.9189e+22,2.8307e+22,3.0773e+22,3.0159e+22,3.0219e+22,3.0156e+22,2.9912e+22,3.0893e+22,2.9693e+22,2.913e+22,2.9433e+22,3.15e+22,3.26e+22,3.2285e+22,3.5774e+22,3.5374e+22,3.5402e+22,3.6424e+22,3.6482e+22,3.6211e+22,3.6177e+22,3.6366e+22,3.6068e+22,3.5445e+22,3.6092e+22,3.5183e+22,3.46e+22,3.4984e+22,3.6433e+22,3.7241e+22,3.8212e+22,3.8458e+22,3.7725e+22,3.7743e+22
40,B,False,2.4653e+22,2.4489e+22,2.4912e+22,2.61e+22,2.6064e+22,2.5868e+22,2.6204e+22,2.6985e+22,2.7671e+22,2.7138e+22,2.7223e+22,2.7003e+22,2.7761e+22,2.7864e+22,2.9052e+22,3.0185e+22,2.9483e+22,2.8928e+22,3.0205e+22,3.044e+22,3.0533e+22,3.16e+22,3.2118e+22,3.2889e+22,3.2587e+22,3.0566e+22,3.003e+22,3.0013e+22,2.9982e+22,3.0369e+22,2.9797e+22,2.9747e+22,3.0512e+22,2.9878e+22,2.9189e+22,2.8307e+22,3.0773e+22,3.0159e+22,3.0219e+22,3.0156e+22,2.9912e+22,3.0893e+22,2.9693e+22,2.913e+22,2.9433e+22,3.15e+22,3.26e+22,3.2285e+22,3.5774e+22,3.5374e+22,3.5402e+22,3.6424e+22,3.6482e+22,3.6211e+22,3.6177e+22,3.6366e+22,3.6068e+22,3.5445e+22,3.6092e+22,3.5183e+22,3.46e+22,3.4984e+22,3.6433e+22,3.7241e+22,3.8212e+22,3.8458e+22,3.7725e+22,3.7743e+22,3.7268e+22,3.6811e+22,3.7738e+22,3.5846e+22,3.5315e+22,3.5928e+22,3.7049e+22,3.7945e+22,3.7112e+22,3.6886e+22,3.7521e+22,3.7086e+22,3.6092e+22,3.5758e+22,3.4691e+22,3.4135e+22,3.4309e+22,3.4463e+22,3.4026e+22,3.2709e+22,3.2762e+22,3.2979e+22,3.2797e+22,3.2786e+22,3.2385e+22,3.2109e+22,3.1948e+22,3.0448e+22,3.0665e+22,3.0362e+22,3.0264e+22,2.9563e+22,2.915e+22,2.9881e+22,2.9618e+22,2.9924e+22,2.9417e+22,2.9496e+22,2.8632e+22,2.8788e+22,2.9999e+22,2.9388e+22,2.856e+22,2.8349e+22,2.831e+22,2.8009e+22,2.7086e+22,2.73e+22,2.7385e+22,2.7294e+22,2.6486e+22
41,B,False,2.0433e+23,2.0705e+23,2.0785e+23,2.0672e+23,2.0755e+23,2.0821e+23,2.0843e+23,2.1127e+23,2.1201e+23,2.1312e+23,2.1432e+23,2.1367e+23,2.1375e+23,2.1193e+23,2.1209e+23,2.1084e+23,2.1067e+23,2.0984e+23,2.0871e+23,2.067e+23,2.0642e+23,2.0903e+23,2.0943e+23,2.106e+23,2.077e+23,2.0568e+23,2.0662e+23,2.0708e+23,2.0665e+23,2.0847e+23,2.0889e+23,2.0794e+23,2.0799e+23,2.0891e+23,2.0964e+23,2.1096e+23,2.0853e+23,2.0869e+23,2.0856e+23,2.0864e+23,2.076e+23,2.0676e+23,2.0644e+23,2.0525e+23,2.0602e+23,2.052e+23,2.0535e+23,2.0311e+23,2.0358e+23,2.0367e+23,2.0451e+23,2.0338e+23,2.019e+23,2.0094e+23,2.0027e+23,1.9976e+23,1.9874e+23,1.9902e+23,1.9783e+23,1.9725e+23,1.9784e+23,2e+23,2.0105e+23,1.9759e+23,1.9648e+23,1.9466e+23,1.9441e+23,1.9613e+23,1.9653e+23,1.9662e+23,1.9635e+23,1.9559e+23,1.9513e+23,1.933e+23,1.9228e+23,1.9219e+23,1.9192e+23,1.9029e+23,1.8931e+23,1.8974e+23,1.8935e+23,1.8857e+23,1.8837e+23,1.8892e+23,1.8855e+23,1.8874e+23,1.8586e+23,1.8491e+23,1.8511e+23,1.8496e+23,1.8304e+23,1.8254e+23,1.8288e+23,1.807e+23,1.7953e+23,1.793e+23,1.8029e+23,1.812e+23,1.8151e+23,1.8057e+23,1.8108e+23,1.8094e+23,1.7927e+23,1.776e+23,1.7628e+23,1.7515e+23,1.7376e+23,1.7406e+23,1.7282e+23,1.7289e+23,1.7207e+23,1.7299e+23,1.7157e+23,1.7357e+23,1.7495e+23,1.7235e+23,1.7061e+23,1.7255e+23,1.748e+23
42,B,False,1.558e+23,1.5581e+23,1.5658e+23,1.5564e+23,1.5692e+23,1.5777e+23,1.5868e+23,1.605e+23,1.6056e+23,1.6146e+23,1.6077e+23,1.606e+23,1.607e+23,1.6058e+23,1.6074e+23,1.5923e+23,1.5842e+23,1.5804e+23,1.5677e+23,1.5686e+23,1.5673e+23,1.5691e+23,1.5736e+23,1.5925e+23,1.606e+23,1.6054e+23,1.6069e+23,1.5906e+23,1.6009e+23,1.6114e+23,1.6258e+23,1.6182e+23,1.6303e+23,1.6378e+23,1.6345e+23,1.605e+23,1.5888e+23,1.5938e+23,1.583e+23,1.5737e+23,1.5643e+23,1.55e+23,1.5384e+23,1.5412e+23,1.5528e+23,1.5628e+23,1.5473e+23,1.5322e+23,1.537e+23,1.5327e+23,1.5374e+23,1.544e+23,1.5419e+23,1.5377e+23,1.5317e+23,1.5308e+23,1.5185e+23,1.5169e+23,1.5136e+23,1.4985e+23,1.5044e+23,1.5017e+23,1.492e+23,1.4828e+23,1.4724e+23,1.4722e+23,1.4613e+23,1.4629e+23,1.4669e+23,1.4682e+23,1.4619e+23,1.472e+23,1.4928e+23,1.5034e+23,1.507e+23,1.5189e+23,1.5111e+23,1.5119e+23,1.49e+23,1.4929e+23,1.4914e+23,1.4789e+23,1.4748e+23,1.4704e+23,1.4332e+23,1.4226e+23,1.4171e+23,1.4026e+23,1.394e+23,1.3967e+23,1.3907e+23,1.3848e+23,1.3948e+23,1.3977e+23,1.4041e+23,1.4044e+23,1.4131e+23,1.4125e+23,1.4207e+23,1.4349e+23,1.4388e+23,1.4344e+23,1.4346e+23,1.4195e+23,1.4168e+23,1.4091e+23,1.4114e+23,1.4151e+23,1.4122e+23,1.4003e+23,1.4003e+23,1.4058e+23,1.4026e+23,1.4045e+23,1.4037e+23,1.4003e+23,1.3906e+23,1.3924e+23,1.3981e+23
43,B,False,4.3968e+22,4.3582e+22,4.3305e+22,4.3053e+22,4.2267e+22,4.2075e+22,4.2104e+22,4.215e+22,4.2573e+22,4.2757e+22,4.2549e+22,4.2567e+22,4.2432e+22,4.206e+22,4.2668e+22,4.222e+22,4.206e+22,4.2512e+22,4.3172e+22,4.2603e+22,4.2948e+22,4.3435e+22,4.353e+22,4.4182e+22,4.3977e+22,4.3334e+22,4.3341e+22,4.3141e+22,4.3618e+22,4.4005e+22,4.4242e+22,4.3893e+22,4.3542e+22,4.3059e+22,4.338e+22,4.329e+22,4.4236e+22,4.4974e+22,4.5063e+22,4.4197e+22,4.4796e+22,4.5351e+22,4.5702e+22,4.4999e+22,4.4812e+22,4.4504e+22,4.4843e+22,4.4841e+22,4.5681e+22,4.7041e+22,4.5978e+22,4.7994e+22,4.8068e+22,4.7487e+22,4.795e+22,4.7473e+22,4.9011e+22,5.0131e+22,4.9944e+22,5.2249e+22,5.3071e+22,5.3155e+22,5.0979e+22,5.0178e+22,5.1599e+22,5.1477e+22,5.2992e+22,5.2221e+22,5.1304e+22,5.2011e+22,5.1827e+22,5.1393e+22,5.1996e+22,5.1514e+22,5.0961e+22,5.2197e+22,5.3391e+22,5.4497e+22,5.5284e+22,5.4758e+22,5.444e+22,5.662e+22,5.7482e+22,5.8388e+22,5.7356e+22,5.711e+22,5.7729e+22,5.9301e+22,6.0881e+22,5.7678e+22,5.6769e+22,5.7727e+22,5.8725e+22,5.8036e+22,5.9239e+22,5.8981e+22,5.865e+22,5.8944e+22,5.7403e+22,5.7413e+22,5.8541e+22,5.9624e+22,6.1455e+22,6.1472e+22,6.1969e+22,6.3078e+22,6.2596e+22,6.3055e+22,6.3746e+22,6.2164e+22,6.142e+22,6.2238e+22,6.1635e+22,6.2549e+22,6.2962e+22,6.2796e+22,6.5161e+22,6.4427e+22,6.5194e+22
44,B,False,1.8491e+23,1.8511e+23,1.8496e+23,1.8304e+23,1.8254e+23,1.8288e+23,1.807e+23,1.7953e+23,1.793e+23,1.8029e+23,1.812e+23,1.8151e+23,1.8057e+23,1.8108e+23,1.8094e+23,1.7927e+23,1.776e+23,1.7628e+23,1.7515e+23,1.7376e+23,1.7406e+23,1.7282e+23,1.7289e+23,1.7207e+23,1.7299e+23,1.7157e+23,1.7357e+23,1.7495e+23,1.7235e+23,1.7061e+23,1.7255e+23,1.748e+23,1.7479e+23,1.754e+23,1.7815e+23,1.7617e+23,1.7432e+23,1.7321e+23,1.7439e+23,1.7373e+23,1.732e+23,1.7437e+23,1.7512e+23,1.7193e+23,1.7161e+23,1.7119e+23,1.6905e+23,1.6807e+23,1.6982e+23,1.704e+23,1.6982e+23,1.6941e+23,1.6671e+23,1.6793e+23,1.6728e+23,1.6709e+23,1.6822e+23,1.665e+23,1.6623e+23,1.6663e+23,1.6576e+23,1.6643e+23,1.6632e+23,1.6437e+23,1.6119e+23,1.6021e+23,1.6062e+23,1.5968e+23,1.5811e+23,1.5768e+23,1.5564e+23,1.566e+23,1.5964e+23,1.6167e+23,1.6142e+23,1.6122e+23,1.6105e+23,1.6121e+23,1.6384e+23,1.6522e+23,1.6475e+23,1.6422e+23,1.6526e+23,1.6331e+23,1.621e+23,1.6356e+23,1.6346e+23,1.6329e+23,1.6057e+23,1.595e+23,1.6012e+23,1.6052e+23,1.6094e+23,1.5984e+23,1.5849e+23,1.5752e+23,1.5667e+23,1.5719e+23,1.5757e+23,1.5638e+23,1.564e+23,1.5533e+23,1.53e+23,1.5366e+23,1.542e+23,1.5422e+23,1.5407e+23,1.5507e+23,1.5659e+23,1.5881e+23,1.604e+23,1.5931e+23,1.5646e+23,1.5664e+23,1.5491e+23,1.5347e+23,1.5394e+23,1.5178e+23,1.503e+23
45,B,False,9.0918e+22,9.1843e+22,8.9613e+22,9.0353e+22,8.9789e+22,8.8558e+22,8.9107e+22,8.9273e+22,9.0042e+22,8.988e+22,8.792e+22,8.6879e+22,8.5075e+22,8.3321e+22,8.4273e+22,8.4435e+22,8.2915e+22,8.2821e+22,8.2378e+22,8.0727e+22,8.1325e+22,8.0963e+22,8.1233e+22,8.07e+22,8.0731e+22,8.3719e+22,8.2736e+22,8.1577e+22,8.1706e+22,8.1253e+22,8.2003e+22,8.0897e+22,8.0951e+22,7.9627e+22,7.8482e+22,8.052e+22,7.921e+22,7.8829e+22,7.786e+22,7.7464e+22,7.7279e+22,7.5713e+22,7.483e+22,7.5043e+22,7.4376e+22,7.3949e+22,7.2362e+22,7.2148e+22,7.0846e+22,7.1781e+22,7.093e+22,6.9438e+22,6.9459e+22,6.7662e+22,6.7645e+22,6.7065e+22,6.7021e+22,6.7886e+22,6.7836e+22,6.641e+22,6.8085e+22,6.719e+22,6.6564e+22,6.6002e+22,6.5679e+22,6.5542e+22,6.4742e+22,6.3808e+22,6.5195e+22,6.5846e+22,6.5195e+22,6.3771e+22,6.4273e+22,6.3246e+22,6.2789e+22,6.2374e+22,6.1892e+22,6.3133e+22,6.2421e+22,6.1775e+22,6.2066e+22,6.1655e+22,6.1827e+22,6.058e+22,6.2712e+22,6.1293e+22,6.211e+22,6.1353e+22,6.1296e+22,6.0398e+22,5.9422e+22,5.8603e+22,5.8967e+22,5.8855e+22,5.8753e+22,5.9253e+22,5.8877e+22,5.9011e+22,5.9083e+22,5.8465e+22,5.7488e+22,5.6232e+22,5.7154e+22,5.6597e+22,5.5611e+22,5.5067e+22,5.5298e+22,5.5248e+22,5.4533e+22,5.4379e+22,5.4546e+22,5.4841e+22,5.4149e+22,5.5092e+22,5.5086e+22,5.4798e+22,5.5701e+22,5.5268e+22,5.463e+22
46,B,False,6.5762e+22,6.6649e+22,6.6594e+22,6.6856e+22,6.8524e+22,6.9825e+22,6.8056e+22,6.7305e+22,6.7372e+22,6.8306e+22,6.9051e+22,7.0583e+22,7.0053e+22,7.0926e+22,7.0157e+22,7.0268e+22,7.1198e+22,6.8979e+22,6.7712e+22,7.0593e+22,7.1512e+22,7.2406e+22,7.0098e+22,7.1446e+22,7.2159e+22,7.4154e+22,7.317e+22,7.3927e+22,7.3926e+22,7.6075e+22,7.577e+22,7.6001e+22,7.5381e+22,7.7057e+22,7.6458e+22,7.637e+22,7.7959e+22,7.8635e+22,7.6535e+22,7.9808e+22,7.9303e+22,8.192e+22,8.1571e+22,8.2162e+22,8.1943e+22,8.4834e+22,8.298e+22,8.2294e+22,8.1588e+22,8.0572e+22,7.9586e+22,8.306e+22,8.2716e+22,8.7058e+22,8.6735e+22,8.8269e+22,8.805e+22,8.858e+22,8.7704e+22,8.8762e+22,8.7416e+22,8.9166e+22,8.9389e+22,9.2166e+22,9.2435e+22,9.3894e+22,9.1898e+22,9.597e+22,9.5447e+22,9.5695e+22,9.8005e+22,9.7876e+22,9.8776e+22,1.0027e+23,1.0217e+23,1.028e+23,1.0382e+23,1.0455e+23,1.0318e+23,1.0988e+23,1.1015e+23,1.0901e+23,1.0764e+23,1.0863e+23,1.1128e+23,1.1158e+23,1.1241e+23,1.1326e+23,1.1901e+23,1.195e+23,1.219e+23,1.2265e+23,1.2229e+23,1.2228e+23,1.2153e+23,1.2507e+23,1.2726e+23,1.3029e+23,1.3249e+23,1.3133e+23,1.3421e+23,1.3284e+23,1.3285e+23,1.341e+23,1.368e+23,1.3286e+23,1.3307e+23,1.2958e+23,1.2792e+23,1.2605e+23,1.2641e+23,1.2661e+23,1.2741e+23,1.2938e+23,1.3135e+23,1.3178e+23,1.3261e+23,1.3249e+23,1.3261e+23
47,B,False,6.6809e+22,6.5229e+22,6.5514e+22,6.531e+22,6.6043e+22,6.6781e+22,6.5705e+22,6.646e+22,6.5894e+22,6.6127e+22,6.6413e+22,6.6183e+22,6.5057e+22,6.559e+22,6.5282e+22,6.5803e+22,6.6821e+22,6.585e+22,6.3878e+22,6.5436e+22,6.544e+22,6.5682e+22,6.4819e+22,6.489e+22,6.5216e+22,6.6345e+22,6.7007e+22,6.5981e+22,6.6153e+22,6.7447e+22,6.8873e+22,6.7535e+22,6.6439e+22,6.8409e+22,6.7634e+22,6.6237e+22,6.6409e+22,6.5745e+22,6.6664e+22,6.5428e+22,6.5225e+22,6.3711e+22,6.3736e+22,6.3403e+22,6.3841e+22,6.3148e+22,6.2234e+22,6.2083e+22,6.2555e+22,6.338e+22,6.3501e+22,6.2176e+22,6.1598e+22,6.2117e+22,6.1535e+22,6.2068e+22,6.1872e+22,6.1682e+22,6.2204e+22,6.1687e+22,6.1109e+22,6.3084e+22,6.2969e+22,6.4026e+22,6.3339e+22,6.2689e+22,6.2235e+22,6.1321e+22,6.1243e+22,6.2684e+22,6.2809e+22,6.3386e+22,6.274e+22,6.1802e+22,6.0627e+22,6.0525e+22,6.0521e+22,5.9861e+22,5.8971e+22,5.8056e+22,5.8556e+22,5.8219e+22,5.7903e+22,5.9154e+22,5.7996e+22,5.869e+22,5.8363e+22,5.8154e+22,5.777e+22,5.8232e+22,5.8086e+22,5.6826e+22,5.6905e+22,5.6591e+22,5.7541e+22,5.7173e+22,5.5983e+22,5.5512e+22,5.4507e+22,5.4331e+22,5.3056e+22,5.3935e+22,5.3567e+22,5.38e+22,5.3692e+22,5.2492e+22,5.307e+22,5.2205e+22,5.2566e+22,5.3018e+22,5.2396e+22,5.1767e+22,5.1101e+22,5.104e+22,5.1211e+22,5.137e+22,5.1491e+22,5.1338e+22,5.015e+22
48,B,False,1.0208e+22,1.0209e+22,1.0148e+22,1.0496e+22,1.0437e+22,1.0375e+22,9.818e+21,9.7498e+21,9.661e+21,9.9986e+21,9.6951e+21,9.3821e+21,9.5393e+21,9.3231e+21,9.324e+21,9.444e+21,9.4224e+21,9.301e+21,9.1459e+21,9.0543e+21,9.0892e+21,9.166e+21,9.3044e+21,9.4466e+21,9.4851e+21,9.9025e+21,9.7142e+21,1.0019e+22,9.8186e+21,9.624e+21,9.7652e+21,1.005e+22,9.736e+21,9.8654e+21,9.9235e+21,9.8531e+21,9.4025e+21,9.6426e+21,9.2714e+21,9.1151e+21,9.2106e+21,9.2237e+21,9.0921e+21,9.087e+21,8.7436e+21,8.9306e+21,8.7947e+21,8.7239e+21,8.9753e+21,8.7354e+21,8.5653e+21,8.4828e+21,8.5216e+21,8.4683e+21,8.5339e+21,8.5222e+21,8.5182e+21,8.3929e+21,8.7624e+21,8.6057e+21,8.6202e+21,8.4018e+21,8.2168e+21,8.069e+21,8.2393e+21,8.2975e+21,8.4558e+21,8.2913e+21,7.9574e+21,7.9694e+21,8.2247e+21,8.35e+21,8.3026e+21,8.1708e+21,8.19e+21,8.1398e+21,8.0133e+21,8.0925e+21,7.9225e+21,7.7779e+21,7.9024e+21,8.0258e+21,7.8858e+21,7.9287e+21,7.6277e+21,7.65e+21,7.8936e+21,7.8877e+21,7.5249e+21,7.6728e+21,7.7244e+21,7.6179e+21,7.6108e+21,7.7721e+21,7.8045e+21,7.7549e+21,7.7564e+21,7.8049e+21,7.7327e+21,7.8286e+21,7.7849e+21,7.7888e+21,7.695e+21,7.6966e+21,7.9358e+21,7.9502e+21,7.5954e+21,7.821e+21,8.0839e+21,8.0757e+21,8.49e+21,8.3745e+21,8.2224e+21,8.1436e+21,7.9466e+21,7.9543e+21,8.1405e+21,8.2897e+21,7.9683e+21
49,N,False,6.1575e+21,6.0786e+21,5.8709e+21,5.5651e+21,5.4593e+21,5.6146e+21,5.3552e+21,5.5242e+21,5.2067e+21,5.2456e+21,5.3861e+21,5.3754e+21,5.195e+21,5.2791e+21,5.2631e+21,5.4539e+21,5.5305e+21,5.5833e+21,5.3682e+21,5.3236e+21,5.4219e+21,5.8314e+21,5.6918e+21,5.8091e+21,5.5217e+21,5.5586e+21,5.8016e+21,5.4791e+21,5.214e+21,5.3027e+21,5.2598e+21,5.3255e+21,5.2685e+21,5.1944e+21,4.9305e+21,4.836e+21,4.764e+21,4.8206e+21,4.3942e+21,4.4056e+21,4.3142e+21,4.1153e+21,4.0366e+21,3.9742e+21,3.9638e+21,4.0056e+21,3.9537e+21,4.0996e+21,4.0549e+21,4.0358e+21,4.1735e+21,4.4273e+21,4.5104e+21,4.2813e+21,4.2858e+21,4.2804e+21,3.9799e+21,3.8752e+21,3.6907e+21,3.6456e+21,3.5368e+21,3.4819e+21,3.4799e+21,3.5971e+21,3.6252e+21,3.6853e+21,3.7096e+21,3.6819e+21,3.5121e+21,3.8062e+21,3.8522e+21,3.9085e+21,4.04e+21,4.0371e+21,4.1922e+21,4.0864e+21,4.1091e+21,3.9352e+21,3.841e+21,4.1178e+21,3.9186e+21,4.1021e+21,4.2278e+21,4.31e+21,4.2024e+21,4.1004e+21,4.0727e+21,4.0774e+21,4.0147e+21,3.8943e+21,3.9394e+21,3.81e+21,3.6524e+21,3.6349e+21,3.578e+21,3.6367e+21,3.7037e+21,3.615e+21,3.5611e+21,3.384e+21,3.6729e+21,3.6602e+21,3.7675e+21,3.6628e+21,3.741e+21,3.8263e+21,3.8186e+21,3.9984e+21,4.1004e+21,4.0067e+21,3.9925e+21,3.9129e+21,3.6802e+21,3.6615e+21,3.6526e+21,3.5002e+21,3.531e+21,3.3946e+21,3.4812e+21
50,N,False,4.5903e+21,4.3797e+21,4.2494e+21,4.8085e+21,4.7533e+21,4.5182e+21,4.4395e+21,4.5276e+21,4.5499e+21,4.2661e+21,4.0223e+21,3.9823e+21,3.9576e+21,3.8235e+21,3.7905e+21,3.8899e+21,3.7524e+21,3.667e+21,3.8253e+21,3.7151e+21,3.5408e+21,3.4462e+21,3.6567e+21,3.5612e+21,3.9109e+21,3.7553e+21,3.4705e+21,3.4718e+21,3.5406e+21,3.5342e+21,3.6108e+21,3.2883e+21,3.3664e+21,3.3729e+21,3.1455e+21,3.0163e+21,3.1082e+21,3.1211e+21,3.1153e+21,3.1261e+21,2.7707e+21,2.5068e+21,2.5421e+21,2.3276e+21,2.3023e+21,2.1711e+21,2.2422e+21,2.1126e+21,2.1455e+21,2.2328e+21,2.2049e+21,2.1638e+21,2.1055e+21,2.1141e+21,2.09e+21,2.0551e+21,1.877e+21,1.9357e+21,1.8088e+21,1.7243e+21,1.7263e+21,1.85e+21,1.7309e+21,1.6349e+21,1.6254e+21,1.6936e+21,1.5912e+21,1.5259e+21,1.5632e+21,1.5636e+21,1.5872e+21,1.4889e+21,1.4582e+21,1.4398e+21,1.4063e+21,1.443e+21,1.5345e+21,1.4534e+21,1.4528e+21,1.3225e+21,1.4249e+21,1.4256e+21,1.3551e+21,1.3262e+21,1.4307e+21,1.3711e+21,1.3757e+21,1.3455e+21,1.3054e+21,1.35e+21,1.3395e+21,1.3096e+21,1.3687e+21,1.2627e+21,1.3634e+21,1.2701e+21,1.1979e+21,1.1852e+21,1.0188e+21,9.7346e+20,9.8388e+20,1.0623e+21,1.3442e+21,1.2308e+21,1.3145e+21,1.1751e+21,1.2215e+21,1.1487e+21,1.1577e+21,1.0543e+21,1.0128e+21,9.6163e+20,9.133e+20,8.818e+20,8.5931e+20,8.8583e+20,8.255e+20,8.5911e+20,7.8187e+20
51,N,False,3.9189e+21,3.9149e+21,3.767e+21,3.6665e+21,3.8172e+21,3.8645e+21,3.8205e+21,3.7795e+21,3.8065e+21,3.8953e+21,4.1922e+21,3.8029e+21,3.6682e+21,3.6639e+21,3.42e+21,3.178e+21,3.0654e+21,2.9872e+21,3.1559e+21,2.9756e+21,3.1617e+21,3.0207e+21,3.1512e+21,2.9102e+21,2.9174e+21,2.8912e+21,2.7882e+21,2.8371e+21,2.7626e+21,2.7986e+21,2.8971e+21,2.6608e+21,2.6513e+21,2.6094e+21,2.555e+21,2.6962e+21,2.5064e+21,2.7596e+21,2.7226e+21,2.7178e+21,2.7908e+21,2.7798e+21,3.0053e+21,2.8033e+21,3.013e+21,3.0469e+21,3.0447e+21,3.2423e+21,3.3935e+21,3.5494e+21,3.4999e+21,3.5865e+21,3.4528e+21,3.5296e+21,3.2471e+21,3.126e+21,2.9721e+21,2.9486e+21,3.0771e+21,3.0658e+21,2.9174e+21,2.9337e+21,2.9608e+21,2.9347e+21,3.0081e+21,3.181e+21,3.0838e+21,3.0089e+21,3.0834e+21,3.4127e+21,3.5977e+21,3.6255e+21,3.8662e+21,3.7314e+21,3.6753e+21,3.5941e+21,3.589e+21,3.2974e+21,3.2753e+21,3.0743e+21,2.9841e+21,3.0971e+21,3.2256e+21,3.1719e+21,3.2541e+21,3.0354e+21,3.0639e+21,3.1621e+21,2.9562e+21,3.0005e+21,3.2306e+21,3.0986e+21,3.2363e+21,3.0561e+21,3.0507e+21,3.1393e+21,2.9729e+21,3.0075e+21,3.1127e+21,3.0199e+21,3.2493e+21,3.2878e+21,3.3131e+21,3.4631e+21,3.558e+21,3.3782e+21,3.5251e+21,3.5399e+21,3.6612e+21,3.841e+21,3.6503e+21,3.6288e+21,3.236e+21,2.9977e+21,3.0699e+21,3.1911e+21,3.0975e+21,3.0237e+21,2.9399e+21
