,FLARE_TYPE,COINCIDENCE,USFLUX_1,USFLUX_2,USFLUX_3,USFLUX_4,USFLUX_5,USFLUX_6,USFLUX_7,USFLUX_8,USFLUX_9,USFLUX_10,USFLUX_11,USFLUX_12,USFLUX_13,USFLUX_14,USFLUX_15,USFLUX_16,USFLUX_17,USFLUX_18,USFLUX_19,USFLUX_20,USFLUX_21,USFLUX_22,USFLUX_23,USFLUX_24,USFLUX_25,USFLUX_26,USFLUX_27,USFLUX_28,USFLUX_29,USFLUX_30,USFLUX_31,USFLUX_32,USFLUX_33,USFLUX_34,USFLUX_35,USFLUX_36,USFLUX_37,USFLUX_38,USFLUX_39,USFLUX_40,USFLUX_41,USFLUX_42,USFLUX_43,USFLUX_44,USFLUX_45,USFLUX_46,USFLUX_47,USFLUX_48,USFLUX_49,USFLUX_50,USFLUX_51,USFLUX_52,USFLUX_53,USFLUX_54,USFLUX_55,USFLUX_56,USFLUX_57,USFLUX_58,USFLUX_59,USFLUX_60,USFLUX_61,USFLUX_62,USFLUX_63,USFLUX_64,USFLUX_65,USFLUX_66,USFLUX_67,USFLUX_68,USFLUX_69,USFLUX_70,USFLUX_71,USFLUX_72,USFLUX_73,USFLUX_74,USFLUX_75,USFLUX_76,USFLUX_77,USFLUX_78,USFLUX_79,USFLUX_80,USFLUX_81,USFLUX_82,USFLUX_83,USFLUX_84,USFLUX_85,USFLUX_86,USFLUX_87,USFLUX_88,USFLUX_89,USFLUX_90,USFLUX_91,USFLUX_92,USFLUX_93,USFLUX_94,USFLUX_95,USFLUX_96,USFLUX_97,USFLUX_98,USFLUX_99,USFLUX_100,USFLUX_101,USFLUX_102,USFLUX_103,USFLUX_104,USFLUX_105,USFLUX_106,USFLUX_107,USFLUX_108,USFLUX_109,USFLUX_110,USFLUX_111,USFLUX_112,USFLUX_113,USFLUX_114,USFLUX_115,USFLUX_116,USFLUX_117,USFLUX_118,USFLUX_119
0,M,True,1.2711e+22,1.2697e+22,1.2745e+22,1.3085e+22,1.3185e+22,1.31e+22,1.297e+22,1.3158e+22,1.327e+22,1.341e+22,1.3325e+22,1.3458e+22,1.3625e+22,1.3628e+22,1.3992e+22,1.3537e+22,1.4159e+22,1.4185e+22,1.4008e+22,1.4189e+22,1.4045e+22,1.4365e+22,1.4222e+22,1.4271e+22,1.411e+22,1.4291e+22,1.4303e+22,1.415e+22,1.4507e+22,1.4214e+22,1.4557e+22,1.4041e+22,1.3976e+22,1.4146e+22,1.4102e+22,1.4375e+22,1.441e+22,1.4411e+22,1.4585e+22,1.4702e+22,1.4673e+22,1.4755e+22,1.5046e+22,1.5097e+22,1.5334e+22,1.5431e+22,1.5588e+22,1.5711e+22,1.5583e+22,1.5624e+22,1.5659e+22,1.5752e+22,1.5834e+22,1.5881e+22,1.5668e+22,1.5698e+22,1.5685e+22,1.5794e+22,1.5607e+22,1.5801e+22,1.5943e+22,1.5896e+22,1.6036e+22,1.6109e+22,1.6305e+22,1.6417e+22,1.6449e+22,1.6578e+22,1.6603e+22,1.6891e+22,1.679e+22,1.6893e+22,1.7062e+22,1.7088e+22,1.7245e+22,1.7358e+22,1.7493e+22,1.7582e+22,1.7488e+22,1.7668e+22,1.7758e+22,1.7964e+22,1.8065e+22,1.831e+22,1.8403e+22,1.8582e+22,1.8678e+22,1.8978e+22,1.9229e+22,1.9572e+22,2.0065e+22,2.0493e+22,2.0911e+22,2.1281e+22,2.1771e+22,2.1928e+22,2.2209e+22,2.2502e+22,2.2692e+22,2.257e+22,2.2653e+22,2.2756e+22,2.2834e+22,2.3259e+22,2.3528e+22,2.3174e+22,2.334e+22,2.3533e+22,2.3878e+22,2.4056e+22,2.4139e+22,2.4335e+22,2.4587e+22,2.4674e+22,2.5192e+22,2.5675e+22,2.5638e+22,2.6058e+22,2.6352e+22
1,M,True,1.5659e+22,1.5752e+22,1.5834e+22,1.5881e+22,1.5668e+22,1.5698e+22,1.5685e+22,1.5794e+22,1.5607e+22,1.5801e+22,1.5943e+22,1.5896e+22,1.6036e+22,1.6109e+22,1.6305e+22,1.6417e+22,1.6449e+22,1.6578e+22,1.6603e+22,1.6891e+22,1.679e+22,1.6893e+22,1.7062e+22,1.7088e+22,1.7245e+22,1.7358e+22,1.7493e+22,1.7582e+22,1.7488e+22,1.7668e+22,1.7758e+22,1.7964e+22,1.8065e+22,1.831e+22,1.8403e+22,1.8582e+22,1.8678e+22,1.8978e+22,1.9229e+22,1.9572e+22,2.0065e+22,2.0493e+22,2.0911e+22,2.1281e+22,2.1771e+22,2.1928e+22,2.2209e+22,2.2502e+22,2.2692e+22,2.257e+22,2.2653e+22,2.2756e+22,2.2834e+22,2.3259e+22,2.3528e+22,2.3174e+22,2.334e+22,2.3533e+22,2.3878e+22,2.4056e+22,2.4139e+22,2.4335e+22,2.4587e+22,2.4674e+22,2.5192e+22,2.5675e+22,2.5638e+22,2.6058e+22,2.6352e+22,2.6509e+22,2.6464e+22,2.6368e+22,2.645e+22,2.6485e+22,2.6602e+22,2.6813e+22,2.7039e+22,2.7312e+22,2.722e+22,2.7415e+22,2.7898e+22,2.7642e+22,2.7651e+22,2.785e+22,2.8486e+22,2.8962e+22,2.9053e+22,2.8914e+22,2.871e+22,2.9208e+22,2.9246e+22,2.967e+22,2.9527e+22,2.985e+22,3.0233e+22,3.0865e+22,3.0644e+22,3.0957e+22,3.113e+22,3.0718e+22,3.0634e+22,3.0603e+22,3.1205e+22,3.1207e+22,3.0816e+22,3.1006e+22,3.1169e+22,3.158e+22,3.2343e+22,3.2628e+22,3.33e+22,3.3376e+22,3.3596e+22,3.3877e+22,3.4132e+22,3.4652e+22,3.5075e+22,3.5188e+22,3.5359e+22
2,B,False,1.0067e+22,9.9935e+21,1.0021e+22,9.9457e+21,9.9956e+21,9.9154e+21,9.9514e+21,9.8716e+21,9.8731e+21,9.9022e+21,9.9099e+21,9.9423e+21,9.9687e+21,9.8013e+21,9.734e+21,9.7318e+21,9.6946e+21,9.7159e+21,9.713e+21,9.6511e+21,9.6189e+21,9.568e+21,9.5896e+21,9.4933e+21,9.4478e+21,9.5854e+21,9.5234e+21,9.5507e+21,9.4913e+21,9.5561e+21,9.5323e+21,9.5234e+21,9.4856e+21,9.506e+21,9.4609e+21,9.3947e+21,9.461e+21,9.3623e+21,9.456e+21,9.4976e+21,9.4788e+21,9.4771e+21,9.5021e+21,9.4529e+21,9.4746e+21,9.5174e+21,9.4651e+21,9.5324e+21,9.5432e+21,9.4341e+21,9.4791e+21,9.4841e+21,9.5415e+21,9.4408e+21,9.2655e+21,9.2194e+21,9.3156e+21,9.2821e+21,9.1795e+21,9.1352e+21,9.0994e+21,9.0587e+21,9.0383e+21,9.0007e+21,8.9611e+21,9.0269e+21,8.9651e+21,8.9655e+21,9.0361e+21,8.9551e+21,8.9912e+21,8.9788e+21,9.0796e+21,9.0402e+21,9.0208e+21,8.9495e+21,8.9981e+21,8.9558e+21,8.9042e+21,8.9125e+21,8.9553e+21,8.8673e+21,8.9976e+21,8.9452e+21,8.8658e+21,8.8628e+21,8.8991e+21,8.8116e+21,8.8554e+21,8.8516e+21,8.8859e+21,8.8388e+21,8.8078e+21,8.7798e+21,8.7883e+21,8.769e+21,8.8648e+21,8.7057e+21,8.6388e+21,8.6102e+21,8.5139e+21,8.5122e+21,8.4339e+21,8.4341e+21,8.5173e+21,8.5045e+21,8.4813e+21,8.4752e+21,8.4755e+21,8.4411e+21,8.4275e+21,8.4326e+21,8.4089e+21,8.4044e+21,8.3764e+21,8.4231e+21,8.4486e+21,8.4918e+21,8.3975e+21
3,B,True,6.2356e+21,6.1914e+21,6.1781e+21,6.2217e+21,6.264e+21,6.2331e+21,6.2291e+21,6.2932e+21,6.2138e+21,6.162e+21,6.1842e+21,6.2387e+21,6.1678e+21,6.191e+21,6.1782e+21,6.1875e+21,6.2324e+21,6.2783e+21,6.2839e+21,6.3627e+21,6.3091e+21,6.35e+21,6.3746e+21,6.4262e+21,6.4046e+21,6.4001e+21,6.4206e+21,6.5102e+21,6.5153e+21,6.4477e+21,6.5163e+21,6.6106e+21,6.6143e+21,6.6312e+21,6.668e+21,6.6889e+21,6.6293e+21,6.754e+21,6.7318e+21,6.7661e+21,6.7635e+21,6.8332e+21,6.8952e+21,6.8664e+21,6.8734e+21,6.8679e+21,6.8595e+21,6.8544e+21,6.8562e+21,6.8075e+21,6.8504e+21,6.8723e+21,6.9178e+21,6.9755e+21,7.0122e+21,6.9535e+21,6.9052e+21,6.8605e+21,6.8405e+21,6.7981e+21,6.7664e+21,6.7326e+21,6.7214e+21,6.7497e+21,6.6747e+21,6.6945e+21,6.7007e+21,6.6973e+21,6.7304e+21,6.7385e+21,6.8396e+21,6.7993e+21,6.8599e+21,6.9628e+21,6.8417e+21,6.8255e+21,6.8474e+21,6.9349e+21,6.8301e+21,6.834e+21,6.8279e+21,6.9126e+21,6.9072e+21,6.8991e+21,6.8731e+21,6.8569e+21,6.8568e+21,6.8892e+21,6.8388e+21,6.7937e+21,6.824e+21,6.8537e+21,6.8092e+21,6.8084e+21,6.8386e+21,6.7677e+21,6.7831e+21,6.8593e+21,6.8384e+21,6.8754e+21,6.8761e+21,7.1047e+21,7.1247e+21,7.1527e+21,7.1787e+21,7.1434e+21,7.201e+21,7.2539e+21,7.2487e+21,7.2802e+21,7.2707e+21,7.4252e+21,7.3582e+21,7.1934e+21,7.2019e+21,7.1539e+21,7.1492e+21,7.0753e+21,7.0879e+21
4,B,True,6.0432e+20,6.3946e+20,6.7367e+20,6.595e+20,7.3879e+20,7.8605e+20,8.1453e+20,8.5981e+20,8.6716e+20,8.5614e+20,8.9425e+20,9.5775e+20,1.0146e+21,1.01e+21,9.9091e+20,1.0192e+21,1.0634e+21,1.0601e+21,1.0932e+21,1.0849e+21,1.0976e+21,1.1215e+21,1.1176e+21,1.1358e+21,1.1005e+21,1.1392e+21,1.129e+21,1.148e+21,1.1703e+21,1.2094e+21,1.1955e+21,1.2546e+21,1.2594e+21,1.2738e+21,1.2848e+21,1.3185e+21,1.3097e+21,1.3045e+21,1.3205e+21,1.3447e+21,1.3605e+21,1.4022e+21,1.4267e+21,1.4599e+21,1.4938e+21,1.5252e+21,1.4779e+21,1.4962e+21,1.5574e+21,1.5809e+21,1.5934e+21,1.6144e+21,1.6898e+21,1.7002e+21,1.7493e+21,1.7392e+21,1.7887e+21,1.8091e+21,1.7918e+21,1.7968e+21,1.8233e+21,1.82e+21,1.8651e+21,1.921e+21,1.9207e+21,1.9696e+21,2.0079e+21,2.0113e+21,2.0288e+21,1.9923e+21,2.0525e+21,2.0527e+21,2.0584e+21,2.1246e+21,2.2013e+21,2.2413e+21,2.2666e+21,2.2545e+21,2.2882e+21,2.3212e+21,2.3721e+21,2.369e+21,2.401e+21,2.4416e+21,2.4748e+21,2.5215e+21,2.6551e+21,2.6465e+21,2.6396e+21,2.6501e+21,2.7118e+21,2.7292e+21,2.8076e+21,2.8303e+21,2.9564e+21,3.0118e+21,3.0228e+21,3.0986e+21,3.1127e+21,3.182e+21,3.2121e+21,3.2421e+21,3.233e+21,3.326e+21,3.3876e+21,3.3511e+21,3.3966e+21,3.451e+21,3.4607e+21,3.5166e+21,3.613e+21,3.6474e+21,3.736e+21,3.7585e+21,3.8827e+21,3.8254e+21,3.8287e+21,3.8816e+21,3.9899e+21
5,B,True,5.5416e+21,5.499e+21,5.4638e+21,5.415e+21,5.317e+21,5.1851e+21,5.0265e+21,4.8964e+21,4.9337e+21,4.8152e+21,4.7976e+21,4.9313e+21,4.9597e+21,4.9846e+21,5.1349e+21,5.2523e+21,5.2592e+21,5.3239e+21,5.3702e+21,5.4735e+21,5.5101e+21,5.4932e+21,5.5622e+21,5.5502e+21,5.5707e+21,5.5097e+21,5.5215e+21,5.5684e+21,5.6215e+21,5.6261e+21,5.6074e+21,5.6248e+21,5.5851e+21,5.6192e+21,5.6147e+21,5.5927e+21,5.6041e+21,5.6397e+21,5.537e+21,5.4107e+21,5.4812e+21,5.4726e+21,5.5073e+21,5.5697e+21,5.6333e+21,5.7925e+21,5.9666e+21,6.1796e+21,6.3693e+21,6.7168e+21,6.8872e+21,7.0451e+21,7.165e+21,7.207e+21,7.2571e+21,7.3263e+21,7.3148e+21,7.2563e+21,7.2668e+21,7.1449e+21,7.3226e+21,7.1757e+21,7.2493e+21,7.2065e+21,7.3157e+21,7.4408e+21,7.5202e+21,7.6485e+21,7.8197e+21,7.8862e+21,8.0257e+21,8.1548e+21,8.1612e+21,8.2807e+21,8.5079e+21,8.5872e+21,8.5389e+21,8.6194e+21,8.6647e+21,8.8314e+21,8.7333e+21,8.9126e+21,8.9408e+21,9.0309e+21,9.1772e+21,9.2245e+21,9.3324e+21,9.3494e+21,9.523e+21,9.6536e+21,9.7313e+21,1.0058e+22,1.0146e+22,1.042e+22,1.0375e+22,1.0474e+22,1.0425e+22,1.0673e+22,1.0636e+22,1.0729e+22,1.0839e+22,1.0729e+22,1.0829e+22,1.0962e+22,1.0888e+22,1.0862e+22,1.0864e+22,1.0776e+22,1.0846e+22,1.0731e+22,1.1041e+22,1.1332e+22,1.1462e+22,1.1639e+22,1.1793e+22,1.1767e+22,1.1859e+22,1.1937e+22,1.1957e+22
6,B,False,5.929e+21,5.8653e+21,5.7205e+21,5.7059e+21,5.5286e+21,5.5607e+21,5.502e+21,5.4826e+21,5.5159e+21,5.4978e+21,5.5789e+21,5.5829e+21,5.5289e+21,5.5153e+21,5.5035e+21,5.4305e+21,5.4118e+21,5.4442e+21,5.3867e+21,5.379e+21,5.4209e+21,5.3967e+21,5.304e+21,5.3235e+21,5.2396e+21,5.2628e+21,5.1527e+21,5.1395e+21,5.1236e+21,5.0512e+21,5.037e+21,4.9324e+21,4.9941e+21,5.0443e+21,4.8979e+21,4.9133e+21,4.876e+21,4.7858e+21,4.7692e+21,4.6632e+21,4.7465e+21,4.7217e+21,4.6018e+21,4.617e+21,4.5914e+21,4.4705e+21,4.4453e+21,4.4269e+21,4.4936e+21,4.4099e+21,4.3497e+21,4.331e+21,4.2923e+21,4.2484e+21,4.1685e+21,4.1892e+21,4.0059e+21,3.9812e+21,3.8892e+21,3.8743e+21,3.869e+21,3.8035e+21,3.8716e+21,4.0434e+21,4.1498e+21,4.1083e+21,4.1563e+21,3.9905e+21,4.0822e+21,3.9151e+21,4.0308e+21,3.9218e+21,3.8769e+21,3.8204e+21,3.7249e+21,3.6438e+21,3.5642e+21,3.5469e+21,3.5472e+21,3.5744e+21,3.5332e+21,3.4995e+21,3.5504e+21,3.517e+21,3.4822e+21,3.4416e+21,3.3704e+21,3.3469e+21,3.4592e+21,3.4348e+21,3.4382e+21,3.3866e+21,3.3561e+21,3.3893e+21,3.2078e+21,3.2757e+21,3.2968e+21,3.2558e+21,3.2769e+21,3.2066e+21,3.1863e+21,3.2157e+21,3.1842e+21,3.2426e+21,3.2719e+21,3.2728e+21,3.2194e+21,3.2481e+21,3.1257e+21,3.0752e+21,3.065e+21,3.0308e+21,3.0228e+21,2.9316e+21,2.9619e+21,2.8907e+21,2.9119e+21,2.9185e+21,2.9819e+21
7,B,False,5.5811e+21,5.5975e+21,5.6466e+21,5.6679e+21,5.721e+21,5.7073e+21,5.7737e+21,5.7647e+21,5.7872e+21,5.7898e+21,5.8022e+21,5.8004e+21,5.7977e+21,5.7977e+21,5.8102e+21,5.7596e+21,5.6972e+21,5.6952e+21,5.7001e+21,5.6627e+21,5.6495e+21,5.6827e+21,5.6849e+21,5.6702e+21,5.6865e+21,5.6994e+21,5.7143e+21,5.6891e+21,5.707e+21,5.6481e+21,5.5891e+21,5.5402e+21,5.5814e+21,5.5608e+21,5.5465e+21,5.5365e+21,5.5248e+21,5.5086e+21,5.5482e+21,5.5362e+21,5.5502e+21,5.575e+21,5.5686e+21,5.5826e+21,5.5773e+21,5.5868e+21,5.6089e+21,5.5786e+21,5.5255e+21,5.6168e+21,5.6261e+21,5.6271e+21,5.6222e+21,5.6659e+21,5.6623e+21,5.6691e+21,5.6049e+21,5.6704e+21,5.7321e+21,5.7356e+21,5.7336e+21,5.6947e+21,5.6455e+21,5.6119e+21,5.5595e+21,5.5416e+21,5.5172e+21,5.518e+21,5.4828e+21,5.4958e+21,5.5403e+21,5.5315e+21,5.5612e+21,5.5758e+21,5.6057e+21,5.6186e+21,5.6081e+21,5.6132e+21,5.5505e+21,5.5717e+21,5.5654e+21,5.5682e+21,5.5648e+21,5.5365e+21,5.5659e+21,5.5416e+21,5.5339e+21,5.5405e+21,5.5245e+21,5.5391e+21,5.5635e+21,5.5567e+21,5.5634e+21,5.5664e+21,5.5764e+21,5.5951e+21,5.5743e+21,5.5472e+21,5.5446e+21,5.5157e+21,5.4775e+21,5.4538e+21,5.4283e+21,5.4133e+21,5.4111e+21,5.4244e+21,5.4303e+21,5.4079e+21,5.4213e+21,5.4191e+21,5.4099e+21,5.4105e+21,5.4203e+21,5.3806e+21,5.392e+21,5.4131e+21,5.4176e+21,5.4001e+21,5.4304e+21
8,B,False,9.6483e+21,9.7236e+21,9.7227e+21,9.662e+21,9.6798e+21,9.718e+21,9.6861e+21,9.6717e+21,9.5696e+21,9.5177e+21,9.4272e+21,9.3215e+21,9.3119e+21,9.4019e+21,9.2601e+21,9.2702e+21,9.1988e+21,9.1327e+21,9.1602e+21,9.1493e+21,9.2839e+21,9.3516e+21,9.2931e+21,9.3998e+21,9.4536e+21,9.462e+21,9.5006e+21,9.5526e+21,9.5922e+21,9.6271e+21,9.6405e+21,9.6622e+21,9.7637e+21,9.7872e+21,9.7932e+21,9.8341e+21,9.8541e+21,9.6766e+21,9.6465e+21,9.5871e+21,9.6081e+21,9.5701e+21,9.6266e+21,9.5414e+21,9.384e+21,9.4238e+21,9.3938e+21,9.451e+21,9.4455e+21,9.4523e+21,9.4462e+21,9.3289e+21,9.379e+21,9.4334e+21,9.5414e+21,9.6221e+21,9.715e+21,9.7378e+21,9.7279e+21,9.6257e+21,9.5548e+21,9.5028e+21,9.6481e+21,9.5333e+21,9.5963e+21,9.5974e+21,9.8066e+21,9.8459e+21,9.8993e+21,9.9297e+21,1.0032e+22,1.0156e+22,1.0178e+22,1.0164e+22,1.0191e+22,1.0205e+22,1.0289e+22,1.0204e+22,1.0205e+22,1.0287e+22,1.0383e+22,1.0335e+22,1.0374e+22,1.0444e+22,1.0406e+22,1.0432e+22,1.0348e+22,1.0419e+22,1.0467e+22,1.0463e+22,1.0558e+22,1.0495e+22,1.0686e+22,1.0693e+22,1.0938e+22,1.099e+22,1.0874e+22,1.1016e+22,1.1084e+22,1.1111e+22,1.1122e+22,1.1217e+22,1.1279e+22,1.1324e+22,1.1253e+22,1.1371e+22,1.1349e+22,1.1237e+22,1.1213e+22,1.1185e+22,1.117e+22,1.1037e+22,1.1109e+22,1.1171e+22,1.115e+22,1.1151e+22,1.1075e+22,1.0921e+22,1.0969e+22
9,B,False,9.1139e+21,9.0253e+21,8.9782e+21,8.9306e+21,8.9018e+21,8.8593e+21,8.8187e+21,8.7718e+21,8.7157e+21,8.6972e+21,8.5964e+21,8.5612e+21,8.523e+21,8.3672e+21,8.3944e+21,8.4575e+21,8.5137e+21,8.5079e+21,8.5309e+21,8.6026e+21,8.5849e+21,8.5286e+21,8.4206e+21,8.3165e+21,8.216e+21,8.1622e+21,8.1234e+21,8.1579e+21,8.099e+21,8.0425e+21,8.0957e+21,8.0021e+21,8.0265e+21,8.0357e+21,8.0116e+21,7.9783e+21,8.0164e+21,7.9478e+21,7.929e+21,7.953e+21,7.8803e+21,7.8829e+21,7.7939e+21,7.8224e+21,7.7935e+21,7.7785e+21,7.7456e+21,7.7011e+21,7.7028e+21,7.6452e+21,7.6861e+21,7.6566e+21,7.6222e+21,7.5584e+21,7.5048e+21,7.5431e+21,7.5101e+21,7.464e+21,7.5087e+21,7.5847e+21,7.5227e+21,7.5679e+21,7.5604e+21,7.7187e+21,7.7734e+21,7.8183e+21,7.8064e+21,7.8254e+21,7.6987e+21,7.6253e+21,7.4711e+21,7.4767e+21,7.5294e+21,7.4478e+21,7.4133e+21,7.4091e+21,7.3881e+21,7.3168e+21,7.3493e+21,7.3184e+21,7.236e+21,7.2863e+21,7.3074e+21,7.2975e+21,7.3175e+21,7.3941e+21,7.5379e+21,7.5424e+21,7.5515e+21,7.5285e+21,7.5358e+21,7.4551e+21,7.5036e+21,7.4958e+21,7.4528e+21,7.4854e+21,7.4443e+21,7.3836e+21,7.3721e+21,7.3059e+21,7.2717e+21,7.2443e+21,7.2205e+21,7.2105e+21,7.2567e+21,7.1226e+21,7.2105e+21,7.1826e+21,7.2425e+21,7.2748e+21,7.2246e+21,7.291e+21,7.3188e+21,7.2328e+21,7.191e+21,7.1638e+21,7.1271e+21,7.0499e+21,6.9122e+21
10,B,True,1.6863e+22,1.6832e+22,1.6735e+22,1.6762e+22,1.6756e+22,1.6637e+22,1.6721e+22,1.6712e+22,1.6707e+22,1.671e+22,1.6784e+22,1.6659e+22,1.6653e+22,1.6698e+22,1.6589e+22,1.6616e+22,1.6682e+22,1.6592e+22,1.6684e+22,1.6649e+22,1.663e+22,1.6722e+22,1.6664e+22,1.6693e+22,1.672e+22,1.6765e+22,1.6748e+22,1.674e+22,1.6758e+22,1.6713e+22,1.6627e+22,1.6615e+22,1.6593e+22,1.6604e+22,1.658e+22,1.6504e+22,1.6522e+22,1.6477e+22,1.6356e+22,1.6302e+22,1.6292e+22,1.624e+22,1.6227e+22,1.6152e+22,1.6155e+22,1.6165e+22,1.615e+22,1.6188e+22,1.6161e+22,1.6118e+22,1.6126e+22,1.5945e+22,1.5846e+22,1.5847e+22,1.5882e+22,1.5966e+22,1.5973e+22,1.5942e+22,1.6021e+22,1.6117e+22,1.6236e+22,1.6084e+22,1.6039e+22,1.5916e+22,1.579e+22,1.5724e+22,1.5649e+22,1.5601e+22,1.5562e+22,1.556e+22,1.5498e+22,1.5498e+22,1.5561e+22,1.5473e+22,1.5509e+22,1.5581e+22,1.5637e+22,1.552e+22,1.5506e+22,1.5449e+22,1.5499e+22,1.5549e+22,1.5592e+22,1.5695e+22,1.5702e+22,1.5769e+22,1.5779e+22,1.5847e+22,1.5773e+22,1.5802e+22,1.5758e+22,1.5705e+22,1.5636e+22,1.5645e+22,1.5641e+22,1.5607e+22,1.5568e+22,1.5551e+22,1.5437e+22,1.5443e+22,1.5402e+22,1.5401e+22,1.541e+22,1.5357e+22,1.5452e+22,1.5507e+22,1.5511e+22,1.5624e+22,1.5726e+22,1.5852e+22,1.5953e+22,1.5896e+22,1.5936e+22,1.5943e+22,1.5749e+22,1.5716e+22,1.569e+22,1.5637e+22,1.5621e+22
11,B,True,2.9068e+22,2.8357e+22,2.806e+22,2.7605e+22,2.7421e+22,2.7378e+22,2.7528e+22,2.7518e+22,2.7815e+22,2.7892e+22,2.8199e+22,2.8341e+22,2.852e+22,2.8393e+22,2.8524e+22,2.863e+22,2.8679e+22,2.8607e+22,2.8437e+22,2.8116e+22,2.7795e+22,2.7219e+22,2.6547e+22,2.5843e+22,2.5599e+22,2.525e+22,2.501e+22,2.4939e+22,2.4762e+22,2.4528e+22,2.4596e+22,2.473e+22,2.4774e+22,2.4729e+22,2.482e+22,2.4925e+22,2.501e+22,2.4843e+22,2.4628e+22,2.4619e+22,2.4457e+22,2.44e+22,2.4454e+22,2.4357e+22,2.4388e+22,2.4401e+22,2.4351e+22,2.4266e+22,2.4082e+22,2.3892e+22,2.377e+22,2.3856e+22,2.3752e+22,2.3708e+22,2.3711e+22,2.3849e+22,2.3972e+22,2.4004e+22,2.4217e+22,2.4697e+22,2.5174e+22,2.5409e+22,2.5897e+22,2.6151e+22,2.6301e+22,2.6261e+22,2.5796e+22,2.5396e+22,2.5325e+22,2.4821e+22,2.4857e+22,2.4499e+22,2.43e+22,2.4234e+22,2.4062e+22,2.4187e+22,2.4209e+22,2.4499e+22,2.5033e+22,2.534e+22,2.567e+22,2.6049e+22,2.6117e+22,2.6382e+22,2.641e+22,2.6404e+22,2.6426e+22,2.6417e+22,2.6313e+22,2.6204e+22,2.5948e+22,2.5782e+22,2.582e+22,2.5746e+22,2.5586e+22,2.5547e+22,2.5452e+22,2.5225e+22,2.5326e+22,2.5388e+22,2.5485e+22,2.5492e+22,2.5318e+22,2.5273e+22,2.5046e+22,2.5016e+22,2.5088e+22,2.5288e+22,2.5292e+22,2.5218e+22,2.5167e+22,2.5114e+22,2.5111e+22,2.4974e+22,2.491e+22,2.4643e+22,2.4307e+22,2.4038e+22,2.3818e+22
12,B,True,1.3017e+22,1.2939e+22,1.2936e+22,1.2857e+22,1.2747e+22,1.2701e+22,1.2566e+22,1.2294e+22,1.2142e+22,1.1964e+22,1.1731e+22,1.1637e+22,1.1492e+22,1.1284e+22,1.1221e+22,1.115e+22,1.1039e+22,1.1016e+22,1.1017e+22,1.0932e+22,1.0965e+22,1.093e+22,1.0937e+22,1.0995e+22,1.1048e+22,1.1125e+22,1.1089e+22,1.1298e+22,1.1249e+22,1.1444e+22,1.1455e+22,1.156e+22,1.1836e+22,1.1799e+22,1.2048e+22,1.2164e+22,1.221e+22,1.2263e+22,1.2247e+22,1.22e+22,1.217e+22,1.1993e+22,1.1828e+22,1.1762e+22,1.1662e+22,1.1425e+22,1.1402e+22,1.1242e+22,1.1052e+22,1.0971e+22,1.0686e+22,1.055e+22,1.0492e+22,1.0445e+22,1.0307e+22,1.0343e+22,1.0337e+22,1.0226e+22,1.0348e+22,1.041e+22,1.0649e+22,1.0659e+22,1.0839e+22,1.0913e+22,1.0999e+22,1.0963e+22,1.1061e+22,1.1041e+22,1.0934e+22,1.1008e+22,1.0934e+22,1.1018e+22,1.089e+22,1.0812e+22,1.0838e+22,1.0864e+22,1.0836e+22,1.0779e+22,1.0727e+22,1.0799e+22,1.0677e+22,1.0648e+22,1.066e+22,1.0725e+22,1.0652e+22,1.0652e+22,1.0668e+22,1.0584e+22,1.0606e+22,1.0523e+22,1.0628e+22,1.048e+22,1.0381e+22,1.0221e+22,1.0161e+22,9.9498e+21,9.8954e+21,9.7427e+21,9.7125e+21,9.5964e+21,9.2952e+21,9.2248e+21,9.1607e+21,9.0888e+21,9.0867e+21,9.0965e+21,9.1719e+21,9.1377e+21,9.1774e+21,9.3377e+21,9.3809e+21,9.3721e+21,9.3784e+21,9.4826e+21,9.5258e+21,9.5667e+21,9.5523e+21,9.5535e+21,9.5192e+21
13,B,True,2.4532e+21,2.4492e+21,2.4015e+21,2.395e+21,2.3938e+21,2.3409e+21,2.3132e+21,2.3597e+21,2.3601e+21,2.337e+21,2.2874e+21,2.3241e+21,2.3299e+21,2.3645e+21,2.3399e+21,2.2861e+21,2.362e+21,2.3861e+21,2.402e+21,2.3953e+21,2.3868e+21,2.3956e+21,2.4193e+21,2.4225e+21,2.4048e+21,2.4415e+21,2.4032e+21,2.4096e+21,2.4253e+21,2.3929e+21,2.3666e+21,2.3438e+21,2.3579e+21,2.3669e+21,2.3633e+21,2.3846e+21,2.4463e+21,2.4104e+21,2.4604e+21,2.4727e+21,2.4622e+21,2.421e+21,2.4418e+21,2.4561e+21,2.4488e+21,2.4198e+21,2.4023e+21,2.3825e+21,2.382e+21,2.3087e+21,2.3344e+21,2.3055e+21,2.2665e+21,2.2923e+21,2.2837e+21,2.2409e+21,2.2704e+21,2.2292e+21,2.252e+21,2.2477e+21,2.2555e+21,2.2986e+21,2.3168e+21,2.2735e+21,2.2456e+21,2.26e+21,2.2559e+21,2.2552e+21,2.2253e+21,2.2058e+21,2.1371e+21,2.1565e+21,2.113e+21,2.1047e+21,2.0386e+21,2.0216e+21,1.9813e+21,1.9586e+21,1.976e+21,1.9488e+21,1.9258e+21,1.8866e+21,1.8688e+21,1.8883e+21,1.9072e+21,1.896e+21,1.8837e+21,1.9064e+21,1.9005e+21,1.8953e+21,1.9346e+21,1.9055e+21,1.8929e+21,1.8934e+21,1.9284e+21,1.9021e+21,1.8978e+21,1.8284e+21,1.8345e+21,1.8845e+21,1.8502e+21,1.7939e+21,1.7829e+21,1.7893e+21,1.8135e+21,1.7958e+21,1.8053e+21,1.8289e+21,1.8312e+21,1.8431e+21,1.8521e+21,1.8237e+21,1.8986e+21,1.9647e+21,1.9674e+21,1.9747e+21,2.0027e+21,2.0683e+21,2.0705e+21
14,B,True,2.4356e+21,2.5229e+21,2.6177e+21,2.6427e+21,2.6658e+21,2.6759e+21,2.6926e+21,2.7031e+21,2.7036e+21,2.6633e+21,2.6463e+21,2.6413e+21,2.6248e+21,2.605e+21,2.6347e+21,2.6539e+21,2.6257e+21,2.6479e+21,2.6701e+21,2.6569e+21,2.6737e+21,2.6592e+21,2.6655e+21,2.6382e+21,2.6674e+21,2.6856e+21,2.7044e+21,2.7054e+21,2.6738e+21,2.6777e+21,2.7268e+21,2.7008e+21,2.6594e+21,2.6903e+21,2.6539e+21,2.6624e+21,2.6635e+21,2.6579e+21,2.6559e+21,2.6381e+21,2.6297e+21,2.652e+21,2.6922e+21,2.7369e+21,2.7298e+21,2.7516e+21,2.7954e+21,2.8044e+21,2.858e+21,2.8486e+21,2.9411e+21,2.9439e+21,2.9261e+21,2.8794e+21,2.9025e+21,2.873e+21,2.9131e+21,2.8972e+21,2.9292e+21,3.002e+21,3.0403e+21,3.0553e+21,3.0788e+21,3.1617e+21,3.2542e+21,3.254e+21,3.3378e+21,3.4348e+21,3.468e+21,3.4747e+21,3.4634e+21,3.5257e+21,3.4655e+21,3.485e+21,3.5246e+21,3.548e+21,3.5877e+21,3.5599e+21,3.5477e+21,3.57e+21,3.5605e+21,3.5517e+21,3.5139e+21,3.5516e+21,3.5726e+21,3.5881e+21,3.6105e+21,3.6738e+21,3.7036e+21,3.6869e+21,3.6764e+21,3.7197e+21,3.7475e+21,3.8407e+21,3.7971e+21,3.8461e+21,3.8599e+21,3.8448e+21,3.9139e+21,3.9365e+21,3.9181e+21,3.972e+21,3.9668e+21,4.0109e+21,4.0671e+21,4.0742e+21,4.0567e+21,4.0602e+21,4.0863e+21,4.0634e+21,4.106e+21,4.0697e+21,4.1597e+21,4.1943e+21,4.1644e+21,4.2399e+21,4.248e+21,4.3613e+21,4.417e+21
15,B,True,1.1972e+22,1.1926e+22,1.1818e+22,1.1765e+22,1.1701e+22,1.177e+22,1.1646e+22,1.1649e+22,1.166e+22,1.1599e+22,1.166e+22,1.1592e+22,1.1528e+22,1.1526e+22,1.1491e+22,1.152e+22,1.1456e+22,1.1459e+22,1.148e+22,1.1469e+22,1.1458e+22,1.1391e+22,1.1368e+22,1.1476e+22,1.1522e+22,1.1629e+22,1.1671e+22,1.1677e+22,1.1806e+22,1.1859e+22,1.1881e+22,1.1886e+22,1.1952e+22,1.1902e+22,1.1861e+22,1.1876e+22,1.1821e+22,1.1805e+22,1.1797e+22,1.1756e+22,1.1655e+22,1.1689e+22,1.1478e+22,1.1319e+22,1.122e+22,1.1235e+22,1.1255e+22,1.1302e+22,1.1286e+22,1.1337e+22,1.1345e+22,1.1371e+22,1.1438e+22,1.1518e+22,1.1462e+22,1.144e+22,1.1436e+22,1.1394e+22,1.132e+22,1.1281e+22,1.1249e+22,1.1205e+22,1.1133e+22,1.1145e+22,1.1091e+22,1.1074e+22,1.1021e+22,1.096e+22,1.0928e+22,1.0913e+22,1.0967e+22,1.0938e+22,1.0918e+22,1.0968e+22,1.0868e+22,1.08e+22,1.0793e+22,1.0754e+22,1.0772e+22,1.0783e+22,1.0779e+22,1.0643e+22,1.0645e+22,1.0705e+22,1.0695e+22,1.0691e+22,1.0674e+22,1.0695e+22,1.0687e+22,1.07e+22,1.0639e+22,1.0446e+22,1.0336e+22,1.0295e+22,1.0196e+22,1.0093e+22,9.9964e+21,9.9337e+21,9.8034e+21,9.7375e+21,9.7761e+21,9.8764e+21,9.91e+21,9.9954e+21,9.9304e+21,9.9273e+21,9.9008e+21,9.8917e+21,9.8543e+21,9.8974e+21,9.8815e+21,9.8156e+21,9.8503e+21,9.834e+21,9.779e+21,9.7749e+21,9.7015e+21,9.6567e+21,9.5429e+21
16,B,True,5.6553e+21,5.6936e+21,5.729e+21,5.6068e+21,5.5921e+21,5.6251e+21,5.5291e+21,5.4409e+21,5.4602e+21,5.5203e+21,5.4311e+21,5.4372e+21,5.5094e+21,5.519e+21,5.4947e+21,5.4725e+21,5.4641e+21,5.4884e+21,5.5574e+21,5.4602e+21,5.4264e+21,5.5894e+21,5.5078e+21,5.5392e+21,5.5081e+21,5.488e+21,5.5068e+21,5.4606e+21,5.4353e+21,5.3713e+21,5.4367e+21,5.389e+21,5.3877e+21,5.4005e+21,5.4132e+21,5.4322e+21,5.4148e+21,5.4449e+21,5.3901e+21,5.357e+21,5.3722e+21,5.3666e+21,5.4561e+21,5.4015e+21,5.4358e+21,5.3869e+21,5.392e+21,5.4399e+21,5.4968e+21,5.4664e+21,5.4574e+21,5.4792e+21,5.4792e+21,5.4177e+21,5.418e+21,5.4101e+21,5.3972e+21,5.4143e+21,5.4027e+21,5.3892e+21,5.3839e+21,5.4568e+21,5.457e+21,5.5887e+21,5.6992e+21,5.7187e+21,5.7507e+21,5.8555e+21,5.8747e+21,5.8984e+21,5.924e+21,6.0371e+21,6.0973e+21,6.0578e+21,6.0903e+21,6.0882e+21,5.9971e+21,5.9007e+21,5.8556e+21,5.8868e+21,5.893e+21,5.8527e+21,5.8811e+21,5.8618e+21,5.8508e+21,5.8745e+21,5.9775e+21,5.9754e+21,5.9485e+21,5.983e+21,5.9917e+21,6.1187e+21,6.1183e+21,6.1343e+21,6.1187e+21,6.1313e+21,6.1727e+21,6.1704e+21,6.1465e+21,6.1103e+21,6.0791e+21,6.0661e+21,6.0703e+21,6.0324e+21,5.9815e+21,6.0667e+21,6.0314e+21,6.0355e+21,6.0195e+21,6.0845e+21,6.0933e+21,6.1791e+21,6.1937e+21,6.3377e+21,6.4441e+21,6.5504e+21,6.6084e+21,6.6842e+21,6.7967e+21
17,B,False,6.8274e+21,6.8476e+21,6.6688e+21,6.6372e+21,6.6167e+21,6.6629e+21,6.6958e+21,6.6224e+21,6.6267e+21,6.5923e+21,6.5871e+21,6.7245e+21,6.7456e+21,6.8098e+21,6.8618e+21,6.9792e+21,7.0118e+21,6.9921e+21,6.8678e+21,6.7354e+21,6.7097e+21,6.7488e+21,6.6261e+21,6.4999e+21,6.4421e+21,6.3871e+21,6.3286e+21,6.2871e+21,6.418e+21,6.4292e+21,6.3741e+21,6.3616e+21,6.3895e+21,6.3595e+21,6.4485e+21,6.4403e+21,6.4588e+21,6.5243e+21,6.5099e+21,6.5187e+21,6.5553e+21,6.5849e+21,6.598e+21,6.571e+21,6.6487e+21,6.5597e+21,6.5052e+21,6.5305e+21,6.4789e+21,6.4193e+21,6.3644e+21,6.3788e+21,6.3137e+21,6.301e+21,6.1655e+21,6.2253e+21,6.1924e+21,6.1251e+21,6.0283e+21,6.0473e+21,6.1677e+21,6.2041e+21,6.2713e+21,6.3554e+21,6.3963e+21,6.3976e+21,6.5528e+21,6.5593e+21,6.6827e+21,6.5832e+21,6.4553e+21,6.4603e+21,6.2785e+21,6.1078e+21,6.1005e+21,6.0284e+21,5.9828e+21,5.7998e+21,5.8298e+21,5.788e+21,5.692e+21,5.7397e+21,5.785e+21,5.8133e+21,5.8763e+21,5.8645e+21,5.9651e+21,5.9752e+21,6.0202e+21,6.0267e+21,5.9545e+21,5.971e+21,5.9507e+21,5.8637e+21,5.8605e+21,5.7322e+21,5.8119e+21,5.7643e+21,5.8045e+21,5.8278e+21,5.7708e+21,5.811e+21,5.7337e+21,5.7619e+21,5.7972e+21,5.6288e+21,5.6065e+21,5.6457e+21,5.6812e+21,5.5952e+21,5.6222e+21,5.5047e+21,5.4833e+21,5.3287e+21,5.3872e+21,5.3412e+21,5.2467e+21,5.0455e+21,5.0015e+21
18,B,False,5.4846e+21,5.4045e+21,5.5171e+21,5.5416e+21,5.499e+21,5.4638e+21,5.415e+21,5.317e+21,5.1851e+21,5.0265e+21,4.8964e+21,4.9337e+21,4.8152e+21,4.7976e+21,4.9313e+21,4.9597e+21,4.9846e+21,5.1349e+21,5.2523e+21,5.2592e+21,5.3239e+21,5.3702e+21,5.4735e+21,5.5101e+21,5.4932e+21,5.5622e+21,5.5502e+21,5.5707e+21,5.5097e+21,5.5215e+21,5.5684e+21,5.6215e+21,5.6261e+21,5.6074e+21,5.6248e+21,5.5851e+21,5.6192e+21,5.6147e+21,5.5927e+21,5.6041e+21,5.6397e+21,5.537e+21,5.4107e+21,5.4812e+21,5.4726e+21,5.5073e+21,5.5697e+21,5.6333e+21,5.7925e+21,5.9666e+21,6.1796e+21,6.3693e+21,6.7168e+21,6.8872e+21,7.0451e+21,7.165e+21,7.207e+21,7.2571e+21,7.3263e+21,7.3148e+21,7.2563e+21,7.2668e+21,7.1449e+21,7.3226e+21,7.1757e+21,7.2493e+21,7.2065e+21,7.3157e+21,7.4408e+21,7.5202e+21,7.6485e+21,7.8197e+21,7.8862e+21,8.0257e+21,8.1548e+21,8.1612e+21,8.2807e+21,8.5079e+21,8.5872e+21,8.5389e+21,8.6194e+21,8.6647e+21,8.8314e+21,8.7333e+21,8.9126e+21,8.9408e+21,9.0309e+21,9.1772e+21,9.2245e+21,9.3324e+21,9.3494e+21,9.523e+21,9.6536e+21,9.7313e+21,1.0058e+22,1.0146e+22,1.042e+22,1.0375e+22,1.0474e+22,1.0425e+22,1.0673e+22,1.0636e+22,1.0729e+22,1.0839e+22,1.0729e+22,1.0829e+22,1.0962e+22,1.0888e+22,1.0862e+22,1.0864e+22,1.0776e+22,1.0846e+22,1.0731e+22,1.1041e+22,1.1332e+22,1.1462e+22,1.1639e+22,1.1793e+22,1.1767e+22
19,B,True,4.9764e+21,4.9334e+21,4.9436e+21,4.8903e+21,4.8713e+21,4.8679e+21,4.845e+21,4.7484e+21,4.7276e+21,4.6507e+21,4.6089e+21,4.5876e+21,4.5829e+21,4.5064e+21,4.4833e+21,4.4222e+21,4.4423e+21,4.415e+21,4.4063e+21,4.3782e+21,4.3907e+21,4.4088e+21,4.3555e+21,4.3958e+21,4.4347e+21,4.4502e+21,4.5029e+21,4.4088e+21,4.4717e+21,4.522e+21,4.5161e+21,4.6072e+21,4.5638e+21,4.5675e+21,4.632e+21,4.6114e+21,4.6809e+21,4.7186e+21,4.7424e+21,4.7989e+21,4.7579e+21,4.8622e+21,4.7754e+21,4.8e+21,4.9426e+21,4.8577e+21,4.8216e+21,4.8947e+21,4.9538e+21,4.8932e+21,4.9923e+21,4.9832e+21,5.0661e+21,5.0356e+21,5.1429e+21,5.2328e+21,5.1867e+21,5.19e+21,5.2457e+21,5.3425e+21,5.2692e+21,5.2812e+21,5.2664e+21,5.3228e+21,5.3754e+21,5.3541e+21,5.3489e+21,5.2818e+21,5.3854e+21,5.4021e+21,5.3706e+21,5.3735e+21,5.3648e+21,5.2417e+21,5.2125e+21,5.1669e+21,5.077e+21,5.0602e+21,5.0648e+21,5.0521e+21,5.035e+21,5.0162e+21,5.0655e+21,4.9716e+21,5.0059e+21,4.9943e+21,4.9779e+21,4.9774e+21,4.9875e+21,5.002e+21,4.9974e+21,4.9225e+21,4.9324e+21,4.9563e+21,4.9619e+21,5.0384e+21,4.9882e+21,4.9969e+21,5.0325e+21,5.1139e+21,5.1665e+21,5.218e+21,5.2469e+21,5.2158e+21,5.3161e+21,5.3914e+21,5.5313e+21,5.5486e+21,5.5998e+21,5.6388e+21,5.6228e+21,5.6243e+21,5.5684e+21,5.6586e+21,5.6455e+21,5.6195e+21,5.5905e+21,5.5159e+21,5.5902e+21
20,B,False,6.668e+21,6.6889e+21,6.6293e+21,6.754e+21,6.7318e+21,6.7661e+21,6.7635e+21,6.8332e+21,6.8952e+21,6.8664e+21,6.8734e+21,6.8679e+21,6.8595e+21,6.8544e+21,6.8562e+21,6.8075e+21,6.8504e+21,6.8723e+21,6.9178e+21,6.9755e+21,7.0122e+21,6.9535e+21,6.9052e+21,6.8605e+21,6.8405e+21,6.7981e+21,6.7664e+21,6.7326e+21,6.7214e+21,6.7497e+21,6.6747e+21,6.6945e+21,6.7007e+21,6.6973e+21,6.7304e+21,6.7385e+21,6.8396e+21,6.7993e+21,6.8599e+21,6.9628e+21,6.8417e+21,6.8255e+21,6.8474e+21,6.9349e+21,6.8301e+21,6.834e+21,6.8279e+21,6.9126e+21,6.9072e+21,6.8991e+21,6.8731e+21,6.8569e+21,6.8568e+21,6.8892e+21,6.8388e+21,6.7937e+21,6.824e+21,6.8537e+21,6.8092e+21,6.8084e+21,6.8386e+21,6.7677e+21,6.7831e+21,6.8593e+21,6.8384e+21,6.8754e+21,6.8761e+21,7.1047e+21,7.1247e+21,7.1527e+21,7.1787e+21,7.1434e+21,7.201e+21,7.2539e+21,7.2487e+21,7.2802e+21,7.2707e+21,7.4252e+21,7.3582e+21,7.1934e+21,7.2019e+21,7.1539e+21,7.1492e+21,7.0753e+21,7.0879e+21,7.0389e+21,7.0071e+21,7.0447e+21,7.0827e+21,6.934e+21,6.9703e+21,6.9367e+21,6.8908e+21,6.9663e+21,7.111e+21,6.9026e+21,6.8823e+21,6.8871e+21,6.8857e+21,6.8251e+21,6.8147e+21,6.8494e+21,6.8223e+21,6.8228e+21,6.8054e+21,6.8047e+21,6.7751e+21,6.7422e+21,6.7849e+21,6.7812e+21,6.7809e+21,6.822e+21,6.8642e+21,6.8342e+21,6.8655e+21,6.8623e+21,6.8228e+21,6.8508e+21,6.8667e+21
21,B,True,5.6803e+21,5.6914e+21,5.7115e+21,5.767e+21,5.7827e+21,5.7454e+21,5.8047e+21,5.7886e+21,5.8203e+21,5.876e+21,5.8897e+21,5.8978e+21,5.99e+21,5.9628e+21,5.9486e+21,5.9381e+21,6.0084e+21,5.9866e+21,6.0058e+21,6.0297e+21,6.049e+21,6.0967e+21,6.057e+21,6.111e+21,6.0759e+21,6.1047e+21,6.1037e+21,6.0963e+21,6.0994e+21,6.1481e+21,6.1085e+21,6.1148e+21,6.1366e+21,6.1156e+21,6.1387e+21,6.1184e+21,6.1132e+21,6.1098e+21,6.1349e+21,6.1172e+21,6.1526e+21,6.1617e+21,6.147e+21,6.1393e+21,6.1793e+21,6.1722e+21,6.1954e+21,6.2061e+21,6.2145e+21,6.1956e+21,6.1944e+21,6.1726e+21,6.0917e+21,6.1257e+21,6.1366e+21,6.1122e+21,6.1937e+21,6.1818e+21,6.1487e+21,6.1421e+21,6.1531e+21,6.2356e+21,6.1914e+21,6.1781e+21,6.2217e+21,6.264e+21,6.2331e+21,6.2291e+21,6.2932e+21,6.2138e+21,6.162e+21,6.1842e+21,6.2387e+21,6.1678e+21,6.191e+21,6.1782e+21,6.1875e+21,6.2324e+21,6.2783e+21,6.2839e+21,6.3627e+21,6.3091e+21,6.35e+21,6.3746e+21,6.4262e+21,6.4046e+21,6.4001e+21,6.4206e+21,6.5102e+21,6.5153e+21,6.4477e+21,6.5163e+21,6.6106e+21,6.6143e+21,6.6312e+21,6.668e+21,6.6889e+21,6.6293e+21,6.754e+21,6.7318e+21,6.7661e+21,6.7635e+21,6.8332e+21,6.8952e+21,6.8664e+21,6.8734e+21,6.8679e+21,6.8595e+21,6.8544e+21,6.8562e+21,6.8075e+21,6.8504e+21,6.8723e+21,6.9178e+21,6.9755e+21,7.0122e+21,6.9535e+21,6.9052e+21,6.8605e+21
22,B,False,5.9866e+21,6.0058e+21,6.0297e+21,6.049e+21,6.0967e+21,6.057e+21,6.111e+21,6.0759e+21,6.1047e+21,6.1037e+21,6.0963e+21,6.0994e+21,6.1481e+21,6.1085e+21,6.1148e+21,6.1366e+21,6.1156e+21,6.1387e+21,6.1184e+21,6.1132e+21,6.1098e+21,6.1349e+21,6.1172e+21,6.1526e+21,6.1617e+21,6.147e+21,6.1393e+21,6.1793e+21,6.1722e+21,6.1954e+21,6.2061e+21,6.2145e+21,6.1956e+21,6.1944e+21,6.1726e+21,6.0917e+21,6.1257e+21,6.1366e+21,6.1122e+21,6.1937e+21,6.1818e+21,6.1487e+21,6.1421e+21,6.1531e+21,6.2356e+21,6.1914e+21,6.1781e+21,6.2217e+21,6.264e+21,6.2331e+21,6.2291e+21,6.2932e+21,6.2138e+21,6.162e+21,6.1842e+21,6.2387e+21,6.1678e+21,6.191e+21,6.1782e+21,6.1875e+21,6.2324e+21,6.2783e+21,6.2839e+21,6.3627e+21,6.3091e+21,6.35e+21,6.3746e+21,6.4262e+21,6.4046e+21,6.4001e+21,6.4206e+21,6.5102e+21,6.5153e+21,6.4477e+21,6.5163e+21,6.6106e+21,6.6143e+21,6.6312e+21,6.668e+21,6.6889e+21,6.6293e+21,6.754e+21,6.7318e+21,6.7661e+21,6.7635e+21,6.8332e+21,6.8952e+21,6.8664e+21,6.8734e+21,6.8679e+21,6.8595e+21,6.8544e+21,6.8562e+21,6.8075e+21,6.8504e+21,6.8723e+21,6.9178e+21,6.9755e+21,7.0122e+21,6.9535e+21,6.9052e+21,6.8605e+21,6.8405e+21,6.7981e+21,6.7664e+21,6.7326e+21,6.7214e+21,6.7497e+21,6.6747e+21,6.6945e+21,6.7007e+21,6.6973e+21,6.7304e+21,6.7385e+21,6.8396e+21,6.7993e+21,6.8599e+21,6.9628e+21,6.8417e+21
23,B,False,3.0731e+21,3.1228e+21,3.0728e+21,3.1856e+21,3.1526e+21,3.2052e+21,3.3013e+21,3.2866e+21,3.3029e+21,3.337e+21,3.3221e+21,3.325e+21,3.3944e+21,3.3821e+21,3.4377e+21,3.4578e+21,3.4521e+21,3.4063e+21,3.3618e+21,3.306e+21,3.2577e+21,3.2635e+21,3.3096e+21,3.3005e+21,3.3074e+21,3.4063e+21,3.4394e+21,3.404e+21,3.3874e+21,3.3665e+21,3.4323e+21,3.3853e+21,3.4677e+21,3.4469e+21,3.4455e+21,3.487e+21,3.5278e+21,3.5319e+21,3.6131e+21,3.6654e+21,3.6121e+21,3.6348e+21,3.6757e+21,3.6629e+21,3.6997e+21,3.6648e+21,3.6656e+21,3.6744e+21,3.6939e+21,3.654e+21,3.6692e+21,3.6605e+21,3.6833e+21,3.7411e+21,3.7914e+21,3.7298e+21,3.7334e+21,3.7861e+21,3.7961e+21,3.7734e+21,3.733e+21,3.7439e+21,3.7535e+21,3.7639e+21,3.793e+21,3.8312e+21,3.7504e+21,3.8007e+21,3.7581e+21,3.7756e+21,3.7659e+21,3.667e+21,3.7278e+21,3.7483e+21,3.7481e+21,3.7246e+21,3.7076e+21,3.6504e+21,3.6533e+21,3.6068e+21,3.6432e+21,3.6258e+21,3.5734e+21,3.5556e+21,3.5406e+21,3.5185e+21,3.4885e+21,3.4659e+21,3.475e+21,3.4276e+21,3.4344e+21,3.4118e+21,3.3912e+21,3.3906e+21,3.3275e+21,3.3279e+21,3.3296e+21,3.3632e+21,3.3306e+21,3.3305e+21,3.2937e+21,3.3072e+21,3.2975e+21,3.2525e+21,3.2789e+21,3.2124e+21,3.1618e+21,3.1563e+21,3.1105e+21,3.1291e+21,3.1514e+21,3.0688e+21,3.1315e+21,3.1037e+21,3.0701e+21,3.0232e+21,3.0491e+21,2.9926e+21,2.98e+21
24,B,False,9.8954e+21,9.7427e+21,9.7125e+21,9.5964e+21,9.2952e+21,9.2248e+21,9.1607e+21,9.0888e+21,9.0867e+21,9.0965e+21,9.1719e+21,9.1377e+21,9.1774e+21,9.3377e+21,9.3809e+21,9.3721e+21,9.3784e+21,9.4826e+21,9.5258e+21,9.5667e+21,9.5523e+21,9.5535e+21,9.5192e+21,9.5665e+21,9.4346e+21,9.5028e+21,9.376e+21,9.2827e+21,9.2157e+21,9.0594e+21,9.0374e+21,8.8921e+21,8.7697e+21,8.6558e+21,8.4874e+21,8.3141e+21,8.2819e+21,8.1691e+21,8.1355e+21,8.1591e+21,7.9882e+21,7.9457e+21,7.8367e+21,7.872e+21,7.9037e+21,7.8756e+21,7.8593e+21,7.8377e+21,7.92e+21,7.9624e+21,8.0451e+21,8.0895e+21,8.1394e+21,8.1621e+21,8.1806e+21,8.1224e+21,8.196e+21,8.1417e+21,8.0664e+21,8.0242e+21,7.9153e+21,7.8636e+21,7.8244e+21,7.893e+21,7.7521e+21,7.6101e+21,7.5314e+21,7.4583e+21,7.2904e+21,7.2808e+21,7.1587e+21,7.1455e+21,7.1553e+21,7.1419e+21,7.1048e+21,7.0591e+21,7.0758e+21,7.2252e+21,7.2039e+21,7.1595e+21,7.2843e+21,7.274e+21,7.3031e+21,7.3482e+21,7.2702e+21,7.3622e+21,7.3373e+21,7.3799e+21,7.4006e+21,7.26e+21,7.2609e+21,7.2428e+21,7.2831e+21,7.2483e+21,7.2809e+21,7.2922e+21,7.2049e+21,7.2087e+21,7.1133e+21,7.1063e+21,7.0399e+21,7.0312e+21,7.0466e+21,6.9571e+21,7.0323e+21,6.8877e+21,6.9449e+21,6.7647e+21,6.6746e+21,6.7641e+21,6.6104e+21,6.6839e+21,6.6431e+21,6.6029e+21,6.5567e+21,6.5062e+21,6.3691e+21,6.4556e+21,6.2837e+21
25,B,False,2.1015e+21,2.1148e+21,2.09e+21,2.1416e+21,2.148e+21,2.1464e+21,2.1673e+21,2.2503e+21,2.2732e+21,2.2585e+21,2.2788e+21,2.2889e+21,2.3128e+21,2.3568e+21,2.4356e+21,2.5229e+21,2.6177e+21,2.6427e+21,2.6658e+21,2.6759e+21,2.6926e+21,2.7031e+21,2.7036e+21,2.6633e+21,2.6463e+21,2.6413e+21,2.6248e+21,2.605e+21,2.6347e+21,2.6539e+21,2.6257e+21,2.6479e+21,2.6701e+21,2.6569e+21,2.6737e+21,2.6592e+21,2.6655e+21,2.6382e+21,2.6674e+21,2.6856e+21,2.7044e+21,2.7054e+21,2.6738e+21,2.6777e+21,2.7268e+21,2.7008e+21,2.6594e+21,2.6903e+21,2.6539e+21,2.6624e+21,2.6635e+21,2.6579e+21,2.6559e+21,2.6381e+21,2.6297e+21,2.652e+21,2.6922e+21,2.7369e+21,2.7298e+21,2.7516e+21,2.7954e+21,2.8044e+21,2.858e+21,2.8486e+21,2.9411e+21,2.9439e+21,2.9261e+21,2.8794e+21,2.9025e+21,2.873e+21,2.9131e+21,2.8972e+21,2.9292e+21,3.002e+21,3.0403e+21,3.0553e+21,3.0788e+21,3.1617e+21,3.2542e+21,3.254e+21,3.3378e+21,3.4348e+21,3.468e+21,3.4747e+21,3.4634e+21,3.5257e+21,3.4655e+21,3.485e+21,3.5246e+21,3.548e+21,3.5877e+21,3.5599e+21,3.5477e+21,3.57e+21,3.5605e+21,3.5517e+21,3.5139e+21,3.5516e+21,3.5726e+21,3.5881e+21,3.6105e+21,3.6738e+21,3.7036e+21,3.6869e+21,3.6764e+21,3.7197e+21,3.7475e+21,3.8407e+21,3.7971e+21,3.8461e+21,3.8599e+21,3.8448e+21,3.9139e+21,3.9365e+21,3.9181e+21,3.972e+21,3.9668e+21,4.0109e+21,4.0671e+21
26,B,False,6.057e+21,6.111e+21,6.0759e+21,6.1047e+21,6.1037e+21,6.0963e+21,6.0994e+21,6.1481e+21,6.1085e+21,6.1148e+21,6.1366e+21,6.1156e+21,6.1387e+21,6.1184e+21,6.1132e+21,6.1098e+21,6.1349e+21,6.1172e+21,6.1526e+21,6.1617e+21,6.147e+21,6.1393e+21,6.1793e+21,6.1722e+21,6.1954e+21,6.2061e+21,6.2145e+21,6.1956e+21,6.1944e+21,6.1726e+21,6.0917e+21,6.1257e+21,6.1366e+21,6.1122e+21,6.1937e+21,6.1818e+21,6.1487e+21,6.1421e+21,6.1531e+21,6.2356e+21,6.1914e+21,6.1781e+21,6.2217e+21,6.264e+21,6.2331e+21,6.2291e+21,6.2932e+21,6.2138e+21,6.162e+21,6.1842e+21,6.2387e+21,6.1678e+21,6.191e+21,6.1782e+21,6.1875e+21,6.2324e+21,6.2783e+21,6.2839e+21,6.3627e+21,6.3091e+21,6.35e+21,6.3746e+21,6.4262e+21,6.4046e+21,6.4001e+21,6.4206e+21,6.5102e+21,6.5153e+21,6.4477e+21,6.5163e+21,6.6106e+21,6.6143e+21,6.6312e+21,6.668e+21,6.6889e+21,6.6293e+21,6.754e+21,6.7318e+21,6.7661e+21,6.7635e+21,6.8332e+21,6.8952e+21,6.8664e+21,6.8734e+21,6.8679e+21,6.8595e+21,6.8544e+21,6.8562e+21,6.8075e+21,6.8504e+21,6.8723e+21,6.9178e+21,6.9755e+21,7.0122e+21,6.9535e+21,6.9052e+21,6.8605e+21,6.8405e+21,6.7981e+21,6.7664e+21,6.7326e+21,6.7214e+21,6.7497e+21,6.6747e+21,6.6945e+21,6.7007e+21,6.6973e+21,6.7304e+21,6.7385e+21,6.8396e+21,6.7993e+21,6.8599e+21,6.9628e+21,6.8417e+21,6.8255e+21,6.8474e+21,6.9349e+21,6.8301e+21,6.834e+21
27,B,False,1.8845e+21,1.8502e+21,1.7939e+21,1.7829e+21,1.7893e+21,1.8135e+21,1.7958e+21,1.8053e+21,1.8289e+21,1.8312e+21,1.8431e+21,1.8521e+21,1.8237e+21,1.8986e+21,1.9647e+21,1.9674e+21,1.9747e+21,2.0027e+21,2.0683e+21,2.0705e+21,2.0449e+21,2.1212e+21,2.1564e+21,2.1339e+21,2.1847e+21,2.1361e+21,2.1104e+21,2.0522e+21,2.0227e+21,2.0544e+21,2.0397e+21,2.0223e+21,2e+21,2.001e+21,2.0053e+21,2.0351e+21,2.0428e+21,2.0649e+21,2.0787e+21,2.0586e+21,2.0627e+21,2.0955e+21,2.1025e+21,2.1082e+21,2.1617e+21,2.191e+21,2.1671e+21,2.2244e+21,2.2433e+21,2.2393e+21,2.268e+21,2.2693e+21,2.241e+21,2.274e+21,2.2756e+21,2.2837e+21,2.2886e+21,2.284e+21,2.3198e+21,2.3382e+21,2.3095e+21,2.3512e+21,2.3463e+21,2.3309e+21,2.3198e+21,2.3162e+21,2.2966e+21,2.2522e+21,2.2389e+21,2.2271e+21,2.1903e+21,2.1688e+21,2.1742e+21,2.1814e+21,2.209e+21,2.2593e+21,2.3311e+21,2.3741e+21,2.4199e+21,2.4354e+21,2.434e+21,2.4653e+21,2.4116e+21,2.4194e+21,2.4047e+21,2.3775e+21,2.3155e+21,2.3183e+21,2.3109e+21,2.2648e+21,2.2419e+21,2.2317e+21,2.2362e+21,2.2327e+21,2.2144e+21,2.1368e+21,2.1704e+21,2.1104e+21,2.0928e+21,2.0901e+21,2.1254e+21,2.1284e+21,2.106e+21,2.1171e+21,2.1133e+21,2.1099e+21,2.0503e+21,2.1116e+21,2.1265e+21,2.106e+21,2.118e+21,2.1278e+21,2.0642e+21,2.0803e+21,2.1191e+21,2.1318e+21,2.1149e+21,2.0967e+21,2.1033e+21
28,B,False,6.1587e+21,6.1419e+21,6.1498e+21,6.1078e+21,6.0809e+21,6.1207e+21,6.1186e+21,6.1588e+21,6.1643e+21,6.1858e+21,6.1771e+21,6.2191e+21,6.241e+21,6.2217e+21,6.2596e+21,6.3424e+21,6.4514e+21,6.4917e+21,6.4747e+21,6.5184e+21,6.5376e+21,6.5222e+21,6.5264e+21,6.5258e+21,6.5021e+21,6.5603e+21,6.4705e+21,6.5223e+21,6.5337e+21,6.5065e+21,6.5087e+21,6.4638e+21,6.4721e+21,6.5185e+21,6.5045e+21,6.5312e+21,6.5789e+21,6.6393e+21,6.6494e+21,6.6999e+21,6.7554e+21,6.7881e+21,6.7809e+21,6.7943e+21,6.6987e+21,6.6763e+21,6.6688e+21,6.6478e+21,6.6905e+21,6.6961e+21,6.6649e+21,6.648e+21,6.6659e+21,6.6537e+21,6.6948e+21,6.74e+21,6.7433e+21,6.8307e+21,6.8074e+21,6.8317e+21,6.836e+21,6.8059e+21,6.7962e+21,6.7758e+21,6.7866e+21,6.8378e+21,6.8028e+21,6.7946e+21,6.7456e+21,6.8306e+21,6.8409e+21,6.842e+21,6.8381e+21,6.8951e+21,6.9011e+21,6.8862e+21,6.958e+21,6.921e+21,6.8783e+21,6.8588e+21,6.8489e+21,6.8333e+21,6.7796e+21,6.7889e+21,6.7531e+21,6.7942e+21,6.8201e+21,6.823e+21,6.8253e+21,6.8512e+21,6.848e+21,6.8348e+21,6.8962e+21,6.8721e+21,6.8281e+21,6.8402e+21,6.8491e+21,6.8577e+21,6.8382e+21,6.8142e+21,6.8223e+21,6.7533e+21,6.7346e+21,6.7487e+21,6.7009e+21,6.6824e+21,6.6229e+21,6.601e+21,6.5686e+21,6.529e+21,6.5346e+21,6.5652e+21,6.552e+21,6.4953e+21,6.5165e+21,6.5198e+21,6.4919e+21,6.5029e+21,6.4669e+21
29,B,True,5.9915e+21,5.9282e+21,5.9551e+21,5.9101e+21,5.8964e+21,5.8859e+21,5.8792e+21,5.8777e+21,5.8707e+21,5.8826e+21,5.8871e+21,5.8577e+21,5.8505e+21,5.8434e+21,5.8602e+21,5.8359e+21,5.8202e+21,5.8583e+21,5.8659e+21,5.9127e+21,5.9194e+21,5.8796e+21,5.9264e+21,5.95e+21,5.9745e+21,5.9683e+21,5.9509e+21,5.9267e+21,5.913e+21,5.9286e+21,5.9938e+21,5.9937e+21,6.0002e+21,6.0167e+21,5.9938e+21,6.0438e+21,6.0349e+21,6.0191e+21,5.9875e+21,5.9449e+21,5.9162e+21,5.9168e+21,5.8201e+21,5.7923e+21,5.7446e+21,5.7402e+21,5.7509e+21,5.6908e+21,5.71e+21,5.7436e+21,5.7014e+21,5.7089e+21,5.6739e+21,5.7121e+21,5.726e+21,5.7053e+21,5.6998e+21,5.6682e+21,5.6745e+21,5.6747e+21,5.7079e+21,5.7123e+21,5.7339e+21,5.7197e+21,5.7026e+21,5.7155e+21,5.693e+21,5.6832e+21,5.6835e+21,5.6715e+21,5.6821e+21,5.6652e+21,5.6617e+21,5.6618e+21,5.6626e+21,5.6087e+21,5.5932e+21,5.6392e+21,5.63e+21,5.6131e+21,5.6093e+21,5.6253e+21,5.6058e+21,5.6004e+21,5.6143e+21,5.6001e+21,5.5881e+21,5.588e+21,5.5847e+21,5.5546e+21,5.5544e+21,5.5564e+21,5.5555e+21,5.5598e+21,5.6071e+21,5.6216e+21,5.5908e+21,5.5773e+21,5.5788e+21,5.5789e+21,5.5811e+21,5.5975e+21,5.6466e+21,5.6679e+21,5.721e+21,5.7073e+21,5.7737e+21,5.7647e+21,5.7872e+21,5.7898e+21,5.8022e+21,5.8004e+21,5.7977e+21,5.7977e+21,5.8102e+21,5.7596e+21,5.6972e+21,5.6952e+21,5.7001e+21
30,B,False,5.729e+21,5.6068e+21,5.5921e+21,5.6251e+21,5.5291e+21,5.4409e+21,5.4602e+21,5.5203e+21,5.4311e+21,5.4372e+21,5.5094e+21,5.519e+21,5.4947e+21,5.4725e+21,5.4641e+21,5.4884e+21,5.5574e+21,5.4602e+21,5.4264e+21,5.5894e+21,5.5078e+21,5.5392e+21,5.5081e+21,5.488e+21,5.5068e+21,5.4606e+21,5.4353e+21,5.3713e+21,5.4367e+21,5.389e+21,5.3877e+21,5.4005e+21,5.4132e+21,5.4322e+21,5.4148e+21,5.4449e+21,5.3901e+21,5.357e+21,5.3722e+21,5.3666e+21,5.4561e+21,5.4015e+21,5.4358e+21,5.3869e+21,5.392e+21,5.4399e+21,5.4968e+21,5.4664e+21,5.4574e+21,5.4792e+21,5.4792e+21,5.4177e+21,5.418e+21,5.4101e+21,5.3972e+21,5.4143e+21,5.4027e+21,5.3892e+21,5.3839e+21,5.4568e+21,5.457e+21,5.5887e+21,5.6992e+21,5.7187e+21,5.7507e+21,5.8555e+21,5.8747e+21,5.8984e+21,5.924e+21,6.0371e+21,6.0973e+21,6.0578e+21,6.0903e+21,6.0882e+21,5.9971e+21,5.9007e+21,5.8556e+21,5.8868e+21,5.893e+21,5.8527e+21,5.8811e+21,5.8618e+21,5.8508e+21,5.8745e+21,5.9775e+21,5.9754e+21,5.9485e+21,5.983e+21,5.9917e+21,6.1187e+21,6.1183e+21,6.1343e+21,6.1187e+21,6.1313e+21,6.1727e+21,6.1704e+21,6.1465e+21,6.1103e+21,6.0791e+21,6.0661e+21,6.0703e+21,6.0324e+21,5.9815e+21,6.0667e+21,6.0314e+21,6.0355e+21,6.0195e+21,6.0845e+21,6.0933e+21,6.1791e+21,6.1937e+21,6.3377e+21,6.4441e+21,6.5504e+21,6.6084e+21,6.6842e+21,6.7967e+21,6.8149e+21,6.8858e+21
31,B,False,6.8537e+21,6.8092e+21,6.8084e+21,6.8386e+21,6.7677e+21,6.7831e+21,6.8593e+21,6.8384e+21,6.8754e+21,6.8761e+21,7.1047e+21,7.1247e+21,7.1527e+21,7.1787e+21,7.1434e+21,7.201e+21,7.2539e+21,7.2487e+21,7.2802e+21,7.2707e+21,7.4252e+21,7.3582e+21,7.1934e+21,7.2019e+21,7.1539e+21,7.1492e+21,7.0753e+21,7.0879e+21,7.0389e+21,7.0071e+21,7.0447e+21,7.0827e+21,6.934e+21,6.9703e+21,6.9367e+21,6.8908e+21,6.9663e+21,7.111e+21,6.9026e+21,6.8823e+21,6.8871e+21,6.8857e+21,6.8251e+21,6.8147e+21,6.8494e+21,6.8223e+21,6.8228e+21,6.8054e+21,6.8047e+21,6.7751e+21,6.7422e+21,6.7849e+21,6.7812e+21,6.7809e+21,6.822e+21,6.8642e+21,6.8342e+21,6.8655e+21,6.8623e+21,6.8228e+21,6.8508e+21,6.8667e+21,6.8755e+21,6.8662e+21,6.9145e+21,6.869e+21,6.9047e+21,7.0071e+21,6.9649e+21,7.0804e+21,7.0853e+21,7.1371e+21,7.1122e+21,7.1373e+21,7.1566e+21,7.1838e+21,7.1328e+21,7.1333e+21,7.116e+21,7.0716e+21,7.1545e+21,7.1111e+21,7.0588e+21,6.9378e+21,6.8258e+21,6.8103e+21,6.757e+21,6.5921e+21,6.5584e+21,6.4836e+21,6.3744e+21,6.4639e+21,6.3503e+21,6.4191e+21,6.3728e+21,6.4172e+21,6.379e+21,6.2712e+21,6.3911e+21,6.4224e+21,6.421e+21,6.4933e+21,6.3966e+21,6.4038e+21,6.2986e+21,6.4083e+21,6.3784e+21,6.3535e+21,6.3634e+21,6.398e+21,6.4759e+21,6.356e+21,6.3997e+21,6.3829e+21,6.3929e+21,6.2997e+21,6.3237e+21,6.3453e+21,6.3444e+21
32,B,False,7.6199e+21,7.5302e+21,7.5011e+21,7.4783e+21,7.4667e+21,7.2863e+21,7.2232e+21,7.1266e+21,7.1509e+21,7.1906e+21,7.1585e+21,7.1852e+21,7.178e+21,7.2376e+21,7.1892e+21,7.3302e+21,7.3479e+21,7.368e+21,7.3514e+21,7.4618e+21,7.4372e+21,7.4121e+21,7.4689e+21,7.4367e+21,7.4915e+21,7.4637e+21,7.579e+21,7.5126e+21,7.3322e+21,7.2676e+21,7.1932e+21,7.2071e+21,7.1634e+21,7.1524e+21,7.0774e+21,7.0516e+21,7.0037e+21,7.0344e+21,7.0621e+21,7.0004e+21,7.0499e+21,6.9527e+21,6.9442e+21,7.0203e+21,7.0694e+21,7.022e+21,6.9905e+21,6.9648e+21,6.9514e+21,6.9175e+21,6.9389e+21,6.9391e+21,6.889e+21,6.9005e+21,6.886e+21,6.8657e+21,6.9376e+21,6.8678e+21,6.9573e+21,6.9946e+21,6.9888e+21,7.0778e+21,7.1323e+21,7.2815e+21,7.355e+21,7.3862e+21,7.4588e+21,7.482e+21,7.5112e+21,7.4779e+21,7.4598e+21,7.538e+21,7.506e+21,7.4822e+21,7.402e+21,7.315e+21,7.3071e+21,7.2753e+21,7.2361e+21,7.2212e+21,7.0978e+21,6.961e+21,6.9296e+21,6.9074e+21,6.9217e+21,6.9224e+21,6.9168e+21,6.9278e+21,7.027e+21,7.0287e+21,7.0226e+21,7.055e+21,7.0539e+21,7.0335e+21,7.0251e+21,7.0094e+21,7.0026e+21,7.0463e+21,7.0611e+21,7.0304e+21,7.0654e+21,7.0469e+21,7.0513e+21,7.044e+21,6.9882e+21,7.0426e+21,6.9652e+21,6.9644e+21,6.8921e+21,6.9405e+21,6.9489e+21,6.9919e+21,7.0125e+21,6.9881e+21,6.9943e+21,6.9518e+21,6.9067e+21,6.9124e+21,6.9052e+21
33,B,False,1.2133e+22,1.2003e+22,1.2188e+22,1.2295e+22,1.2247e+22,1.2438e+22,1.2483e+22,1.2642e+22,1.2747e+22,1.2767e+22,1.2832e+22,1.2836e+22,1.2876e+22,1.2943e+22,1.3011e+22,1.3017e+22,1.2939e+22,1.2936e+22,1.2857e+22,1.2747e+22,1.2701e+22,1.2566e+22,1.2294e+22,1.2142e+22,1.1964e+22,1.1731e+22,1.1637e+22,1.1492e+22,1.1284e+22,1.1221e+22,1.115e+22,1.1039e+22,1.1016e+22,1.1017e+22,1.0932e+22,1.0965e+22,1.093e+22,1.0937e+22,1.0995e+22,1.1048e+22,1.1125e+22,1.1089e+22,1.1298e+22,1.1249e+22,1.1444e+22,1.1455e+22,1.156e+22,1.1836e+22,1.1799e+22,1.2048e+22,1.2164e+22,1.221e+22,1.2263e+22,1.2247e+22,1.22e+22,1.217e+22,1.1993e+22,1.1828e+22,1.1762e+22,1.1662e+22,1.1425e+22,1.1402e+22,1.1242e+22,1.1052e+22,1.0971e+22,1.0686e+22,1.055e+22,1.0492e+22,1.0445e+22,1.0307e+22,1.0343e+22,1.0337e+22,1.0226e+22,1.0348e+22,1.041e+22,1.0649e+22,1.0659e+22,1.0839e+22,1.0913e+22,1.0999e+22,1.0963e+22,1.1061e+22,1.1041e+22,1.0934e+22,1.1008e+22,1.0934e+22,1.1018e+22,1.089e+22,1.0812e+22,1.0838e+22,1.0864e+22,1.0836e+22,1.0779e+22,1.0727e+22,1.0799e+22,1.0677e+22,1.0648e+22,1.066e+22,1.0725e+22,1.0652e+22,1.0652e+22,1.0668e+22,1.0584e+22,1.0606e+22,1.0523e+22,1.0628e+22,1.048e+22,1.0381e+22,1.0221e+22,1.0161e+22,9.9498e+21,9.8954e+21,9.7427e+21,9.7125e+21,9.5964e+21,9.2952e+21,9.2248e+21,9.1607e+21,9.0888e+21
34,B,False,5.8792e+21,5.8777e+21,5.8707e+21,5.8826e+21,5.8871e+21,5.8577e+21,5.8505e+21,5.8434e+21,5.8602e+21,5.8359e+21,5.8202e+21,5.8583e+21,5.8659e+21,5.9127e+21,5.9194e+21,5.8796e+21,5.9264e+21,5.95e+21,5.9745e+21,5.9683e+21,5.9509e+21,5.9267e+21,5.913e+21,5.9286e+21,5.9938e+21,5.9937e+21,6.0002e+21,6.0167e+21,5.9938e+21,6.0438e+21,6.0349e+21,6.0191e+21,5.9875e+21,5.9449e+21,5.9162e+21,5.9168e+21,5.8201e+21,5.7923e+21,5.7446e+21,5.7402e+21,5.7509e+21,5.6908e+21,5.71e+21,5.7436e+21,5.7014e+21,5.7089e+21,5.6739e+21,5.7121e+21,5.726e+21,5.7053e+21,5.6998e+21,5.6682e+21,5.6745e+21,5.6747e+21,5.7079e+21,5.7123e+21,5.7339e+21,5.7197e+21,5.7026e+21,5.7155e+21,5.693e+21,5.6832e+21,5.6835e+21,5.6715e+21,5.6821e+21,5.6652e+21,5.6617e+21,5.6618e+21,5.6626e+21,5.6087e+21,5.5932e+21,5.6392e+21,5.63e+21,5.6131e+21,5.6093e+21,5.6253e+21,5.6058e+21,5.6004e+21,5.6143e+21,5.6001e+21,5.5881e+21,5.588e+21,5.5847e+21,5.5546e+21,5.5544e+21,5.5564e+21,5.5555e+21,5.5598e+21,5.6071e+21,5.6216e+21,5.5908e+21,5.5773e+21,5.5788e+21,5.5789e+21,5.5811e+21,5.5975e+21,5.6466e+21,5.6679e+21,5.721e+21,5.7073e+21,5.7737e+21,5.7647e+21,5.7872e+21,5.7898e+21,5.8022e+21,5.8004e+21,5.7977e+21,5.7977e+21,5.8102e+21,5.7596e+21,5.6972e+21,5.6952e+21,5.7001e+21,5.6627e+21,5.6495e+21,5.6827e+21,5.6849e+21,5.6702e+21,5.6865e+21
35,B,True,5.303e+21,5.2475e+21,5.2439e+21,5.2399e+21,5.1743e+21,5.18e+21,5.2592e+21,5.2501e+21,5.272e+21,5.249e+21,5.3399e+21,5.283e+21,5.3575e+21,5.2737e+21,5.1689e+21,5.1628e+21,5.2781e+21,5.2597e+21,5.2388e+21,5.2541e+21,5.2512e+21,5.2161e+21,5.1812e+21,5.1895e+21,5.0968e+21,5.0823e+21,5.0852e+21,5.0832e+21,5.1115e+21,5.1661e+21,5.1127e+21,5.0862e+21,5.0614e+21,5.1018e+21,5.1036e+21,5.1114e+21,5.1348e+21,5.1453e+21,5.0933e+21,5.0455e+21,5.0352e+21,5.1253e+21,5.0608e+21,5.067e+21,5.0913e+21,5.1473e+21,5.0808e+21,5.1165e+21,5.0776e+21,5.1156e+21,5.182e+21,5.1523e+21,5.208e+21,5.2848e+21,5.2867e+21,5.249e+21,5.3185e+21,5.3681e+21,5.3466e+21,5.3873e+21,5.3896e+21,5.3685e+21,5.3794e+21,5.3851e+21,5.4001e+21,5.4382e+21,5.4626e+21,5.4538e+21,5.4044e+21,5.3772e+21,5.4048e+21,5.369e+21,5.3707e+21,5.377e+21,5.3892e+21,5.392e+21,5.3531e+21,5.3574e+21,5.2564e+21,5.2324e+21,5.222e+21,5.2024e+21,5.1421e+21,5.139e+21,5.0585e+21,5.0501e+21,5.0641e+21,5.0281e+21,5.0409e+21,5.0884e+21,5.0916e+21,5.0723e+21,5.0824e+21,5.0544e+21,5.0563e+21,5.0314e+21,5.0696e+21,5.1e+21,5.0713e+21,5.0474e+21,5.0359e+21,5.0184e+21,5.0588e+21,5.0521e+21,5.0521e+21,5.0875e+21,5.072e+21,5.036e+21,5.006e+21,5.0345e+21,5.0312e+21,5.0409e+21,5.1614e+21,5.1628e+21,5.1239e+21,5.094e+21,5.0854e+21,5.0864e+21,5.1051e+21
36,B,False,1.671e+22,1.6784e+22,1.6659e+22,1.6653e+22,1.6698e+22,1.6589e+22,1.6616e+22,1.6682e+22,1.6592e+22,1.6684e+22,1.6649e+22,1.663e+22,1.6722e+22,1.6664e+22,1.6693e+22,1.672e+22,1.6765e+22,1.6748e+22,1.674e+22,1.6758e+22,1.6713e+22,1.6627e+22,1.6615e+22,1.6593e+22,1.6604e+22,1.658e+22,1.6504e+22,1.6522e+22,1.6477e+22,1.6356e+22,1.6302e+22,1.6292e+22,1.624e+22,1.6227e+22,1.6152e+22,1.6155e+22,1.6165e+22,1.615e+22,1.6188e+22,1.6161e+22,1.6118e+22,1.6126e+22,1.5945e+22,1.5846e+22,1.5847e+22,1.5882e+22,1.5966e+22,1.5973e+22,1.5942e+22,1.6021e+22,1.6117e+22,1.6236e+22,1.6084e+22,1.6039e+22,1.5916e+22,1.579e+22,1.5724e+22,1.5649e+22,1.5601e+22,1.5562e+22,1.556e+22,1.5498e+22,1.5498e+22,1.5561e+22,1.5473e+22,1.5509e+22,1.5581e+22,1.5637e+22,1.552e+22,1.5506e+22,1.5449e+22,1.5499e+22,1.5549e+22,1.5592e+22,1.5695e+22,1.5702e+22,1.5769e+22,1.5779e+22,1.5847e+22,1.5773e+22,1.5802e+22,1.5758e+22,1.5705e+22,1.5636e+22,1.5645e+22,1.5641e+22,1.5607e+22,1.5568e+22,1.5551e+22,1.5437e+22,1.5443e+22,1.5402e+22,1.5401e+22,1.541e+22,1.5357e+22,1.5452e+22,1.5507e+22,1.5511e+22,1.5624e+22,1.5726e+22,1.5852e+22,1.5953e+22,1.5896e+22,1.5936e+22,1.5943e+22,1.5749e+22,1.5716e+22,1.569e+22,1.5637e+22,1.5621e+22,1.5691e+22,1.57e+22,1.5743e+22,1.574e+22,1.5772e+22,1.574e+22,1.5801e+22,1.5782e+22,1.5751e+22
37,B,False,1.3975e+21,1.4191e+21,1.4529e+21,1.4856e+21,1.5579e+21,1.6308e+21,1.6892e+21,1.7281e+21,1.7265e+21,1.8093e+21,1.884e+21,1.9345e+21,1.9542e+21,1.9805e+21,2.0167e+21,2.0487e+21,2.1083e+21,2.1505e+21,2.1772e+21,2.275e+21,2.28e+21,2.3093e+21,2.386e+21,2.4684e+21,2.5452e+21,2.6583e+21,2.7099e+21,2.7738e+21,2.7666e+21,2.7972e+21,2.8194e+21,2.8305e+21,2.867e+21,2.8715e+21,2.8718e+21,2.8511e+21,2.81e+21,2.8524e+21,2.8909e+21,2.9087e+21,2.9397e+21,2.9576e+21,2.9778e+21,2.9974e+21,3.0096e+21,3.0467e+21,3.0544e+21,3.0731e+21,3.1228e+21,3.0728e+21,3.1856e+21,3.1526e+21,3.2052e+21,3.3013e+21,3.2866e+21,3.3029e+21,3.337e+21,3.3221e+21,3.325e+21,3.3944e+21,3.3821e+21,3.4377e+21,3.4578e+21,3.4521e+21,3.4063e+21,3.3618e+21,3.306e+21,3.2577e+21,3.2635e+21,3.3096e+21,3.3005e+21,3.3074e+21,3.4063e+21,3.4394e+21,3.404e+21,3.3874e+21,3.3665e+21,3.4323e+21,3.3853e+21,3.4677e+21,3.4469e+21,3.4455e+21,3.487e+21,3.5278e+21,3.5319e+21,3.6131e+21,3.6654e+21,3.6121e+21,3.6348e+21,3.6757e+21,3.6629e+21,3.6997e+21,3.6648e+21,3.6656e+21,3.6744e+21,3.6939e+21,3.654e+21,3.6692e+21,3.6605e+21,3.6833e+21,3.7411e+21,3.7914e+21,3.7298e+21,3.7334e+21,3.7861e+21,3.7961e+21,3.7734e+21,3.733e+21,3.7439e+21,3.7535e+21,3.7639e+21,3.793e+21,3.8312e+21,3.7504e+21,3.8007e+21,3.7581e+21,3.7756e+21,3.7659e+21,3.667e+21
38,B,False,1.6659e+22,1.6653e+22,1.6698e+22,1.6589e+22,1.6616e+22,1.6682e+22,1.6592e+22,1.6684e+22,1.6649e+22,1.663e+22,1.6722e+22,1.6664e+22,1.6693e+22,1.672e+22,1.6765e+22,1.6748e+22,1.674e+22,1.6758e+22,1.6713e+22,1.6627e+22,1.6615e+22,1.6593e+22,1.6604e+22,1.658e+22,1.6504e+22,1.6522e+22,1.6477e+22,1.6356e+22,1.6302e+22,1.6292e+22,1.624e+22,1.6227e+22,1.6152e+22,1.6155e+22,1.6165e+22,1.615e+22,1.6188e+22,1.6161e+22,1.6118e+22,1.6126e+22,1.5945e+22,1.5846e+22,1.5847e+22,1.5882e+22,1.5966e+22,1.5973e+22,1.5942e+22,1.6021e+22,1.6117e+22,1.6236e+22,1.6084e+22,1.6039e+22,1.5916e+22,1.579e+22,1.5724e+22,1.5649e+22,1.5601e+22,1.5562e+22,1.556e+22,1.5498e+22,1.5498e+22,1.5561e+22,1.5473e+22,1.5509e+22,1.5581e+22,1.5637e+22,1.552e+22,1.5506e+22,1.5449e+22,1.5499e+22,1.5549e+22,1.5592e+22,1.5695e+22,1.5702e+22,1.5769e+22,1.5779e+22,1.5847e+22,1.5773e+22,1.5802e+22,1.5758e+22,1.5705e+22,1.5636e+22,1.5645e+22,1.5641e+22,1.5607e+22,1.5568e+22,1.5551e+22,1.5437e+22,1.5443e+22,1.5402e+22,1.5401e+22,1.541e+22,1.5357e+22,1.5452e+22,1.5507e+22,1.5511e+22,1.5624e+22,1.5726e+22,1.5852e+22,1.5953e+22,1.5896e+22,1.5936e+22,1.5943e+22,1.5749e+22,1.5716e+22,1.569e+22,1.5637e+22,1.5621e+22,1.5691e+22,1.57e+22,1.5743e+22,1.574e+22,1.5772e+22,1.574e+22,1.5801e+22,1.5782e+22,1.5751e+22,1.578e+22,1.5879e+22
39,B,False,5.3038e+20,6.1464e+20,6.6862e+20,7.2709e+20,7.6372e+20,8.4059e+20,9.118e+20,9.8242e+20,1.0231e+21,1.0481e+21,1.0559e+21,1.1278e+21,1.1747e+21,1.2387e+21,1.3338e+21,1.3975e+21,1.4191e+21,1.4529e+21,1.4856e+21,1.5579e+21,1.6308e+21,1.6892e+21,1.7281e+21,1.7265e+21,1.8093e+21,1.884e+21,1.9345e+21,1.9542e+21,1.9805e+21,2.0167e+21,2.0487e+21,2.1083e+21,2.1505e+21,2.1772e+21,2.275e+21,2.28e+21,2.3093e+21,2.386e+21,2.4684e+21,2.5452e+21,2.6583e+21,2.7099e+21,2.7738e+21,2.7666e+21,2.7972e+21,2.8194e+21,2.8305e+21,2.867e+21,2.8715e+21,2.8718e+21,2.8511e+21,2.81e+21,2.8524e+21,2.8909e+21,2.9087e+21,2.9397e+21,2.9576e+21,2.9778e+21,2.9974e+21,3.0096e+21,3.0467e+21,3.0544e+21,3.0731e+21,3.1228e+21,3.0728e+21,3.1856e+21,3.1526e+21,3.2052e+21,3.3013e+21,3.2866e+21,3.3029e+21,3.337e+21,3.3221e+21,3.325e+21,3.3944e+21,3.3821e+21,3.4377e+21,3.4578e+21,3.4521e+21,3.4063e+21,3.3618e+21,3.306e+21,3.2577e+21,3.2635e+21,3.3096e+21,3.3005e+21,3.3074e+21,3.4063e+21,3.4394e+21,3.404e+21,3.3874e+21,3.3665e+21,3.4323e+21,3.3853e+21,3.4677e+21,3.4469e+21,3.4455e+21,3.487e+21,3.5278e+21,3.5319e+21,3.6131e+21,3.6654e+21,3.6121e+21,3.6348e+21,3.6757e+21,3.6629e+21,3.6997e+21,3.6648e+21,3.6656e+21,3.6744e+21,3.6939e+21,3.654e+21,3.6692e+21,3.6605e+21,3.6833e+21,3.7411e+21,3.7914e+21,3.7298e+21,3.7334e+21
40,B,False,2.81e+21,2.8524e+21,2.8909e+21,2.9087e+21,2.9397e+21,2.9576e+21,2.9778e+21,2.9974e+21,3.0096e+21,3.0467e+21,3.0544e+21,3.0731e+21,3.1228e+21,3.0728e+21,3.1856e+21,3.1526e+21,3.2052e+21,3.3013e+21,3.2866e+21,3.3029e+21,3.337e+21,3.3221e+21,3.325e+21,3.3944e+21,3.3821e+21,3.4377e+21,3.4578e+21,3.4521e+21,3.4063e+21,3.3618e+21,3.306e+21,3.2577e+21,3.2635e+21,3.3096e+21,3.3005e+21,3.3074e+21,3.4063e+21,3.4394e+21,3.404e+21,3.3874e+21,3.3665e+21,3.4323e+21,3.3853e+21,3.4677e+21,3.4469e+21,3.4455e+21,3.487e+21,3.5278e+21,3.5319e+21,3.6131e+21,3.6654e+21,3.6121e+21,3.6348e+21,3.6757e+21,3.6629e+21,3.6997e+21,3.6648e+21,3.6656e+21,3.6744e+21,3.6939e+21,3.654e+21,3.6692e+21,3.6605e+21,3.6833e+21,3.7411e+21,3.7914e+21,3.7298e+21,3.7334e+21,3.7861e+21,3.7961e+21,3.7734e+21,3.733e+21,3.7439e+21,3.7535e+21,3.7639e+21,3.793e+21,3.8312e+21,3.7504e+21,3.8007e+21,3.7581e+21,3.7756e+21,3.7659e+21,3.667e+21,3.7278e+21,3.7483e+21,3.7481e+21,3.7246e+21,3.7076e+21,3.6504e+21,3.6533e+21,3.6068e+21,3.6432e+21,3.6258e+21,3.5734e+21,3.5556e+21,3.5406e+21,3.5185e+21,3.4885e+21,3.4659e+21,3.475e+21,3.4276e+21,3.4344e+21,3.4118e+21,3.3912e+21,3.3906e+21,3.3275e+21,3.3279e+21,3.3296e+21,3.3632e+21,3.3306e+21,3.3305e+21,3.2937e+21,3.3072e+21,3.2975e+21,3.2525e+21,3.2789e+21,3.2124e+21,3.1618e+21,3.1563e+21
41,B,False,1.148e+22,1.1469e+22,1.1458e+22,1.1391e+22,1.1368e+22,1.1476e+22,1.1522e+22,1.1629e+22,1.1671e+22,1.1677e+22,1.1806e+22,1.1859e+22,1.1881e+22,1.1886e+22,1.1952e+22,1.1902e+22,1.1861e+22,1.1876e+22,1.1821e+22,1.1805e+22,1.1797e+22,1.1756e+22,1.1655e+22,1.1689e+22,1.1478e+22,1.1319e+22,1.122e+22,1.1235e+22,1.1255e+22,1.1302e+22,1.1286e+22,1.1337e+22,1.1345e+22,1.1371e+22,1.1438e+22,1.1518e+22,1.1462e+22,1.144e+22,1.1436e+22,1.1394e+22,1.132e+22,1.1281e+22,1.1249e+22,1.1205e+22,1.1133e+22,1.1145e+22,1.1091e+22,1.1074e+22,1.1021e+22,1.096e+22,1.0928e+22,1.0913e+22,1.0967e+22,1.0938e+22,1.0918e+22,1.0968e+22,1.0868e+22,1.08e+22,1.0793e+22,1.0754e+22,1.0772e+22,1.0783e+22,1.0779e+22,1.0643e+22,1.0645e+22,1.0705e+22,1.0695e+22,1.0691e+22,1.0674e+22,1.0695e+22,1.0687e+22,1.07e+22,1.0639e+22,1.0446e+22,1.0336e+22,1.0295e+22,1.0196e+22,1.0093e+22,9.9964e+21,9.9337e+21,9.8034e+21,9.7375e+21,9.7761e+21,9.8764e+21,9.91e+21,9.9954e+21,9.9304e+21,9.9273e+21,9.9008e+21,9.8917e+21,9.8543e+21,9.8974e+21,9.8815e+21,9.8156e+21,9.8503e+21,9.834e+21,9.779e+21,9.7749e+21,9.7015e+21,9.6567e+21,9.5429e+21,9.4221e+21,9.3897e+21,9.3412e+21,9.3121e+21,9.2617e+21,9.204e+21,9.1746e+21,9.0687e+21,9.0595e+21,8.9834e+21,9.0366e+21,8.9196e+21,8.9132e+21,9.0515e+21,8.945e+21,8.9268e+21,8.9588e+21,8.9525e+21
42,B,False,5.1039e+21,5.0829e+21,5.1242e+21,5.181e+21,5.2271e+21,5.2106e+21,5.2633e+21,5.352e+21,5.4382e+21,5.5219e+21,5.5664e+21,5.6985e+21,5.7097e+21,5.6493e+21,5.6991e+21,5.6671e+21,5.6412e+21,5.6227e+21,5.5227e+21,5.5119e+21,5.4695e+21,5.4938e+21,5.5395e+21,5.5408e+21,5.5809e+21,5.5585e+21,5.5529e+21,5.5232e+21,5.5445e+21,5.557e+21,5.6346e+21,5.741e+21,5.8198e+21,5.8653e+21,5.8916e+21,5.8429e+21,5.7603e+21,5.7216e+21,5.6186e+21,5.5433e+21,5.515e+21,5.478e+21,5.4778e+21,5.4738e+21,5.405e+21,5.4598e+21,5.4281e+21,5.4036e+21,5.4004e+21,5.3875e+21,5.3524e+21,5.356e+21,5.2968e+21,5.2878e+21,5.289e+21,5.3308e+21,5.2929e+21,5.2804e+21,5.2412e+21,5.2344e+21,5.2521e+21,5.2195e+21,5.2444e+21,5.2132e+21,5.2399e+21,5.1984e+21,5.1824e+21,5.1502e+21,5.1369e+21,5.1183e+21,5.1538e+21,5.188e+21,5.3001e+21,5.3334e+21,5.3387e+21,5.3452e+21,5.2885e+21,5.2392e+21,4.996e+21,4.8781e+21,4.8054e+21,4.7242e+21,4.7212e+21,4.6807e+21,4.6575e+21,4.6305e+21,4.6082e+21,4.5534e+21,4.5377e+21,4.4743e+21,4.4451e+21,4.4297e+21,4.488e+21,4.4568e+21,4.4937e+21,4.4907e+21,4.472e+21,4.4687e+21,4.4835e+21,4.4758e+21,4.4111e+21,4.3679e+21,4.3246e+21,4.2856e+21,4.2498e+21,4.2094e+21,4.1828e+21,4.1417e+21,4.1479e+21,4.1601e+21,4.1115e+21,4.1162e+21,4.1384e+21,4.1084e+21,4.0745e+21,4.0661e+21,4.0677e+21,4.0278e+21,4.0962e+21
43,B,False,2.6463e+21,2.6413e+21,2.6248e+21,2.605e+21,2.6347e+21,2.6539e+21,2.6257e+21,2.6479e+21,2.6701e+21,2.6569e+21,2.6737e+21,2.6592e+21,2.6655e+21,2.6382e+21,2.6674e+21,2.6856e+21,2.7044e+21,2.7054e+21,2.6738e+21,2.6777e+21,2.7268e+21,2.7008e+21,2.6594e+21,2.6903e+21,2.6539e+21,2.6624e+21,2.6635e+21,2.6579e+21,2.6559e+21,2.6381e+21,2.6297e+21,2.652e+21,2.6922e+21,2.7369e+21,2.7298e+21,2.7516e+21,2.7954e+21,2.8044e+21,2.858e+21,2.8486e+21,2.9411e+21,2.9439e+21,2.9261e+21,2.8794e+21,2.9025e+21,2.873e+21,2.9131e+21,2.8972e+21,2.9292e+21,3.002e+21,3.0403e+21,3.0553e+21,3.0788e+21,3.1617e+21,3.2542e+21,3.254e+21,3.3378e+21,3.4348e+21,3.468e+21,3.4747e+21,3.4634e+21,3.5257e+21,3.4655e+21,3.485e+21,3.5246e+21,3.548e+21,3.5877e+21,3.5599e+21,3.5477e+21,3.57e+21,3.5605e+21,3.5517e+21,3.5139e+21,3.5516e+21,3.5726e+21,3.5881e+21,3.6105e+21,3.6738e+21,3.7036e+21,3.6869e+21,3.6764e+21,3.7197e+21,3.7475e+21,3.8407e+21,3.7971e+21,3.8461e+21,3.8599e+21,3.8448e+21,3.9139e+21,3.9365e+21,3.9181e+21,3.972e+21,3.9668e+21,4.0109e+21,4.0671e+21,4.0742e+21,4.0567e+21,4.0602e+21,4.0863e+21,4.0634e+21,4.106e+21,4.0697e+21,4.1597e+21,4.1943e+21,4.1644e+21,4.2399e+21,4.248e+21,4.3613e+21,4.417e+21,4.3853e+21,4.4115e+21,4.4723e+21,4.4779e+21,4.5093e+21,4.4998e+21,4.559e+21,4.66e+21,4.649e+21,4.6707e+21
44,B,False,9.9273e+21,9.9008e+21,9.8917e+21,9.8543e+21,9.8974e+21,9.8815e+21,9.8156e+21,9.8503e+21,9.834e+21,9.779e+21,9.7749e+21,9.7015e+21,9.6567e+21,9.5429e+21,9.4221e+21,9.3897e+21,9.3412e+21,9.3121e+21,9.2617e+21,9.204e+21,9.1746e+21,9.0687e+21,9.0595e+21,8.9834e+21,9.0366e+21,8.9196e+21,8.9132e+21,9.0515e+21,8.945e+21,8.9268e+21,8.9588e+21,8.9525e+21,8.9704e+21,8.9917e+21,9.056e+21,9.0207e+21,9.0312e+21,9.0791e+21,9.1226e+21,9.1084e+21,9.0975e+21,9.0757e+21,9.1139e+21,9.0253e+21,8.9782e+21,8.9306e+21,8.9018e+21,8.8593e+21,8.8187e+21,8.7718e+21,8.7157e+21,8.6972e+21,8.5964e+21,8.5612e+21,8.523e+21,8.3672e+21,8.3944e+21,8.4575e+21,8.5137e+21,8.5079e+21,8.5309e+21,8.6026e+21,8.5849e+21,8.5286e+21,8.4206e+21,8.3165e+21,8.216e+21,8.1622e+21,8.1234e+21,8.1579e+21,8.099e+21,8.0425e+21,8.0957e+21,8.0021e+21,8.0265e+21,8.0357e+21,8.0116e+21,7.9783e+21,8.0164e+21,7.9478e+21,7.929e+21,7.953e+21,7.8803e+21,7.8829e+21,7.7939e+21,7.8224e+21,7.7935e+21,7.7785e+21,7.7456e+21,7.7011e+21,7.7028e+21,7.6452e+21,7.6861e+21,7.6566e+21,7.6222e+21,7.5584e+21,7.5048e+21,7.5431e+21,7.5101e+21,7.464e+21,7.5087e+21,7.5847e+21,7.5227e+21,7.5679e+21,7.5604e+21,7.7187e+21,7.7734e+21,7.8183e+21,7.8064e+21,7.8254e+21,7.6987e+21,7.6253e+21,7.4711e+21,7.4767e+21,7.5294e+21,7.4478e+21,7.4133e+21,7.4091e+21,7.3881e+21
45,B,False,6.8474e+21,6.9349e+21,6.8301e+21,6.834e+21,6.8279e+21,6.9126e+21,6.9072e+21,6.8991e+21,6.8731e+21,6.8569e+21,6.8568e+21,6.8892e+21,6.8388e+21,6.7937e+21,6.824e+21,6.8537e+21,6.8092e+21,6.8084e+21,6.8386e+21,6.7677e+21,6.7831e+21,6.8593e+21,6.8384e+21,6.8754e+21,6.8761e+21,7.1047e+21,7.1247e+21,7.1527e+21,7.1787e+21,7.1434e+21,7.201e+21,7.2539e+21,7.2487e+21,7.2802e+21,7.2707e+21,7.4252e+21,7.3582e+21,7.1934e+21,7.2019e+21,7.1539e+21,7.1492e+21,7.0753e+21,7.0879e+21,7.0389e+21,7.0071e+21,7.0447e+21,7.0827e+21,6.934e+21,6.9703e+21,6.9367e+21,6.8908e+21,6.9663e+21,7.111e+21,6.9026e+21,6.8823e+21,6.8871e+21,6.8857e+21,6.8251e+21,6.8147e+21,6.8494e+21,6.8223e+21,6.8228e+21,6.8054e+21,6.8047e+21,6.7751e+21,6.7422e+21,6.7849e+21,6.7812e+21,6.7809e+21,6.822e+21,6.8642e+21,6.8342e+21,6.8655e+21,6.8623e+21,6.8228e+21,6.8508e+21,6.8667e+21,6.8755e+21,6.8662e+21,6.9145e+21,6.869e+21,6.9047e+21,7.0071e+21,6.9649e+21,7.0804e+21,7.0853e+21,7.1371e+21,7.1122e+21,7.1373e+21,7.1566e+21,7.1838e+21,7.1328e+21,7.1333e+21,7.116e+21,7.0716e+21,7.1545e+21,7.1111e+21,7.0588e+21,6.9378e+21,6.8258e+21,6.8103e+21,6.757e+21,6.5921e+21,6.5584e+21,6.4836e+21,6.3744e+21,6.4639e+21,6.3503e+21,6.4191e+21,6.3728e+21,6.4172e+21,6.379e+21,6.2712e+21,6.3911e+21,6.4224e+21,6.421e+21,6.4933e+21,6.3966e+21,6.4038e+21
46,B,False,9.6138e+21,9.6014e+21,9.6483e+21,9.7236e+21,9.7227e+21,9.662e+21,9.6798e+21,9.718e+21,9.6861e+21,9.6717e+21,9.5696e+21,9.5177e+21,9.4272e+21,9.3215e+21,9.3119e+21,9.4019e+21,9.2601e+21,9.2702e+21,9.1988e+21,9.1327e+21,9.1602e+21,9.1493e+21,9.2839e+21,9.3516e+21,9.2931e+21,9.3998e+21,9.4536e+21,9.462e+21,9.5006e+21,9.5526e+21,9.5922e+21,9.6271e+21,9.6405e+21,9.6622e+21,9.7637e+21,9.7872e+21,9.7932e+21,9.8341e+21,9.8541e+21,9.6766e+21,9.6465e+21,9.5871e+21,9.6081e+21,9.5701e+21,9.6266e+21,9.5414e+21,9.384e+21,9.4238e+21,9.3938e+21,9.451e+21,9.4455e+21,9.4523e+21,9.4462e+21,9.3289e+21,9.379e+21,9.4334e+21,9.5414e+21,9.6221e+21,9.715e+21,9.7378e+21,9.7279e+21,9.6257e+21,9.5548e+21,9.5028e+21,9.6481e+21,9.5333e+21,9.5963e+21,9.5974e+21,9.8066e+21,9.8459e+21,9.8993e+21,9.9297e+21,1.0032e+22,1.0156e+22,1.0178e+22,1.0164e+22,1.0191e+22,1.0205e+22,1.0289e+22,1.0204e+22,1.0205e+22,1.0287e+22,1.0383e+22,1.0335e+22,1.0374e+22,1.0444e+22,1.0406e+22,1.0432e+22,1.0348e+22,1.0419e+22,1.0467e+22,1.0463e+22,1.0558e+22,1.0495e+22,1.0686e+22,1.0693e+22,1.0938e+22,1.099e+22,1.0874e+22,1.1016e+22,1.1084e+22,1.1111e+22,1.1122e+22,1.1217e+22,1.1279e+22,1.1324e+22,1.1253e+22,1.1371e+22,1.1349e+22,1.1237e+22,1.1213e+22,1.1185e+22,1.117e+22,1.1037e+22,1.1109e+22,1.1171e+22,1.115e+22,1.1151e+22,1.1075e+22
47,B,False,5.1253e+21,5.0608e+21,5.067e+21,5.0913e+21,5.1473e+21,5.0808e+21,5.1165e+21,5.0776e+21,5.1156e+21,5.182e+21,5.1523e+21,5.208e+21,5.2848e+21,5.2867e+21,5.249e+21,5.3185e+21,5.3681e+21,5.3466e+21,5.3873e+21,5.3896e+21,5.3685e+21,5.3794e+21,5.3851e+21,5.4001e+21,5.4382e+21,5.4626e+21,5.4538e+21,5.4044e+21,5.3772e+21,5.4048e+21,5.369e+21,5.3707e+21,5.377e+21,5.3892e+21,5.392e+21,5.3531e+21,5.3574e+21,5.2564e+21,5.2324e+21,5.222e+21,5.2024e+21,5.1421e+21,5.139e+21,5.0585e+21,5.0501e+21,5.0641e+21,5.0281e+21,5.0409e+21,5.0884e+21,5.0916e+21,5.0723e+21,5.0824e+21,5.0544e+21,5.0563e+21,5.0314e+21,5.0696e+21,5.1e+21,5.0713e+21,5.0474e+21,5.0359e+21,5.0184e+21,5.0588e+21,5.0521e+21,5.0521e+21,5.0875e+21,5.072e+21,5.036e+21,5.006e+21,5.0345e+21,5.0312e+21,5.0409e+21,5.1614e+21,5.1628e+21,5.1239e+21,5.094e+21,5.0854e+21,5.0864e+21,5.1051e+21,5.0685e+21,5.0805e+21,5.0669e+21,5.1181e+21,5.1119e+21,5.0911e+21,5.0442e+21,4.9949e+21,4.9935e+21,4.9775e+21,4.8793e+21,4.9299e+21,4.922e+21,4.8674e+21,4.8794e+21,4.8904e+21,4.8949e+21,4.8213e+21,4.8251e+21,4.8392e+21,4.8007e+21,4.7995e+21,4.7586e+21,4.7987e+21,4.8647e+21,4.8699e+21,4.8634e+21,4.8041e+21,4.8031e+21,4.7541e+21,4.8116e+21,4.7881e+21,4.7281e+21,4.6881e+21,4.7306e+21,4.7163e+21,4.6445e+21,4.6517e+21,4.7198e+21,4.6873e+21,4.6751e+21
48,B,False,2.3645e+21,2.3399e+21,2.2861e+21,2.362e+21,2.3861e+21,2.402e+21,2.3953e+21,2.3868e+21,2.3956e+21,2.4193e+21,2.4225e+21,2.4048e+21,2.4415e+21,2.4032e+21,2.4096e+21,2.4253e+21,2.3929e+21,2.3666e+21,2.3438e+21,2.3579e+21,2.3669e+21,2.3633e+21,2.3846e+21,2.4463e+21,2.4104e+21,2.4604e+21,2.4727e+21,2.4622e+21,2.421e+21,2.4418e+21,2.4561e+21,2.4488e+21,2.4198e+21,2.4023e+21,2.3825e+21,2.382e+21,2.3087e+21,2.3344e+21,2.3055e+21,2.2665e+21,2.2923e+21,2.2837e+21,2.2409e+21,2.2704e+21,2.2292e+21,2.252e+21,2.2477e+21,2.2555e+21,2.2986e+21,2.3168e+21,2.2735e+21,2.2456e+21,2.26e+21,2.2559e+21,2.2552e+21,2.2253e+21,2.2058e+21,2.1371e+21,2.1565e+21,2.113e+21,2.1047e+21,2.0386e+21,2.0216e+21,1.9813e+21,1.9586e+21,1.976e+21,1.9488e+21,1.9258e+21,1.8866e+21,1.8688e+21,1.8883e+21,1.9072e+21,1.896e+21,1.8837e+21,1.9064e+21,1.9005e+21,1.8953e+21,1.9346e+21,1.9055e+21,1.8929e+21,1.8934e+21,1.9284e+21,1.9021e+21,1.8978e+21,1.8284e+21,1.8345e+21,1.8845e+21,1.8502e+21,1.7939e+21,1.7829e+21,1.7893e+21,1.8135e+21,1.7958e+21,1.8053e+21,1.8289e+21,1.8312e+21,1.8431e+21,1.8521e+21,1.8237e+21,1.8986e+21,1.9647e+21,1.9674e+21,1.9747e+21,2.0027e+21,2.0683e+21,2.0705e+21,2.0449e+21,2.1212e+21,2.1564e+21,2.1339e+21,2.1847e+21,2.1361e+21,2.1104e+21,2.0522e+21,2.0227e+21,2.0544e+21,2.0397e+21,2.0223e+21,2e+21
49,N,False,1.1672e+21,1.1431e+21,1.1358e+21,1.128e+21,1.1205e+21,1.1278e+21,1.1296e+21,1.1606e+21,1.1344e+21,1.1326e+21,1.1084e+21,1.1278e+21,1.1004e+21,1.1251e+21,1.1116e+21,1.1527e+21,1.1931e+21,1.2043e+21,1.2009e+21,1.2048e+21,1.2131e+21,1.2566e+21,1.268e+21,1.2879e+21,1.2304e+21,1.254e+21,1.2605e+21,1.2229e+21,1.2021e+21,1.2233e+21,1.1872e+21,1.2732e+21,1.2076e+21,1.206e+21,1.1923e+21,1.1987e+21,1.1754e+21,1.1985e+21,1.1714e+21,1.186e+21,1.1879e+21,1.1937e+21,1.2056e+21,1.203e+21,1.2207e+21,1.2442e+21,1.2437e+21,1.25e+21,1.2156e+21,1.2321e+21,1.25e+21,1.2607e+21,1.2482e+21,1.2267e+21,1.2175e+21,1.2281e+21,1.1791e+21,1.1555e+21,1.134e+21,1.1089e+21,1.0891e+21,1.0951e+21,1.1287e+21,1.1424e+21,1.1213e+21,1.1571e+21,1.1492e+21,1.1749e+21,1.1657e+21,1.2116e+21,1.2492e+21,1.2408e+21,1.2871e+21,1.2616e+21,1.2962e+21,1.2994e+21,1.2935e+21,1.2463e+21,1.2702e+21,1.3118e+21,1.2996e+21,1.3185e+21,1.3561e+21,1.3725e+21,1.3678e+21,1.3583e+21,1.3645e+21,1.36e+21,1.3543e+21,1.3352e+21,1.324e+21,1.3409e+21,1.335e+21,1.3235e+21,1.3378e+21,1.327e+21,1.3073e+21,1.2822e+21,1.2766e+21,1.294e+21,1.2982e+21,1.3056e+21,1.3262e+21,1.3017e+21,1.312e+21,1.3474e+21,1.3637e+21,1.3858e+21,1.477e+21,1.4925e+21,1.5385e+21,1.5393e+21,1.5224e+21,1.5306e+21,1.5074e+21,1.5022e+21,1.4925e+21,1.4827e+21,1.4507e+21
50,N,False,5.6172e+20,5.5572e+20,5.37e+20,5.4429e+20,5.447e+20,5.4028e+20,5.1585e+20,5.2878e+20,5.1099e+20,5.0565e+20,5.0637e+20,4.8679e+20,5.1344e+20,4.8832e+20,5.2609e+20,5.2157e+20,5.0727e+20,5.2282e+20,5.188e+20,5.2102e+20,5.297e+20,5.2569e+20,5.2772e+20,5.0776e+20,5.1636e+20,5.3268e+20,5.0858e+20,4.9907e+20,5.0007e+20,4.9611e+20,4.875e+20,4.7127e+20,4.943e+20,5.0556e+20,4.8148e+20,4.775e+20,4.9749e+20,4.8577e+20,4.8856e+20,4.775e+20,4.385e+20,4.0666e+20,4.0591e+20,3.7269e+20,3.5452e+20,3.479e+20,3.5099e+20,3.432e+20,3.4263e+20,3.3252e+20,3.2781e+20,3.0965e+20,3.1007e+20,3.0205e+20,3.142e+20,3.127e+20,2.9753e+20,3.1485e+20,3.0095e+20,2.8502e+20,3.0109e+20,2.9924e+20,2.9326e+20,3.0282e+20,2.8174e+20,3.0239e+20,2.9131e+20,2.7916e+20,3.0096e+20,2.9429e+20,2.961e+20,2.8448e+20,2.7806e+20,2.8757e+20,2.8038e+20,2.8532e+20,2.9953e+20,2.7554e+20,2.7858e+20,2.6591e+20,2.7013e+20,2.7983e+20,2.5431e+20,2.5292e+20,2.5934e+20,2.6009e+20,2.6982e+20,2.7781e+20,2.582e+20,2.5859e+20,2.5636e+20,2.5288e+20,2.4941e+20,2.4318e+20,2.5822e+20,2.5186e+20,2.467e+20,2.6327e+20,2.4377e+20,2.312e+20,2.3339e+20,2.2835e+20,2.5681e+20,2.5632e+20,2.6172e+20,2.3576e+20,2.3937e+20,2.4077e+20,2.3979e+20,2.1487e+20,2.2727e+20,2.205e+20,2.1783e+20,2.1038e+20,1.9593e+20,1.9143e+20,1.8318e+20,1.962e+20,1.7814e+20
51,N,False,9.9311e+20,1.0081e+21,9.7513e+20,9.684e+20,9.8936e+20,9.8609e+20,9.7051e+20,9.7536e+20,9.7211e+20,9.5408e+20,9.7627e+20,8.9726e+20,8.5672e+20,8.3724e+20,7.9097e+20,7.5106e+20,7.183e+20,6.9774e+20,7.1166e+20,6.8668e+20,7.1167e+20,6.9858e+20,7.1574e+20,6.7673e+20,6.9305e+20,6.8927e+20,6.8721e+20,6.6724e+20,6.7522e+20,6.64e+20,6.7767e+20,6.482e+20,6.5198e+20,6.5048e+20,6.5313e+20,6.652e+20,6.3656e+20,6.8336e+20,6.7272e+20,6.6484e+20,6.874e+20,6.7502e+20,7.1299e+20,6.9973e+20,7.3823e+20,7.5216e+20,7.6016e+20,8.2021e+20,8.5064e+20,8.794e+20,8.7179e+20,9.0905e+20,8.815e+20,8.9475e+20,8.4755e+20,8.3217e+20,7.876e+20,7.7267e+20,7.6309e+20,7.4958e+20,7.0448e+20,7.0775e+20,7.0431e+20,7.0332e+20,7.1647e+20,7.3973e+20,7.0526e+20,7.0877e+20,7.3565e+20,8.2274e+20,8.695e+20,9.0901e+20,9.5484e+20,9.3737e+20,9.6261e+20,9.482e+20,9.6153e+20,8.7445e+20,8.9472e+20,8.4716e+20,8.3288e+20,8.2071e+20,8.2324e+20,8.1047e+20,8.4818e+20,7.9167e+20,7.8358e+20,7.8337e+20,7.5625e+20,7.6791e+20,8.2775e+20,7.7779e+20,8.0201e+20,7.6327e+20,7.9434e+20,8.3541e+20,7.8313e+20,7.9869e+20,8.5641e+20,8.4231e+20,9.0019e+20,9.3516e+20,9.4152e+20,9.7671e+20,9.8106e+20,9.6357e+20,9.7322e+20,9.4853e+20,9.6018e+20,9.8527e+20,9.5124e+20,9.2056e+20,8.6951e+20,7.7737e+20,7.7872e+20,7.5894e+20,7.2066e+20,7.34e+20,7.0329e+20
