T_REC,NOAA_AR,TOTPOT,MEANPOT,EPSZ,TOTBSQ,TOTFZ,TOTABSTWIST
2010.05.04_17:24:00.000_TAI,11069,7.265489e+22,5501.1,-0.3687019193424324,5229536593.483387,-1018.8525657968606,1216.566630362739
2010.08.06_18:24:00.000_TAI,11093,2.24522e+23,6295.1,-0.3066304182256304,14440870563.459549,-2339.814305641651,2342.365915077236
2010.10.15_19:12:00.000_TAI,11112,7.395334e+22,2971.2,-0.454163945411238,7179321730.79921,-1722.9345667881744,2389.672058940356
2011.02.08_01:36:00.000_TAI,11153,6.688043e+22,3373.1,-0.54861213040489,7219961412.515813,-2093.0180313980604,1178.7999591721389
2011.02.12_17:36:00.000_TAI,11158,6.762531e+22,5202.9,-0.28255439118425,5323465639.08771,-794.8207127950978,984.1588183661648
2011.02.13_17:24:00.000_TAI,11158,5.793296e+23,14078.0,-0.0314953514029192,27527128903.24016,-458.12078302699854,3577.874110498901
2011.02.14_01:48:00.000_TAI,11158,7.014759e+23,15349.0,-0.0609103266506883,33741086346.97802,-1085.9820348469316,3826.89829817622
2011.02.15_07:48:00.000_TAI,11161,8.403092e+22,3735.9,-0.5181944068678865,9015392531.740808,-2468.59567199102,1901.3384824767968
2011.02.15_14:24:00.000_TAI,11158,8.292732e+23,14985.0,-0.0397890587348193,37892726256.88918,-796.6953183841432,4428.5126077627065
2011.02.17_10:00:00.000_TAI,11158,6.428692e+23,10860.0,-0.2303579866741237,37724957271.72985,-4592.030039495076,5002.580592258692
2011.02.17_10:24:00.000_TAI,11162,2.850954e+23,8984.4,-0.2101540960431289,17050543017.378609,-1893.427791922378,2518.405166284095
2011.02.17_13:00:00.000_TAI,11158,6.63249e+23,10909.0,-0.2287156458225893,38739559478.547134,-4681.911947032849,5103.712497092652
2011.02.17_14:12:00.000_TAI,11162,2.803724e+23,9608.0,-0.1983586270788618,16463349029.659103,-1725.6070234527267,2486.3022397528616
2011.02.17_21:00:00.000_TAI,11162,2.78909e+23,8282.0,-0.2196250019339963,17128337780.68236,-1987.7861313397093,2562.594170430419
2011.09.29_16:24:00.000_TAI,11305,2.490956e+23,12067.0,-0.4322801897781458,18631190128.917816,-4255.774757854888,3602.455884036854
2011.03.06_05:12:00.000_TAI,11164,1.176023e+24,11872.0,-0.2069168797023859,64408721903.71484,-7042.279768949809,8699.150947065571
2011.03.06_08:00:00.000_TAI,11165,2.955719e+23,5381.1,-0.444187994721952,25202455656.06721,-5915.375595873779,4215.227279892364
2011.03.06_08:12:00.000_TAI,11164,1.188865e+24,10984.0,-0.2099883276140116,65019425622.8269,-7214.57952528752,8824.855135635786
2011.03.06_09:12:00.000_TAI,11164,1.1851e+24,11898.0,-0.1988388645027536,64023561614.35407,-6726.880581015983,8355.941561317488
2011.03.06_20:00:00.000_TAI,11164,1.094313e+24,9963.0,-0.2632894439625664,64400741378.27957,-8959.773814594962,8581.354267421399
2011.03.06_21:48:00.000_TAI,11165,5.280094e+23,6491.2,-0.4123671227548672,39297156339.9206,-8562.842181507018,5684.454202608051
2011.03.07_02:24:00.000_TAI,11165,6.151472e+23,7481.2,-0.3843613573867358,43329191761.959946,-8800.209559217561,5748.148331329677
2011.03.08_23:12:00.000_TAI,11166,9.641278e+23,15412.0,-0.0546348284423162,45491552594.58197,-1313.327493524958,5103.55852017859
2011.03.11_04:48:00.000_TAI,11166,1.08011e+24,14345.0,-0.1067800245543301,52872396115.95589,-2983.264110611061,6019.909779529228
2011.03.13_19:36:00.000_TAI,11169,3.845804e+23,8589.2,-0.2701735137080562,23529897104.33033,-3359.1976296465755,3677.4397613119295
2011.09.07_06:00:00.000_TAI,11283,3.494217e+23,8914.3,-0.3332211620544619,23064776130.37961,-4061.2011966983055,3807.4942546977727
2011.03.24_23:24:00.000_TAI,11176,6.941632e+23,6282.9,-0.3426350883960802,48395467327.99325,-8762.12120113241,7473.084131602039
2011.04.14_17:12:00.000_TAI,11190,4.096482e+23,7896.7,-0.2179877980563308,25667546759.75276,-2956.577178216417,5247.2901399080765
2011.04.21_04:48:00.000_TAI,11195,3.482241e+23,3863.0,-0.5168982946322996,34123508611.27331,-9320.335983712412,6642.837547758863
2012.07.01_05:48:00.000_TAI,11513,3.61573e+23,7389.2,-0.5060616183812865,35569116010.10174,-9511.504228071532,7442.991513577383
2011.06.06_06:36:00.000_TAI,11226,1.879337e+23,3703.9,-0.4558865059368672,16334165387.872189,-3934.834978591404,4021.683731244969
2011.07.26_16:00:00.000_TAI,11260,1.497525e+23,5375.5,-0.4271314797233473,12329043274.387497,-2782.683797774805,2673.170516129158
2015.11.03_07:24:00.000_TAI,12445,3.745396e+23,9441.1,-0.288350706887546,23821150410.70581,-3629.581528053551,3647.566077559648
2011.08.01_06:24:00.000_TAI,11261,6.319771e+23,12170.0,-0.0477640672611647,30248562887.57112,-763.4469578645561,5008.848419270242
2011.08.02_03:36:00.000_TAI,11261,5.872149e+23,13596.0,-0.0313434251396348,27774036410.81612,-460.000509015127,4026.595818770285
2011.08.02_04:36:00.000_TAI,11263,1.176319e+24,21462.0,-0.0323837195318815,51807274793.67288,-886.5237180768178,3878.369126414296
2011.04.22_06:36:00.000_TAI,11195,5.269515e+23,5259.9,-0.0598191891681746,25531531904.11063,-807.0310628119998,3979.908633526136
2011.08.03_03:48:00.000_TAI,11261,5.598505e+23,12052.0,-0.096059911167252,27764659529.97798,-1409.312643458435,4414.785641455149
2011.08.07_18:12:00.000_TAI,11263,8.488264e+23,12023.0,-0.176643324941946,44393052964.99416,-4143.669640303072,4906.310625317463
2011.08.08_03:48:00.000_TAI,11263,7.577109e+23,10685.0,-0.2410205429197061,43365415255.21529,-5522.941060285869,4740.769940067825
2011.08.08_08:00:00.000_TAI,11263,7.227387e+23,9830.8,-0.2437968217313735,41477582308.92304,-5343.358386140757,4303.69624301685
2011.09.03_11:48:00.000_TAI,11286,1.732729e+23,4459.1,-0.4085277511122856,14332397554.624607,-3093.949008172196,2787.4039155086944
2011.09.04_04:24:00.000_TAI,11286,1.645209e+23,4593.8,-0.4569868649370628,14590409810.166548,-3523.2542623818927,2782.992216079805
2011.09.03_17:48:00.000_TAI,11286,1.637274e+23,4910.5,-0.464785223015208,14573441920.764038,-3579.209938305948,2815.784970037568
2011.09.05_01:48:00.000_TAI,11283,3.704313e+23,7791.1,-0.1603268292310589,21503639779.59408,-1821.7590656738007,3874.120947813439
2011.09.05_22:24:00.000_TAI,11283,3.594993e+23,8419.1,-0.1159410444716139,19439373488.09289,-1190.9464991039115,3336.5411871269207
2011.09.06_22:36:00.000_TAI,11283,3.384889e+23,10300.0,-0.1298513293652801,17860217009.770603,-1225.4790719708988,2942.494792112735
2013.10.11_16:48:00.000_TAI,11865,3.120516e+23,6870.8,-0.1603130894333833,16336432838.183607,-1383.881687575909,3285.3671269223632
2011.09.08_06:12:00.000_TAI,11283,3.297407e+23,7588.8,-0.2307318506751784,18869502572.419533,-2300.5986630525,3667.073705127292
2011.09.08_12:48:00.000_TAI,11283,3.125322e+23,6845.6,-0.2504126386091307,18365383652.83229,-2430.127797079545,3724.3665621654873
2014.02.15_16:24:00.000_TAI,11977,3.675456e+23,7413.9,-0.3388423579512642,24263022221.163376,-4344.255168478348,4824.558094890071
2014.06.14_23:12:00.000_TAI,12087,2.644129e+23,5231.1,-0.5424516758469194,26932819237.849564,-7719.971056278241,4904.257753696434
2011.09.22_02:00:00.000_TAI,11295,6.139061e+23,5521.9,-0.3691291769174105,43929150468.91462,-8568.484842003689,8581.414666633196
2015.03.15_20:12:00.000_TAI,12297,6.436323e+23,11432.0,-0.4177319884260934,48747052515.575584,-10760.161700878769,8283.242253590637
2015.09.29_15:00:00.000_TAI,12422,1.525979e+24,14403.0,-0.1858562942518982,77360783583.10828,-7597.502878583216,7046.944296137299
2014.06.10_08:36:00.000_TAI,12080,1.510123e+24,12128.0,-0.206602187194616,78211355819.69627,-8538.419656516638,7158.588506674743
2011.09.23_17:00:00.000_TAI,11295,8.594489e+23,7156.2,-0.3778392469072007,58569800374.78023,-11693.74597570903,7849.050050178725
2011.09.23_17:24:00.000_TAI,11302,1.603959e+24,15260.0,-0.1997025365787114,81900636628.3265,-8642.584781637783,7762.1090793552
2014.01.13_04:24:00.000_TAI,11944,1.620184e+24,9994.3,-0.198644013557081,82911089283.45328,-8702.838699436132,8227.44049121367
2011.09.23_19:24:00.000_TAI,11302,1.734584e+24,16286.0,-0.1598369601669474,84707736218.03972,-7154.397688088148,7529.501921708532
2015.08.24_09:48:00.000_TAI,12403,1.659259e+24,14477.0,-0.1969437986327254,85205041799.16994,-8867.072426543185,7667.964159926211
2011.09.24_02:36:00.000_TAI,11302,1.882948e+24,17684.0,-0.1407727030387023,90619121450.6807,-6740.792989296327,7812.918958260803
2011.09.24_04:48:00.000_TAI,11302,1.875758e+24,19251.0,-0.1151085428795228,87602577668.72116,-5328.404906700112,7801.72418275831
2011.11.05_22:24:00.000_TAI,11339,1.813552e+24,12383.0,-0.0931932835475033,82086600212.42987,-4042.309750192947,8102.093037515268
2011.09.24_09:36:00.000_TAI,11303,2.432571e+22,2691.3,-0.5538433674962292,2773803811.254012,-811.7746267211337,510.6064743819624
2011.09.24_15:36:00.000_TAI,11302,1.879915e+24,19711.0,-0.054743173990419,81095173309.30998,-2345.8361580869487,7692.584057545852
2011.09.24_17:00:00.000_TAI,11303,7.703536e+22,5231.9,-0.4589203409711508,6775402667.585993,-1643.029058902854,964.3511933560176
2011.11.04_23:24:00.000_TAI,11339,1.854509e+24,12012.0,-0.0951326474177469,85737039434.88794,-4309.9365940216685,7167.538022407657
2012.03.07_15:00:00.000_TAI,11429,1.741473e+24,16391.0,-0.0463391701049065,76444445448.75282,-1871.832656188796,6949.439192880786
2011.09.27_13:24:00.000_TAI,11302,1.552967e+24,20598.0,0.0112315436411437,65778751096.93887,390.3891811855244,5253.547472352417
2011.09.29_19:12:00.000_TAI,11305,2.785752e+23,13906.0,-0.078928611620452,13612111124.982763,-567.7180361441405,1475.663273368948
2011.09.30_10:00:00.000_TAI,11305,2.98187e+23,16653.0,-0.0289536166440679,13661567017.519505,-209.0143621867828,1173.4355210296494
2011.10.01_00:48:00.000_TAI,11305,3.632628e+23,16824.0,-0.0363744325652829,16971639287.63255,-326.20658233319176,1385.0997384682746
2011.10.01_17:24:00.000_TAI,11302,8.872526e+23,12921.0,-0.1938319895013013,48013463045.94447,-4917.691387571108,5301.594537048008
2011.10.20_13:00:00.000_TAI,11314,8.426677e+23,5866.0,-0.3713887294394251,59122598717.79928,-11602.589261117071,8088.778598662468
2011.10.21_11:12:00.000_TAI,11319,8.19623e+23,6532.2,-0.3503734531788321,54623129806.73784,-10113.010342287516,5936.627511272275
2011.11.03_20:36:00.000_TAI,11339,1.901159e+24,13303.0,-0.2030506792288216,100038271194.41573,-10733.548149904169,9800.115740354451
2011.11.04_03:36:00.000_TAI,11339,1.833978e+24,13113.0,-0.2085840993047252,98202670664.22765,-10823.735521773157,9860.456858576315
2011.11.04_11:24:00.000_TAI,11339,1.725378e+24,12052.0,-0.1965420104064204,90997201591.67244,-9450.529834211273,10017.789773419454
2011.11.05_03:12:00.000_TAI,11339,1.823555e+24,13115.0,-0.1999926236435187,96990082995.74892,-10249.766682510695,11054.360916367708
2011.11.05_01:00:00.000_TAI,11339,1.861027e+24,12102.0,-0.1933671823271484,98452778659.70476,-10059.663572760022,10684.762107140625
2011.11.05_06:36:00.000_TAI,11339,1.787826e+24,11998.0,-0.165300668342135,91463020135.48572,-7989.007648111978,10637.98947791457
2011.11.08_13:36:00.000_TAI,11342,4.584496e+23,6113.1,-0.3371578883973216,31375085672.0115,-5589.731544597133,6091.084003317824
2011.11.14_12:48:00.000_TAI,11346,1.792868e+23,4169.8,-0.474107698156029,16224876080.507812,-4064.723967373121,3333.8770910382677
2011.12.25_02:24:00.000_TAI,11387,2.704499e+22,3678.6,-0.3883841924276367,2618814379.474797,-537.4510321413493,684.2092179786184
2011.12.25_20:36:00.000_TAI,11387,1.836555e+23,9860.3,-0.1595928298945634,10155385013.471811,-856.4112342706172,2007.52436654484
2011.12.29_03:12:00.000_TAI,11389,7.398967e+23,5941.9,-0.4109551378851519,53208239733.14445,-11554.35965002011,7949.583385019607
2011.12.30_13:12:00.000_TAI,11389,7.382831e+23,6449.9,-0.3583915065033002,51415895342.75079,-9737.055489192762,9165.229496550131
2011.12.30_16:24:00.000_TAI,11389,7.584877e+23,6007.0,-0.3501103568385689,52032741948.22477,-9626.187562497766,8927.949829614705
2012.01.17_19:12:00.000_TAI,11401,1.435965e+24,7230.2,-0.2704008878557514,84566746739.12685,-12083.15381650792,11380.031334258849
2012.01.22_04:00:00.000_TAI,11402,9.740555e+23,8185.3,-0.2723791174242197,61124106076.1294,-8797.49348731212,10604.53248398174
2012.02.05_20:00:00.000_TAI,11410,2.874178e+23,5158.3,-0.4104502479438568,21738781055.490314,-4714.8545881276505,3789.080910736656
2012.03.04_04:00:00.000_TAI,11429,9.055846e+23,14848.0,-0.22678635194743,48525213397.60417,-5815.097960970187,3381.868812016284
2012.03.04_19:12:00.000_TAI,11429,9.248852e+23,13193.0,-0.2614381553622998,53298334829.011536,-7363.008329356898,5012.008065147217
2012.03.04_19:36:00.000_TAI,11429,9.253377e+23,13361.0,-0.2600418442441644,53203876254.33557,-7310.7035660030515,5108.6008563328505
2012.03.04_22:36:00.000_TAI,11429,1.073206e+24,14001.0,-0.2228646250099671,58700719348.6627,-6912.853143074532,5311.661272508673
2012.03.05_00:24:00.000_TAI,11429,1.109898e+24,14309.0,-0.2302487173546112,60993405614.41195,-7420.834567806227,5753.737283227294
2014.11.30_04:24:00.000_TAI,12222,1.146602e+24,17296.0,-0.2248436152842564,62832780034.28,-7465.167822786213,5890.297168198033
2012.03.05_04:00:00.000_TAI,11429,1.196389e+24,14435.0,-0.2107159921160361,64008236081.83067,-7126.987779393269,6292.116724735876
2012.03.05_08:00:00.000_TAI,11430,1.234815e+24,15182.0,-0.1981076417586844,65250269350.73714,-6830.558421242996,6146.196117082251
2012.03.05_12:36:00.000_TAI,11429,1.242001e+24,16121.0,-0.1882548001234678,64915384890.39932,-6457.528847083494,5894.944218105426
2012.03.05_22:48:00.000_TAI,11430,1.54878e+24,17438.0,-0.1470944195222318,76183501128.23227,-5921.473561550802,7025.723421344354
2012.03.06_00:24:00.000_TAI,11430,1.604684e+24,18207.0,-0.1328987806723093,77811407539.56111,-5464.330717865316,7108.240169487399
2012.03.06_01:12:00.000_TAI,11430,1.609369e+24,18190.0,-0.1378813279413481,78332584123.1996,-5707.167357127043,7257.535023502563
2012.03.08_03:48:00.000_TAI,11429,1.68714e+24,16383.0,-0.0840549264467003,79239904772.8143,-3519.4912059433755,8680.55361953212
2013.11.13_23:48:00.000_TAI,11899,1.236781e+24,14245.0,-0.1391331898430085,62864228569.47228,-4621.756696856045,7886.166224525416
2012.03.12_17:36:00.000_TAI,11429,9.171169e+23,8246.2,-0.2935854288728765,56286830452.664055,-8732.004705384228,7050.102707214342
2012.03.13_15:24:00.000_TAI,11432,8.238706e+22,3338.0,-0.4276743470090788,7585205530.11388,-1714.1676015599655,2488.856822153519
2012.03.14_08:12:00.000_TAI,11432,7.232368e+22,3501.7,-0.3792635865370246,6219533916.395692,-1246.4408383204643,1721.1718318470623
2012.03.16_20:36:00.000_TAI,11434,2.637755e+22,4796.4,-0.3497861779512913,2449003545.013405,-452.6523780095789,494.1466578263117
2012.04.26_08:24:00.000_TAI,11466,1.77236e+23,8158.0,-0.2301242771619505,11880002227.38783,-1444.6136759546075,1637.2586571862823
2011.06.14_07:00:00.000_TAI,11236,3.21873e+23,8514.3,-0.2703303139972662,20384987353.240368,-2911.910349177173,3162.100860979433
2014.05.06_10:48:00.000_TAI,12056,1.206429e+24,10832.0,-0.2308910746647613,67084068179.00472,-8184.634593802562,7851.027171394391
2012.07.06_18:00:00.000_TAI,11520,1.34291e+24,8400.4,-0.1396318403697127,67603099635.70239,-4987.969634038597,8164.462413182588
2012.05.08_14:12:00.000_TAI,11476,1.379722e+24,13286.0,-0.1347793971692878,68924040803.72952,-4908.705168866747,8497.554477188483
2014.06.12_02:12:00.000_TAI,12085,1.537828e+24,9561.3,-0.1219863407944595,75836635480.356,-4888.358390697125,8519.381892958676
2012.05.09_04:24:00.000_TAI,11476,1.635062e+24,16277.0,-0.1112382444235433,79283732162.86856,-4660.269563053449,9105.74082105124
2012.05.09_20:24:00.000_TAI,11476,1.718353e+24,16973.0,-0.0688640889748791,79367792494.96512,-2888.084715704729,9165.537384258763
2012.05.16_01:48:00.000_TAI,11476,6.006366e+23,6038.8,-0.3653397982619665,40911809387.17836,-7898.02350563333,5322.3252170612295
2012.06.02_18:00:00.000_TAI,11496,4.400697e+23,3363.3,-0.5127815857792828,43464422603.43103,-11777.12049891243,8321.888015409333
2012.09.09_17:12:00.000_TAI,11564,2.988301e+23,2968.6,-0.110759694425173,14957786988.54172,-875.4310091602441,1747.5707232968468
2011.08.08_13:00:00.000_TAI,11263,6.819108e+23,9919.5,-0.1991220754598774,38195518919.43378,-4018.876302289653,5163.705982819383
2012.06.28_09:24:00.000_TAI,11513,2.124576e+23,5961.8,-0.3644041740675239,15418004747.981562,-2968.8226119906776,2741.8038447993385
2012.06.29_12:48:00.000_TAI,11513,2.597419e+23,5369.7,-0.398586169614932,20124983000.8142,-4238.680362957038,4157.510413235781
2012.06.29_18:36:00.000_TAI,11513,2.836797e+23,5424.9,-0.3638737744251938,20575012467.66749,-3956.067247691528,4151.151934862014
2012.06.30_19:24:00.000_TAI,11513,2.705454e+23,6980.0,-0.3018153401414736,18028792875.70277,-2875.284644195501,3503.7095182244584
2012.07.01_00:36:00.000_TAI,11513,3.138513e+23,5943.4,-0.298053135262822,21171476383.81756,-3334.3999860313365,4040.487605648226
2011.03.08_00:24:00.000_TAI,11166,7.466142e+23,13026.0,-0.1450596088132464,39042586679.97308,-2992.663954069049,5028.3252718743215
2012.07.01_20:12:00.000_TAI,11515,8.321153e+23,13474.0,-0.1237025038555277,42402254543.30978,-2771.661712670756,5352.009669177262
2012.07.02_00:00:00.000_TAI,11515,8.515967e+23,12344.0,-0.1144531016120362,43059042072.13971,-2604.1425221107143,5476.709324566459
2012.07.03_04:36:00.000_TAI,11515,9.317767e+23,11096.0,-0.1021979757333122,47280866986.92479,-2553.292634547832,6414.865521809526
2012.07.03_10:00:00.000_TAI,11515,9.905688e+23,12160.0,-0.0920116429985436,49463831957.51592,-2404.935295808224,6714.441823810356
2012.07.03_12:24:00.000_TAI,11515,1.030721e+24,12075.0,-0.075954538884996,50268534351.85182,-2017.543294543012,6856.52780352299
2011.03.10_04:36:00.000_TAI,11166,1.073962e+24,15661.0,-0.0727757260806586,51844175267.93768,-1993.697831396304,7253.61944161904
2012.07.03_16:36:00.000_TAI,11513,4.689251e+23,10574.0,-0.1728679096556183,26485051086.58962,-2419.290658973398,3371.141511479024
2013.10.27_12:36:00.000_TAI,11875,1.103827e+24,10100.0,-0.0955837062911511,55048824603.14192,-2780.383893786575,7375.011125792835
2012.07.04_00:00:00.000_TAI,11515,1.089898e+24,12507.0,-0.1127165016384885,55778176992.24038,-3322.1918118782887,7530.658181881698
2014.12.03_14:36:00.000_TAI,12222,1.089039e+24,15162.0,-0.1164518651084617,56114031790.148766,-3452.9538118280348,7610.5052815994095
2012.07.29_18:36:00.000_TAI,11536,1.105031e+24,7871.0,-0.1128587260029371,56349275841.87629,-3360.4419061512176,7733.802829205012
2012.07.04_02:12:00.000_TAI,11515,1.107399e+24,12830.0,-0.1093108127328018,56105025565.09769,-3240.691897319263,7775.969277245092
2011.03.05_23:00:00.000_TAI,11164,1.138248e+24,11515.0,-0.1041279409164278,56704689687.25424,-3120.032693144637,7825.363055645327
2015.06.24_06:48:00.000_TAI,12371,1.165959e+24,13966.0,-0.0931782424120699,57206060430.36209,-2816.627469198124,8123.981214795997
2013.11.03_16:36:00.000_TAI,11890,1.179106e+24,9591.3,-0.0931067788008447,57897302022.02586,-2848.475223460832,8322.467679144382
2012.07.04_20:12:00.000_TAI,11515,1.312515e+24,13082.0,-0.111608921053696,64826908719.53959,-3823.200657002867,9137.425968878477
2012.07.04_21:12:00.000_TAI,11515,1.341671e+24,13864.0,-0.1077439759855159,66098092035.337685,-3763.177993454552,9261.32919945895
2012.07.05_01:36:00.000_TAI,11515,1.317385e+24,14240.0,-0.1313803838810952,67262953642.16723,-4669.595735499472,9286.409187263567
2012.07.05_02:48:00.000_TAI,11515,1.319249e+24,14250.0,-0.1326715285463179,67879167023.35597,-4758.685886382164,9264.462810960127
2012.07.05_08:24:00.000_TAI,11515,1.326982e+24,13612.0,-0.1411711647255309,68658040168.59226,-5121.654657109358,9246.58693462576
2015.08.28_15:00:00.000_TAI,12403,1.29705e+24,10943.0,-0.146257966901554,67733944713.11589,-5234.783387780812,8972.311696945362
2012.07.05_13:36:00.000_TAI,11515,1.307056e+24,13422.0,-0.1533547382628574,68355184619.751526,-5539.128967853271,9367.604204834248
2012.07.05_19:00:00.000_TAI,11515,1.433693e+24,13050.0,-0.1657109304472818,75628562097.26105,-6622.315759664383,10496.905369574692
2012.03.06_12:24:00.000_TAI,11430,1.476021e+24,16169.0,-0.1754356644744188,78467477721.63882,-7274.1195759460925,10396.96421670072
2012.07.06_03:12:00.000_TAI,11515,1.514889e+24,14261.0,-0.1812506988802292,80774241888.27966,-7736.160319074805,10348.542043138914
2011.09.27_14:00:00.000_TAI,11302,1.551061e+24,20908.0,-0.1972773088181113,83328544144.42458,-8686.480274183505,10139.353956400157
2017.09.07_08:24:00.000_TAI,12673,1.587956e+24,18367.0,-0.2560948879958525,91824173331.49634,-12425.980397459907,10371.203550513748
2012.03.05_21:48:00.000_TAI,11429,1.53172e+24,17025.0,-0.2552027113891791,88056822192.49374,-11874.658483345062,9935.421269740466
2012.07.07_16:36:00.000_TAI,11515,1.515482e+24,11758.0,-0.2788421389332616,88558127738.45633,-13048.470573670242,10043.326923257882
2012.07.08_23:12:00.000_TAI,11520,2.420712e+24,11533.0,-0.2151957870634999,132364324257.64618,-15051.423939369042,15850.80785583785
2012.07.09_05:12:00.000_TAI,11520,2.509345e+24,12538.0,-0.191560508630628,133207732070.7495,-13483.673942840447,16135.09452299035
2012.07.09_06:24:00.000_TAI,11520,2.466786e+24,12738.0,-0.1903281510719918,130987381945.69247,-13173.626013756631,15856.620442740144
2012.07.12_14:48:00.000_TAI,11520,2.279624e+24,12369.0,-0.0996253125136768,110795441331.38664,-5832.6293752962265,12791.383798094526
2012.07.13_05:00:00.000_TAI,11521,2.30574e+24,12284.0,-0.137300909156058,115789654561.23984,-8400.709791978808,13470.479920526672
2012.07.27_21:00:00.000_TAI,11532,9.52456e+23,6376.1,-0.4044711058248088,71310204422.61078,-15240.950447820524,10532.347790052752
2012.07.28_06:24:00.000_TAI,11532,9.561061e+23,6691.4,-0.3804407091891303,69556871471.16269,-13982.982725390952,10408.162231165124
2014.12.04_05:48:00.000_TAI,12222,1.048223e+24,13968.0,-0.2826369056934678,64478380804.965485,-9629.766917062148,10843.172871808812
2012.08.10_12:24:00.000_TAI,11540,3.338508e+23,3747.4,-0.4566004503573176,29546859782.98007,-7128.866617574327,6661.329680405235
2012.09.05_04:12:00.000_TAI,11560,2.054239e+23,5704.0,-0.3789846947058311,15624526926.490835,-3128.9698660157005,2857.902692013951
2012.09.29_04:48:00.000_TAI,11583,3.233659e+23,4331.5,-0.4187485317429949,26077454565.416546,-5770.204679471699,8613.062801729073
2012.09.08_22:36:00.000_TAI,11564,3.744132e+23,3826.1,-0.4880274791679981,33233347299.694187,-8570.20417900381,8184.894200414104
2013.10.12_09:12:00.000_TAI,11865,3.255276e+23,8641.8,-0.4610580274987276,28408298757.88021,-6921.075960766013,5891.490580924106
2014.03.01_05:12:00.000_TAI,11982,1.811222e+23,2605.1,-0.3110725468820048,11810975877.724863,-1941.4228692393256,1332.51289019944
2012.11.12_05:48:00.000_TAI,11613,1.887724e+23,7914.0,-0.3272944427932051,12293215997.882956,-2126.066511973129,1623.994330039184
2012.11.12_21:00:00.000_TAI,11613,2.618985e+23,8029.6,-0.3311950403368676,17476559607.81003,-3058.527675039281,2991.101582920505
2012.11.13_04:00:00.000_TAI,11613,2.569114e+23,7916.0,-0.3198801091972145,16528945738.688498,-2793.8630669130625,2948.6548454251183
2012.11.19_19:24:00.000_TAI,11618,1.630578e+23,5812.9,-0.3522250530828253,13457076733.921003,-2504.6300659043536,2913.647799949156
2012.11.20_07:00:00.000_TAI,11618,2.583097e+23,6953.0,-0.2074094156372944,16241940159.737768,-1780.077948513711,3641.468657895441
2012.06.30_04:12:00.000_TAI,11513,2.869646e+23,6157.1,-0.1841911944331602,17424305593.189697,-1695.8877018654846,3713.860064470858
2015.08.19_12:00:00.000_TAI,12403,1.882187e+23,4434.8,-0.5616947554116765,20700456860.258747,-6144.023713100897,3607.907567916169
2012.11.21_07:36:00.000_TAI,11618,4.63326e+23,11200.0,-0.1772510855813289,25760347043.962933,-2412.755723195756,3664.697279323255
2015.04.20_10:36:00.000_TAI,12325,5.140547e+23,5081.4,-0.2658952934561628,31954330227.025925,-4489.655349101649,4433.681508086077
2013.01.10_09:12:00.000_TAI,11654,1.268189e+24,11415.0,-0.2173700604862528,69028073862.1302,-7928.628969199806,7465.784439196222
2014.12.16_10:12:00.000_TAI,12242,1.238885e+24,9407.1,-0.2114811232512901,67676253646.09007,-7562.763746280621,7807.457064067178
2014.01.30_04:48:00.000_TAI,11968,2.887695e+23,3840.9,-0.3094944410828303,19648875627.01685,-3213.3878913532976,4959.698982118377
2013.01.12_08:36:00.000_TAI,11652,2.384463e+23,5989.9,-0.3387206054644285,17194114630.074127,-3077.471140921377,4637.492211797655
2013.02.16_15:48:00.000_TAI,11675,6.820719e+21,3616.8,-0.4569738137800464,696682444.0705003,-168.2282388302962,204.62535413040985
2013.03.04_08:00:00.000_TAI,11686,7.049382e+22,5241.0,-0.2789053957441541,4698645389.9017935,-692.4719830829417,573.202713530196
2013.03.20_22:00:00.000_TAI,11692,5.258943e+23,6765.3,-0.3726174624364404,36054431575.33746,-7098.956532543907,4722.811304160051
2013.04.10_07:12:00.000_TAI,11719,2.722829e+23,7501.0,-0.2807255817626693,18139485601.733784,-2690.7893799025987,3424.1797140487524
2013.04.11_20:36:00.000_TAI,11718,4.655025e+23,9803.3,-0.2429368552322505,27432601557.76406,-3521.544586144006,3691.212419423678
2013.04.21_10:24:00.000_TAI,11726,6.635436e+23,12776.0,-0.0961488699904529,34200294128.17574,-1737.587810311735,4573.042910983232
2013.05.01_05:12:00.000_TAI,11731,4.695519e+23,8490.0,-0.1261027121561443,25678772629.600643,-1711.0845362133457,5431.7294960412455
2014.01.29_16:48:00.000_TAI,11968,2.700594e+23,3451.3,-0.3534567554880805,20061795297.293182,-3746.958121115707,5987.3891174302335
2013.05.04_18:00:00.000_TAI,11739,2.385433e+23,4460.8,-0.4921231623865158,20995425457.1174,-5459.730392757661,4384.985937245539
2013.05.15_21:48:00.000_TAI,11748,3.24579e+23,6401.5,-0.4027892057580641,25193158958.198154,-5362.078961768768,3850.904297142514
2013.05.15_19:36:00.000_TAI,11748,3.064153e+23,6779.3,-0.3539093512688682,21967123918.82809,-4108.071444658808,3939.2453421742152
2013.05.21_13:36:00.000_TAI,11745,1.62293e+23,2930.5,-0.5603424091264468,16873906341.950811,-4996.224092049336,3680.762186719116
2012.03.17_06:00:00.000_TAI,11434,2.888047e+22,4313.9,-0.6486550308453125,3949740435.631008,-1353.8019365570915,1117.7316083901967
2014.11.05_03:12:00.000_TAI,12205,5.045169e+23,6888.6,-0.2605045215991293,30579804662.475483,-4209.425514828386,4607.837207743656
2013.08.11_10:36:00.000_TAI,11817,1.556689e+23,6139.9,-0.3596751232102224,12049584481.754091,-2290.104337976043,2413.44795603534
2013.08.16_18:24:00.000_TAI,11818,4.490379e+23,15419.0,-0.0830016455779768,21204500163.84614,-930.0100766125644,2306.785085776152
2013.08.16_19:36:00.000_TAI,11818,4.48708e+23,15453.0,-0.0963207269147952,21544493376.71936,-1096.5508062007736,2338.443968819557
2013.10.12_00:48:00.000_TAI,11865,3.179773e+23,7263.2,-0.2696993919692605,20194597471.16882,-2877.98110423633,3691.648480049844
2013.10.14_08:36:00.000_TAI,11865,2.160687e+23,6458.3,-0.2661202360048733,14573696748.317122,-2049.370223946888,2930.642179782232
2013.10.14_23:36:00.000_TAI,11865,2.26769e+23,7451.3,-0.2769116842899801,14892261834.351397,-2179.0869664929683,3123.357298006817
2013.10.16_15:36:00.000_TAI,11861,5.642134e+23,9806.9,-0.2907311175783581,35860878826.442726,-5509.157331621928,4161.716886718565
2013.11.08_03:24:00.000_TAI,11891,1.359394e+23,8859.3,-0.4303438931906013,11481411369.290468,-2610.860400033177,2880.6758150418536
2013.10.21_00:24:00.000_TAI,11875,2.407789e+23,4488.3,-0.3620116512778919,18428541983.200115,-3525.2206235330445,4416.952259730841
2013.10.21_21:24:00.000_TAI,11875,4.803974e+23,8095.9,-0.1535938920537908,26599095175.80913,-2158.805384631808,5244.607596111986
2013.10.22_20:48:00.000_TAI,11875,7.737323e+23,11502.0,-0.0558817842147671,38043175630.80289,-1123.3621138238798,5812.1016741295
2013.10.22_23:36:00.000_TAI,11875,8.901831e+23,13045.0,-0.0285995872926253,42071607681.37241,-635.8015758896396,5910.512612006787
2013.10.23_00:12:00.000_TAI,11875,9.17226e+23,13358.0,-0.0278237364985266,43270501377.97452,-636.1801534401586,5989.495773008952
2013.10.23_00:24:00.000_TAI,11877,8.335164e+23,10906.0,-0.188292252080439,44662918351.0892,-4443.77697930233,5390.082648944932
2014.12.01_01:36:00.000_TAI,12222,1.102588e+24,16723.0,-0.0396394324764346,51683141405.35546,-1082.5527708312295,6251.126095994445
2015.05.06_07:00:00.000_TAI,12339,1.106926e+24,10217.0,-0.038206138166439,51722099187.66259,-1044.1959843765987,6202.493719939634
2013.10.25_19:48:00.000_TAI,11882,4.991031e+23,14931.0,-0.177931037429159,23806321567.889267,-2238.2913921831305,2852.1190368216085
2013.10.26_12:36:00.000_TAI,11875,9.697699e+23,11030.0,-0.1966314982416514,52168347064.98958,-5420.418863297999,6547.218186941216
2011.03.07_00:24:00.000_TAI,11164,1.035019e+24,8942.4,-0.2458279006027796,59083362549.49765,-7674.835170480613,7797.354879768372
2011.03.10_18:00:00.000_TAI,11166,1.045315e+24,14255.0,-0.2602059753904655,60773860146.79914,-8356.160466845817,7527.917595394058
2013.10.27_11:48:00.000_TAI,11877,6.558488e+23,8674.5,-0.2260116779910321,37043947118.04164,-4424.058059311583,5405.206483465985
2013.10.27_14:00:00.000_TAI,11875,1.121239e+24,10415.0,-0.2444524191830043,63101074184.86067,-8150.866229056794,7521.091989133657
2013.10.27_15:00:00.000_TAI,11882,5.560143e+23,14752.0,-0.1411096698828228,28356317546.023518,-2114.361427946444,3363.287347101568
2013.10.27_15:12:00.000_TAI,11882,5.611754e+23,14619.0,-0.1412006367157586,28481551436.77242,-2125.0689783060448,3399.313024608516
2013.10.27_21:00:00.000_TAI,11875,1.229157e+24,10873.0,-0.2547842109330348,68931201523.88463,-9280.279881314738,7985.572715345109
2013.10.31_19:48:00.000_TAI,11884,7.535625e+23,10705.0,-0.1429406573315716,39173848530.96758,-2958.8622037150462,5874.649378210142
2013.11.01_22:24:00.000_TAI,11884,6.374823e+23,9779.9,-0.1390791698961998,34030716312.43943,-2500.955285057537,5070.577713841208
2011.04.15_13:48:00.000_TAI,11190,5.768195e+23,9512.4,-0.1590362366747518,31577137529.893818,-2653.637418242912,4487.033448789392
2012.03.05_05:36:00.000_TAI,11429,1.239059e+24,15426.0,-0.2650516811277763,71778018940.4094,-10052.976996870108,8356.21104184136
2012.01.16_20:24:00.000_TAI,11401,1.347252e+24,9043.0,-0.245991933185296,76422778736.53741,-9933.82141432829,9029.809457739251
2013.11.04_22:12:00.000_TAI,11890,1.455562e+24,11337.0,-0.2301815751553834,80726384486.86563,-9818.808279081632,9764.270800330807
2013.11.05_13:48:00.000_TAI,11890,1.34706e+24,12142.0,-0.1858998653700612,71312402199.61702,-7005.139537284572,9344.497905582924
2013.11.06_03:36:00.000_TAI,11890,1.33695e+24,12984.0,-0.1756196738037254,70212101612.16594,-6515.651073542681,9561.493066153973
2013.11.06_14:24:00.000_TAI,11890,1.24744e+24,12562.0,-0.134596211111864,62472430765.339325,-4443.180349372245,8777.94247309162
2013.11.07_04:24:00.000_TAI,11890,1.200892e+24,12896.0,-0.1270404070145557,60930725853.558685,-4090.259876738183,8090.015253750727
2011.07.26_04:24:00.000_TAI,11260,1.246751e+23,4905.0,-0.165568955672859,7359170780.698711,-643.8437062636641,1287.8586551972126
2013.11.09_05:12:00.000_TAI,11890,8.465006e+23,11886.0,-0.1395145310708427,44536116522.45787,-3283.253618996123,5915.198919650702
2013.11.12_15:24:00.000_TAI,11897,9.539357e+23,7181.4,-0.3497551028758875,65002974531.627365,-12013.510572099663,9464.95859237418
2013.11.14_02:24:00.000_TAI,11899,1.249393e+24,14148.0,-0.1711055876761258,62184117193.44467,-5622.329691699099,5493.289705719986
2013.11.15_04:48:00.000_TAI,11900,4.875778e+23,10810.0,-0.1572350827718819,27075534037.73381,-2249.567856181196,3725.307668299775
2012.07.03_21:00:00.000_TAI,11513,4.771171e+23,9157.9,-0.1578780216121457,26533693146.6915,-2213.563572501046,3588.283215905845
2013.11.16_05:12:00.000_TAI,11900,5.548283e+23,9501.0,-0.1967677791733773,31221408833.524487,-3246.2288166108297,4663.55918687745
2012.06.12_14:36:00.000_TAI,11504,7.076635e+23,10555.0,-0.3697312840113127,49792331659.25378,-9727.950186892973,6367.705721275945
2015.06.23_08:00:00.000_TAI,12371,1.409942e+24,17784.0,-0.1342831260587578,67614067072.95062,-4797.678420484536,5871.71014901531
2013.11.22_13:00:00.000_TAI,11904,1.380727e+24,14939.0,-0.1683383552427817,68903494282.89,-6129.103903256147,6754.550245159555
2013.12.06_07:24:00.000_TAI,11909,1.789354e+23,5862.2,-0.3683769743637713,13661184159.578758,-2659.214967241366,2420.0043524387697
2013.12.21_08:12:00.000_TAI,11928,6.598182e+23,8740.5,-0.2822008225631053,41898034073.71951,-6247.762812514826,6043.57084636251
2013.12.21_08:36:00.000_TAI,11928,6.496509e+23,8869.2,-0.2901821136094812,41828584172.80696,-6413.814780111554,6008.983695768092
2014.11.05_14:36:00.000_TAI,12205,5.295731e+23,6489.3,-0.3639915066202974,36720484748.826935,-7062.724560656689,6403.742344764854
2016.07.23_17:00:00.000_TAI,12567,6.62005e+23,8929.6,-0.3018692432329594,43415401096.09628,-6925.24795084344,5954.0245735447925
2013.12.21_22:12:00.000_TAI,11928,6.770537e+23,8936.4,-0.3266395464486853,45275195373.00583,-7814.509090610744,6243.626384998792
2013.12.22_00:00:00.000_TAI,11928,6.868139e+23,8693.0,-0.3254302794187342,45555183717.72376,-7833.726112407679,6387.631676597952
2013.12.22_09:12:00.000_TAI,11928,7.068867e+23,8861.4,-0.3241219762792189,46434959669.661255,-7952.911836971677,6353.82650035954
2013.12.28_08:00:00.000_TAI,11936,1.70745e+23,5331.3,-0.3189695663175674,13132874200.92649,-2213.510865717393,3170.63899640917
2013.12.30_22:00:00.000_TAI,11936,5.052449e+23,9384.6,-0.169313344483101,28926510179.55324,-2587.973389868185,4879.848175639722
2013.12.31_18:48:00.000_TAI,11936,5.486385e+23,7899.9,-0.2653575158127304,35261011294.66738,-4944.231923327629,5994.489460931815
2014.01.03_10:24:00.000_TAI,11944,2.213053e+24,10313.0,-0.2744750890578929,128573023277.00548,-18647.70784902721,15083.42292125336
2014.01.06_03:48:00.000_TAI,11946,1.942658e+23,10325.0,-0.1653520218957584,11317226062.737411,-988.8311903329326,1313.343180490003
2014.01.06_10:12:00.000_TAI,11944,2.954067e+24,15385.0,-0.0689206208970615,134204116872.46004,-4887.509880050377,13832.42738898398
2014.01.06_09:00:00.000_TAI,11944,2.958335e+24,15716.0,-0.0703628805012624,135191963182.50871,-5026.516419632481,13381.481892078436
2014.01.12_21:48:00.000_TAI,11944,1.696924e+24,11130.0,-0.2488199196538989,94951940868.57436,-12484.227406782598,9345.668755216158
2014.01.31_01:24:00.000_TAI,11967,2.056395e+24,13194.0,-0.1687474146922513,105667472387.01906,-9422.172364869164,12526.735447828369
2014.01.31_07:24:00.000_TAI,11967,2.029419e+24,14294.0,-0.1579703008099111,103544083396.90208,-8643.17747147626,12874.409807803026
2014.02.01_05:24:00.000_TAI,11968,2.801492e+23,4796.0,-0.3404933743702846,20402028421.545715,-3670.748235055868,5614.097560501576
2014.02.01_08:24:00.000_TAI,11967,2.588921e+24,18228.0,-0.0666916115999805,118293499102.9964,-4168.738179237272,13338.007226450389
2014.02.01_09:36:00.000_TAI,11967,2.623694e+24,17529.0,-0.0373249539038027,115780771598.2612,-2283.538713926418,13690.96645058914
2014.02.01_14:12:00.000_TAI,11967,2.719348e+24,20001.0,-0.0181949821802071,117257292358.40517,-1127.363879884733,13636.882667723294
2014.02.01_18:12:00.000_TAI,11967,2.852951e+24,19779.0,-0.0192597832221536,123288009610.17915,-1254.714434160591,13493.8055294388
2014.02.01_22:00:00.000_TAI,11967,2.939156e+24,21054.0,-0.0430666632319425,130249797457.43423,-2964.08683443337,13060.17130768411
2014.02.03_01:24:00.000_TAI,11968,4.052354e+23,7985.0,-0.2167306711842176,25110194525.67131,-2875.6969172657127,4762.497262372034
2014.02.03_04:00:00.000_TAI,11967,3.33489e+24,25132.0,0.0037865610642369,140910537571.27655,281.94283831418875,12070.969903082214
2014.02.03_09:48:00.000_TAI,11967,3.184913e+24,24043.0,0.0040731425109262,134448437111.78967,289.3729787700045,11961.72677517286
2014.02.04_16:24:00.000_TAI,11967,2.745285e+24,21292.0,-0.0369897437475566,121330435932.60509,-2371.502925494431,11941.980945152814
2014.02.05_23:00:00.000_TAI,11967,2.399271e+24,16757.0,-0.1269285788602586,117727687227.43803,-7896.064556692181,12170.808030102658
2014.02.06_05:00:00.000_TAI,11967,2.345001e+24,16057.0,-0.1471714604821609,117976159676.00089,-9174.671464957208,12780.087748549811
2014.02.06_10:24:00.000_TAI,11968,1.026414e+24,9524.6,-0.245001385164926,60253434550.631966,-7800.509132236787,9031.594078802733
2015.04.20_10:36:00.000_TAI,12325,3.215685e+23,12782.0,-0.2267490298686924,20134830284.38153,-2412.492702616873,3575.8959140934053
2012.08.10_09:00:00.000_TAI,11540,3.416645e+23,4228.7,-0.1605242576958672,19906538343.589973,-1688.530925592299,3466.4024515503056
2014.02.11_04:24:00.000_TAI,11974,5.076288e+23,10965.0,-0.0790275776533758,26132309287.26141,-1091.262355873236,4150.143157863547
2014.02.11_07:00:00.000_TAI,11974,5.19062e+23,10388.0,-0.1030766560060767,27402292917.99854,-1492.5191609662754,4483.737491174326
2014.02.11_15:48:00.000_TAI,11974,5.645433e+23,9967.3,-0.0712176731729267,28958370999.6036,-1089.7692536791672,4780.512069873689
2014.02.12_02:48:00.000_TAI,11974,6.264608e+23,10305.0,-0.0911295710047868,33649541482.58412,-1620.3585098943774,5821.20421822028
2014.02.12_06:12:00.000_TAI,11974,6.202923e+23,10134.0,-0.0665856376715078,32327192308.36702,-1137.4207534372474,5682.144677804132
2016.07.23_16:48:00.000_TAI,12567,6.590258e+23,8944.0,-0.0807447884415737,34427687786.31913,-1468.9092972183676,5960.611493871158
2014.02.13_03:00:00.000_TAI,11974,9.683894e+23,13581.0,-0.042951646331077,46191923277.737366,-1048.3796035530968,7740.240577573631
2014.02.13_12:36:00.000_TAI,11974,9.640677e+23,12422.0,-0.0555325521909284,46540817795.200966,-1365.6969593002443,7055.192712180178
2014.02.13_13:24:00.000_TAI,11974,9.616524e+23,12385.0,-0.0604550736422894,46600686738.327286,-1488.6676155947578,7156.614667444338
2014.02.13_16:36:00.000_TAI,11974,1.015468e+24,12833.0,-0.0654834895206378,49457083936.77916,-1711.3270698099377,7668.430819131279
2014.02.15_09:24:00.000_TAI,11977,3.901006e+23,7680.9,-0.1579037521509468,21350158929.71347,-1781.4194302800709,3952.967126870909
2014.02.19_08:00:00.000_TAI,11976,2.970971e+23,6070.2,-0.3836372606971965,20971762301.89625,-4251.364731613528,3269.97172844551
2015.04.11_16:48:00.000_TAI,12321,7.233976e+23,10110.0,-0.3077986020090769,49899526421.25754,-8115.883184542315,9866.721026961684
2014.02.27_00:48:00.000_TAI,11991,3.094788e+23,9815.7,-0.2927658303660453,19354603079.48178,-2994.175937637508,1993.4556648406572
2014.03.01_23:24:00.000_TAI,11986,3.058822e+22,800.38,-0.7838729029985477,7097522238.399794,-2939.849701031608,1914.8377424485443
2013.10.12_02:36:00.000_TAI,11865,3.259304e+23,7597.7,-0.3814194460665861,26341650668.388702,-5309.070544298002,7450.161203563966
2014.03.04_02:12:00.000_TAI,11991,3.86377e+23,10547.0,-0.152319956566403,22099199662.04533,-1778.7138775095389,2997.373238062561
2014.03.08_20:24:00.000_TAI,12002,5.382747e+22,3909.3,-0.5933530103352023,6691078485.063128,-2097.8862946111904,1130.3685241832386
2014.03.09_00:24:00.000_TAI,12002,6.789207e+22,4263.0,-0.5408069801907605,7430771597.674295,-2123.483777803054,1229.3198502554703
2014.03.09_04:12:00.000_TAI,12002,1.004103e+23,5420.3,-0.4571219893150613,8679205385.475592,-2096.4513003932475,1628.565636251308
2013.05.22_02:48:00.000_TAI,11745,1.286346e+23,2641.9,-0.4471554296439626,11036447095.412409,-2607.717124558603,2285.912655160986
2014.03.09_23:00:00.000_TAI,11996,1.972715e+23,4527.6,-0.4181261343072931,16418531297.661663,-3627.557511910829,3239.077087467957
2014.03.10_03:48:00.000_TAI,11996,2.136844e+23,4319.3,-0.4463587938392575,18471137633.820347,-4356.626880839507,3993.7095705553866
2014.02.15_06:00:00.000_TAI,11977,4.180699e+23,7883.7,-0.40455959478754,31624604071.036182,-6760.522972293907,4499.260240860486
2014.03.11_22:36:00.000_TAI,11996,4.083507e+23,5647.6,-0.419519625679138,31849650742.02685,-7060.405954839798,4228.78038594093
2014.03.19_04:00:00.000_TAI,12010,2.130798e+23,3982.1,-0.4557637431301402,19189246826.92389,-4621.3657158864125,4847.539726471112
2014.03.21_07:12:00.000_TAI,12011,4.209791e+23,13885.0,-0.2208786891146795,23724719544.332645,-2769.029657441589,1769.0272399052765
2011.09.04_10:24:00.000_TAI,11286,1.511568e+23,4081.0,-0.2607585630917139,10961149666.566849,-1510.3145066011878,1873.396647280248
2014.03.27_23:48:00.000_TAI,12017,1.493985e+23,6353.5,-0.2708466976613851,10850298050.124117,-1552.8801907692666,2029.8688849197013
2014.12.15_09:12:00.000_TAI,12241,1.764955e+23,5300.5,-0.2504782865098169,11678456112.07718,-1545.710943288136,2496.602454478516
2014.03.29_11:48:00.000_TAI,12017,1.848812e+23,6974.6,-0.2608646141546085,11676658605.704449,-1609.5571757746268,2814.287010467855
2012.09.29_05:12:00.000_TAI,11583,3.213932e+23,4221.0,-0.4504425733186789,26305017712.322685,-6261.103016630741,3631.4207754009526
2014.04.01_14:00:00.000_TAI,12027,2.841888e+23,8013.1,-0.2622773416660146,16452269650.634869,-2280.1290116252794,2276.243004681275
2012.11.28_02:24:00.000_TAI,11620,5.057701e+23,9214.2,-0.3390030454437463,36257703368.577736,-6494.962835168944,7796.2921962447745
2014.04.17_13:00:00.000_TAI,12036,6.496682e+23,9813.3,-0.1449328765952511,35347650614.276886,-2707.07434616409,4679.954843294127
2014.04.24_00:24:00.000_TAI,12035,2.922863e+23,3689.5,-0.4848550568597375,24525650603.594936,-6283.5531731601095,4316.298473629759
2014.05.05_09:00:00.000_TAI,12051,5.515938e+23,7117.5,-0.38085188789339,38135834563.561104,-7674.71267483128,5450.59325226387
2014.05.07_10:12:00.000_TAI,12056,1.546865e+24,10372.0,-0.2362495940631477,85678363493.03581,-10695.841101362288,9304.574690926467
2014.05.23_18:36:00.000_TAI,12065,1.255276e+23,2712.1,-0.5329168607230618,13752480856.844791,-3872.6953667986354,3849.761640802064
2012.11.11_01:48:00.000_TAI,11613,1.536303e+23,17659.0,-0.3333033229149244,10785693450.119038,-1899.593228900427,2084.5549673649107
2011.06.05_07:00:00.000_TAI,11226,2.371506e+23,5282.9,-0.3754667765367208,18104544775.638195,-3591.963977662545,4078.9181649269344
2014.06.10_05:36:00.000_TAI,12080,1.501712e+24,11613.0,-0.131306208412972,76127233660.75739,-5281.996909098946,9390.217123429147
2014.01.13_14:48:00.000_TAI,11944,1.386464e+24,10050.0,-0.2320709536194949,79043392047.95511,-9693.022468071114,9835.745396905764
2014.06.11_20:00:00.000_TAI,12089,4.50969e+22,6385.4,-0.2815562087063841,3459548973.420004,-514.7039260334767,996.8107526306076
2014.06.11_22:12:00.000_TAI,12085,1.48699e+24,9969.9,-0.2543750788215013,86977932460.32771,-11691.12857554691,11123.957199925966
2011.12.29_08:12:00.000_TAI,11389,7.54852e+23,5499.8,-0.40957724603414,52769523204.8652,-11420.678022312475,5808.234084407669
2014.06.15_00:00:00.000_TAI,12087,2.570979e+23,5234.3,-0.343057865849891,18155887501.99444,-3291.22619917216,3973.164561730664
2014.06.30_11:24:00.000_TAI,12106,1.327708e+23,1831.9,-0.6727771068418668,20085059172.683,-7140.311263950071,4842.503534676259
2014.07.08_00:24:00.000_TAI,12113,9.228785e+22,4247.9,-0.4916734535701782,9048321766.31076,-2350.810440593289,1485.4332110870937
2014.07.09_22:36:00.000_TAI,12106,1.678683e+23,2702.9,-0.5856515662245596,19149380180.275417,-5926.070402595376,4655.110188138105
2011.09.23_02:24:00.000_TAI,11295,6.926256e+23,5497.7,-0.3226221224414562,45258949705.351685,-7715.630524521077,7340.102682755879
2014.07.31_18:12:00.000_TAI,12130,7.824889e+23,5556.3,-0.3541773343289487,54668963121.171326,-10231.386242442148,10563.882437252125
2014.10.08_01:48:00.000_TAI,12182,1.143319e+23,2533.3,-0.5299270429775895,12558314901.632364,-3516.577761743993,4602.70855613939
2014.10.08_02:00:00.000_TAI,12182,1.134839e+23,2526.9,-0.5315078464801959,12519925777.172812,-3516.285633785681,4543.983145784529
2014.10.08_07:00:00.000_TAI,12182,1.182008e+23,2817.8,-0.5158322797812332,12633602740.904793,-3443.566164461733,4423.147322242943
2014.10.19_09:12:00.000_TAI,12192,3.103764e+24,14303.0,-0.1682506552141412,152692203174.99927,-13575.203361656962,15273.548698317778
2014.10.19_16:36:00.000_TAI,12192,3.366548e+24,13384.0,-0.1717859697016273,166846882780.67328,-15145.32223895786,17796.399209479965
2014.10.19_19:00:00.000_TAI,12192,3.438724e+24,14535.0,-0.1704583821637464,169717697850.7568,-15286.853600125343,16907.86146828813
2014.10.19_20:00:00.000_TAI,12192,3.509341e+24,15458.0,-0.1584499905235124,170346201081.99872,-14262.556549089157,17350.737583653332
2014.10.19_22:48:00.000_TAI,12192,3.689938e+24,14822.0,-0.1554364582258675,177517996429.7427,-14580.351064800876,18287.677095443407
2014.10.21_02:00:00.000_TAI,12192,4.386728e+24,17311.0,-0.090612439039941,195784726141.98312,-9374.312080284912,20957.98800574413
2014.10.21_05:12:00.000_TAI,12192,4.273769e+24,18254.0,-0.0975561570721646,195107385484.34372,-10057.75630747861,20441.122827879943
2014.10.22_09:48:00.000_TAI,12192,4.903221e+24,20200.0,-0.0212828090038208,206889102531.4745,-2326.694173664387,20937.846420008344
2014.10.23_07:48:00.000_TAI,12192,5.20726e+24,19751.0,0.0001879727743689,215258144521.47525,21.380962248395,20015.41527477817
2014.10.24_17:12:00.000_TAI,12192,5.151359e+24,18390.0,-0.0785947023996644,231505968234.59915,-9614.532744502849,21443.00340231486
2014.10.25_11:00:00.000_TAI,12192,5.149191e+24,16179.0,-0.0831729083487483,232253124415.098,-10207.423460317728,23313.31494881172
2014.10.25_17:12:00.000_TAI,12192,5.192767e+24,17386.0,-0.1196594663814161,244812252351.2137,-15479.356513449886,23648.90029770293
2014.10.25_18:24:00.000_TAI,12192,5.249591e+24,16164.0,-0.1177636054596679,245869983053.4843,-15299.92505866806,24143.592273788
2014.10.25_18:48:00.000_TAI,12192,5.224653e+24,15922.0,-0.1195156084954922,245341518182.85703,-15494.175531850518,24011.01166463581
2014.10.25_20:24:00.000_TAI,12192,5.123903e+24,16253.0,-0.1283268457272441,243855390264.4893,-16535.699459207903,24591.961477773468
2014.10.26_00:24:00.000_TAI,12192,5.024256e+24,15860.0,-0.1420468243689392,243572067472.07703,-18282.33394682946,23950.6352281786
2014.10.26_02:12:00.000_TAI,12192,5.023094e+24,16086.0,-0.1461524181063194,245127029165.9441,-18930.838993851696,24250.953358197567
2014.10.26_03:36:00.000_TAI,12192,5.053216e+24,15706.0,-0.1471863526043627,246271578905.6679,-19153.779849836217,24487.73507526828
2014.10.26_10:12:00.000_TAI,12192,5.016744e+24,15004.0,-0.1351545222302523,240644777448.84625,-17186.194477387264,23642.88590247024
2014.10.26_17:36:00.000_TAI,12192,5.120248e+24,15091.0,-0.1583063235913764,252343404588.15405,-21108.76896167972,23858.006819003134
2014.10.27_02:48:00.000_TAI,12192,4.973764e+24,14808.0,-0.1864213741549517,253493264758.8589,-24970.936831119703,24583.07140237397
2014.10.27_03:36:00.000_TAI,12192,4.905257e+24,14556.0,-0.1924766478875708,252106636278.77103,-25641.00357684389,24054.452021541896
2014.10.27_14:12:00.000_TAI,12192,4.560833e+24,13422.0,-0.2108659781493142,240432310344.9111,-26789.95762500193,22524.19215090804
2014.10.28_08:24:00.000_TAI,12192,4.413843e+24,13605.0,-0.2243026220991913,234500498745.16223,-27793.98447621649,20314.991323739585
2014.10.28_10:00:00.000_TAI,12192,4.327547e+24,13113.0,-0.223714669183357,230059536577.2669,-27196.1506850186,19868.40722952225
2014.10.28_16:24:00.000_TAI,12192,4.374681e+24,13632.0,-0.2264868865568017,230763229044.1296,-27617.36970347717,19810.029942650068
2013.10.15_20:24:00.000_TAI,11861,6.053018e+23,11457.0,-0.4002581449140149,43630141913.65376,-9227.827703145142,7618.615516288061
2014.11.06_02:48:00.000_TAI,12205,6.169381e+23,7259.7,-0.3818417372573632,43646506386.26369,-8806.543417088593,7565.471559588947
2014.11.06_04:24:00.000_TAI,12205,6.200353e+23,7232.1,-0.3699642320145495,42988830694.9662,-8404.039497767471,7550.873270829726
2014.11.06_17:24:00.000_TAI,12205,6.253255e+23,6418.7,-0.3263362596274572,40277343572.996544,-6945.425157140843,7698.350619502736
2014.11.08_15:36:00.000_TAI,12205,5.72177e+23,8138.1,-0.1769398130899282,31193598716.73424,-2916.5120745499767,6995.145125424253
2015.06.21_20:36:00.000_TAI,12371,1.627842e+24,18868.0,-0.3097917891469588,98994190961.71196,-16205.12256844408,12423.139926508147
2014.11.14_20:48:00.000_TAI,12209,1.794373e+24,9019.3,-0.3026975399031789,108390848757.36118,-17337.010744729323,14012.828213565988
2014.11.15_17:48:00.000_TAI,12209,1.999107e+24,7686.9,-0.3050256865808255,122629688221.89664,-19765.356782876628,18547.296959470517
2016.07.19_20:12:00.000_TAI,12567,1.131545e+24,15320.0,-0.1366535305351424,56612311900.38303,-4087.939070254344,4472.941451801071
2014.12.03_08:00:00.000_TAI,12222,1.100067e+24,16466.0,-0.0958069527608044,52514511227.51672,-2658.5759473635744,4494.577255498518
2012.07.04_01:48:00.000_TAI,11515,1.087812e+24,12624.0,-0.1201478412521003,53636318391.55865,-3405.2392862951965,4614.893184096596
2014.12.03_19:36:00.000_TAI,12222,1.100884e+24,14770.0,-0.1181737529506019,54002185755.90331,-3372.134746221989,4707.1608592299735
2014.12.04_12:24:00.000_TAI,12222,9.730977e+23,13975.0,-0.1415319055020952,49164825446.4988,-3676.8972543862,4529.443008324824
2014.12.13_19:36:00.000_TAI,12242,4.849673e+23,4095.9,-0.4294233068128507,39226951861.1957,-8901.080928919959,10452.960231289468
2014.12.16_01:00:00.000_TAI,12242,1.219083e+24,9622.7,-0.1614718798822293,65488098575.17735,-5587.684599652043,11289.251086282664
2014.12.16_01:48:00.000_TAI,12241,3.156743e+23,7653.1,-0.3097451401274696,21337870722.7096,-3492.4343702524443,3301.606578766086
2013.10.27_20:24:00.000_TAI,11875,1.230139e+24,10976.0,-0.1666805913809396,66609700010.848335,-5866.716456666385,11624.729813786427
2014.12.16_19:00:00.000_TAI,12241,5.88074e+23,10369.0,-0.1836089505898183,32245481062.080364,-3128.4940042618823,4436.794436395949
2014.12.17_22:12:00.000_TAI,12241,1.059453e+24,15801.0,-0.0709212318565159,49576073238.594696,-1857.8944514813115,5463.3930428652175
2014.12.18_09:48:00.000_TAI,12242,1.879096e+24,10544.0,-0.151386617499924,97201498083.98048,-7775.583591383189,15742.889224637142
2014.12.19_00:24:00.000_TAI,12242,1.767663e+24,8724.6,-0.2058047894270044,97739319475.84988,-10629.122598690472,17116.804205583372
2014.12.17_13:36:00.000_TAI,12242,1.539546e+24,9598.9,-0.2879242987632984,93378695764.88658,-14206.879579694352,15931.743604567557
2014.12.20_12:12:00.000_TAI,12241,9.061085e+23,15316.0,-0.0462993855202129,41294255404.99019,-1010.2700791319812,3543.891991329929
2014.12.21_01:48:00.000_TAI,12242,1.270307e+24,6837.0,-0.3423262983415621,83721953852.87947,-15144.407584713656,13934.167863909024
2013.10.15_16:12:00.000_TAI,11865,2.047116e+23,6121.8,-0.3547315855288266,15011237791.23439,-2813.772279244358,2929.81663920357
2015.01.02_09:48:00.000_TAI,12253,9.615079e+23,10837.0,-0.1487488668987409,49542779828.56927,-3894.095652624865,6333.144644923052
2013.10.27_08:36:00.000_TAI,11875,1.060736e+24,10638.0,-0.0580539712517149,49374000558.226166,-1514.617143930572,5690.169309823123
2012.07.03_05:12:00.000_TAI,11513,4.894358e+23,9367.5,-0.288347566187256,31007280678.068005,-4724.464571835945,3606.076642394229
2011.04.15_07:48:00.000_TAI,11190,4.969413e+23,8675.9,-0.2861477926982754,31339639242.22965,-4738.67551836843,3750.141736190915
2015.01.25_16:48:00.000_TAI,12268,6.05347e+23,9944.8,-0.2173514122353388,34082246793.338795,-3914.383381995016,4301.114890119994
2015.01.27_04:36:00.000_TAI,12268,7.172158e+23,12051.0,-0.1320269931066425,37315512672.500015,-2603.3034574035,4235.610042412896
2015.01.28_11:48:00.000_TAI,12268,6.683728e+23,12627.0,-0.0933121950745401,33353440441.14648,-1644.567235750679,3391.2902313208106
2015.01.29_00:48:00.000_TAI,12268,7.270427e+23,13682.0,-0.0801239660030034,35823917443.41399,-1516.7293582721663,3616.816289969626
2015.01.29_05:36:00.000_TAI,12268,7.046875e+23,11940.0,-0.0801475260483348,35038087382.66884,-1483.895082644177,3738.841463261596
2015.02.03_02:12:00.000_TAI,12277,3.570022e+23,6682.9,-0.2783923114894497,24702829204.80038,-3633.929514810814,5304.534991341842
2015.03.08_14:36:00.000_TAI,12297,3.757336e+23,6506.1,-0.3700442903918645,26489367925.112373,-5179.621217995161,4242.379154851338
2015.03.08_23:48:00.000_TAI,12297,4.39999e+23,6998.3,-0.3594084401185636,29855880944.686607,-5670.101562703698,4607.746154457133
2015.08.20_18:48:00.000_TAI,12403,4.676506e+23,6867.4,-0.3266085726798526,30162930621.6619,-5205.635806562019,4629.655903683032
2015.03.10_00:00:00.000_TAI,12297,5.536678e+23,9633.6,-0.2353412807205149,31589306460.65161,-3928.356226272782,5058.495808983402
2015.03.10_16:24:00.000_TAI,12297,5.739193e+23,9854.1,-0.1701834582873563,30111878847.24621,-2707.8707855345456,5090.722986243816
2015.03.10_18:48:00.000_TAI,12297,5.76106e+23,12333.0,-0.166539938350614,30072351789.505,-2646.418033962591,4790.764895007372
2015.03.11_04:48:00.000_TAI,12297,6.892857e+23,13568.0,-0.0969768474922313,32828178827.36113,-1682.238047902894,4751.827124980539
2015.03.11_11:48:00.000_TAI,12297,7.367819e+23,15912.0,-0.0695703263666803,34155174615.56956,-1255.605566165044,4924.015322006542
2015.03.11_12:12:00.000_TAI,12297,7.461132e+23,16197.0,-0.0678556128535121,34474494995.107834,-1236.1077680008389,4903.160402162472
2015.03.11_14:00:00.000_TAI,12297,7.745094e+23,16692.0,-0.0576651774606702,35386987321.22645,-1078.2759390980775,4914.072603822236
2015.03.11_21:48:00.000_TAI,12297,8.975915e+23,18960.0,-0.034918165718692,40845006636.56073,-753.6385875731186,5132.309815104232
2015.03.12_04:00:00.000_TAI,12297,9.894526e+23,21060.0,-0.0105010401582304,43708865446.16831,-242.535053875668,5121.608330587795
2015.03.12_06:12:00.000_TAI,12297,1.020352e+24,20408.0,-0.0078241792259717,44815220241.3353,-185.2836424285437,5308.145622023744
2012.03.04_07:12:00.000_TAI,11429,8.352459e+23,14253.0,-0.0091957799180227,37770601254.69783,-183.53345581779817,4409.318803458289
2015.03.14_09:36:00.000_TAI,12297,6.920226e+23,15165.0,-0.0791358206059914,34128243974.976624,-1427.1175432886257,4241.637356867762
2015.03.14_23:24:00.000_TAI,12297,7.140725e+23,11981.0,-0.1166835432494828,35691019304.173164,-2200.601000263494,5166.887042483388
2013.11.17_12:36:00.000_TAI,11893,6.700764e+23,8599.3,-0.1437848661545529,34114878701.36042,-2591.968442979241,4957.992041185528
2015.03.10_03:36:00.000_TAI,12297,5.651137e+23,9734.6,-0.2862164085360789,33849915311.766136,-5119.468233713926,5138.1838982304935
2013.10.15_17:12:00.000_TAI,11861,2.010356e+23,6200.6,-0.2650486257470888,13667750136.016338,-1914.2352809545464,3658.478217049497
2015.04.20_07:24:00.000_TAI,12322,4.001681e+22,2454.8,-0.6370308821470886,5348545987.147787,-1800.399562074314,1062.3175574878833
2015.04.20_22:00:00.000_TAI,12325,4.587601e+23,4092.8,-0.4091198473185309,36390842788.0044,-7867.113977461922,8383.417521858972
2015.04.20_22:00:00.000_TAI,12325,3.321161e+23,15226.0,-0.0717980948889329,16001681484.777044,-607.0875437651371,1340.3389561771962
2012.11.21_08:36:00.000_TAI,11618,4.6288e+23,10566.0,-0.2171097638895395,27545589467.73595,-3160.124610993173,4863.370693342582
2015.05.04_17:24:00.000_TAI,12335,4.509788e+23,8447.7,-0.2181984327917556,27126843977.007587,-3127.689581812135,4814.61274714291
2014.02.02_10:24:00.000_TAI,11968,4.489937e+23,7988.4,-0.4884542415062559,39055432537.29635,-10080.40974241154,7136.514145954903
2015.06.19_06:48:00.000_TAI,12371,1.586148e+24,18649.0,-0.1218254626096446,76855211353.72067,-4947.482064424814,6007.656947033411
2014.06.12_11:12:00.000_TAI,12085,1.691952e+24,10442.0,-0.0711758549721512,77013224380.46234,-2896.4819928594115,6240.38723880796
2011.09.26_22:24:00.000_TAI,11302,1.704056e+24,18643.0,-0.0702446548800044,77435197503.76349,-2874.2491838415986,6256.204730552165
2015.06.20_09:48:00.000_TAI,12367,4.428561e+23,5334.5,-0.4193315866750017,34941012933.11874,-7742.227577175447,7212.896997684931
2015.06.20_18:24:00.000_TAI,12367,4.293165e+23,4426.7,-0.459060256585185,36373329605.400055,-8823.188992646797,7341.344189262701
2014.01.13_00:36:00.000_TAI,11944,1.651962e+24,10132.0,-0.0114264933569465,70918776066.73323,-428.2003473100467,5183.452723636203
2015.06.24_08:12:00.000_TAI,12371,1.147359e+24,13463.0,-0.126939236482777,56684497180.92448,-3802.1831926195055,5870.139619826984
2015.07.05_08:48:00.000_TAI,12381,1.086767e+23,4598.1,-0.4536136085364976,9717752727.44342,-2329.296506160377,1747.7748800811853
2013.10.08_14:36:00.000_TAI,11865,3.177009e+23,8920.4,-0.2880218082789935,20673253464.29601,-3146.350293429408,2411.4016611215598
2015.08.20_02:12:00.000_TAI,12403,3.698207e+23,6329.0,-0.3817293816947392,26954460093.19038,-5436.995717780411,4910.4987486055925
2015.08.20_09:48:00.000_TAI,12403,4.091913e+23,6952.5,-0.3635245530288273,28993775417.588573,-5569.437753540213,5239.472123236636
2015.08.20_20:36:00.000_TAI,12403,4.688259e+23,7908.7,-0.3410741211185026,32423588517.11666,-5843.62897941572,5420.121318621244
2015.08.21_06:48:00.000_TAI,12403,5.769609e+23,8549.4,-0.2847792564031829,36259254757.98698,-5456.322655938534,6259.563489043188
2015.08.21_21:24:00.000_TAI,12403,8.408454e+23,10654.0,-0.1911739491436936,46171150089.14602,-4664.147101130038,6855.733168573538
2015.08.23_07:36:00.000_TAI,12403,1.238224e+24,13387.0,-0.1226771375167436,62524657774.297714,-4053.1036255704175,7387.678822667282
2015.08.23_17:48:00.000_TAI,12403,1.427336e+24,14086.0,-0.0914641888774669,69014517119.7365,-3335.525932377262,8048.437142424341
2011.11.04_14:36:00.000_TAI,11339,1.72105e+24,12238.0,-0.1455205749068683,85152243833.20613,-6547.768491815305,8645.487012220525
2015.08.27_13:12:00.000_TAI,12403,1.486393e+24,11666.0,-0.2265434721728009,82047213389.68933,-9821.73431214064,8266.604868646667
2015.08.27_19:00:00.000_TAI,12403,1.493695e+24,11268.0,-0.2416631776420105,83924972250.34883,-10717.030791734924,8586.718289108785
2015.09.16_09:36:00.000_TAI,12415,2.748773e+23,7667.0,-0.2167901123698984,16645414265.70868,-1906.807756104136,2981.363403842068
2011.02.13_07:00:00.000_TAI,11158,3.138938e+23,9575.1,-0.3061599162221966,20459844027.78424,-3309.965202686567,3049.9481706773995
2015.09.26_10:36:00.000_TAI,12422,8.732006e+23,15944.0,-0.1068375825811465,43311551969.38799,-2445.122291336505,4122.469240592027
2015.01.02_12:00:00.000_TAI,12253,9.878716e+23,12085.0,-0.1000112365379816,48289421563.04357,-2551.9581824856728,4708.247559509126
2015.09.27_04:00:00.000_TAI,12423,5.117197e+22,4012.9,-0.5127961135369615,5526856551.0076,-1497.5995617675846,1236.202431935955
2017.04.03_02:00:00.000_TAI,12644,1.057016e+24,13303.0,-0.0917832431502293,50580927933.4067,-2453.143767100057,4186.470851751934
2015.09.27_13:12:00.000_TAI,12422,1.079566e+24,17845.0,-0.0883794969591983,51382688933.57324,-2399.612688354165,4330.190710746862
2012.03.05_09:00:00.000_TAI,11429,1.258535e+24,14860.0,-0.0915324183359489,59860454311.71465,-2895.2608160996288,5750.0361985031495
2015.09.28_05:12:00.000_TAI,12422,1.284448e+24,16169.0,-0.0938816971543849,61328021076.158966,-3042.3739461152345,5811.783136019147
2012.01.16_08:00:00.000_TAI,11401,1.279219e+24,8574.6,-0.1011262738549669,61538741236.6665,-3288.406065455823,5705.369657388115
2015.09.28_06:48:00.000_TAI,12422,1.270219e+24,17574.0,-0.1011010277692392,61112122233.155525,-3264.792748499641,5686.015023083799
2015.09.28_11:12:00.000_TAI,12422,1.326464e+24,16593.0,-0.0974062229819723,63508246096.370026,-3268.809021590241,6080.387536414201
2016.04.16_22:00:00.000_TAI,12529,1.460151e+24,15201.0,-0.1071628547813037,70436982872.21475,-3988.574673316509,7113.52836978322
2015.09.29_11:00:00.000_TAI,12422,1.510617e+24,14948.0,-0.1541282107160868,76374929707.30153,-6220.2191912242615,8479.592283592947
2014.12.19_17:36:00.000_TAI,12242,1.523607e+24,7253.4,-0.1649929477312104,77729229009.75716,-6776.7675098133,8686.74129410097
2013.11.21_22:24:00.000_TAI,11904,1.383529e+24,18467.0,-0.2224265799586817,76927804724.39229,-9041.547079481332,8706.441418819633
2015.10.01_00:12:00.000_TAI,12422,1.296602e+24,11091.0,-0.2660127584858764,76577028808.50023,-10764.003139622804,8645.14054033076
2015.10.01_12:24:00.000_TAI,12422,1.124631e+24,9778.7,-0.3060337552480928,69948136116.35077,-11311.449646657593,8107.633671142978
2015.10.15_06:12:00.000_TAI,12434,2.786054e+23,3610.2,-0.5234829538083791,26307416223.18964,-7277.018311619196,4947.182208644124
2015.10.30_17:48:00.000_TAI,12443,8.908418e+23,8498.4,-0.3263708786173277,57050145647.80367,-9838.770632567062,6927.95046369695
2011.07.29_22:12:00.000_TAI,11261,3.791365e+23,8254.6,-0.3087986346158197,25158825617.99963,-4105.239292910221,2782.3353832042217
2015.11.03_12:00:00.000_TAI,12445,3.665501e+23,9034.9,-0.3289982560603004,24904005413.097355,-4329.477457300746,2792.5612844361376
2015.11.03_13:36:00.000_TAI,12443,7.847863e+23,10793.0,-0.1119163079802203,41010070720.56885,-2425.2501035656005,5867.4494830295325
2015.11.08_13:12:00.000_TAI,12449,2.503863e+23,5499.3,-0.4270547016075584,20309150850.79471,-4582.9795743576005,3216.27408740568
2015.12.23_02:12:00.000_TAI,12473,6.969955e+23,13237.0,-0.2466557526639129,40081439844.302826,-5224.047470324012,3802.936014067429
2016.01.01_00:12:00.000_TAI,12473,2.773227e+23,4007.5,-0.4888229603949624,24999102486.57412,-6457.265953783397,4637.571223936299
2014.03.10_09:36:00.000_TAI,11996,2.320069e+23,5100.2,-0.3010381515375546,17054418210.164171,-2712.8834082434278,4291.468416722619
2016.02.12_15:24:00.000_TAI,12497,3.201403e+23,5550.1,-0.2937237845777962,22167725272.55257,-3440.5897376430357,5690.115491797809
2012.07.01_12:36:00.000_TAI,11513,4.308029e+23,7353.9,-0.3338799169585955,30708430069.636467,-5417.770433560495,7159.55021958467
2016.02.14_11:00:00.000_TAI,12497,4.54166e+23,6313.7,-0.3334970292961083,33089729687.481407,-5831.199688247899,7197.892524244859
2016.04.17_00:24:00.000_TAI,12529,1.422748e+24,14368.0,-0.1602563559103944,69980979078.14886,-5926.08732614513,6008.989210205848
2011.03.05_20:48:00.000_TAI,11164,1.140017e+24,12402.0,-0.0900245898010226,54355076356.77548,-2585.676033020105,4345.456918221925
2016.07.20_01:48:00.000_TAI,12567,1.153534e+24,15498.0,-0.0881285073696868,54788430557.63586,-2551.39738389492,4420.286782842964
2016.07.22_02:12:00.000_TAI,12567,9.161178e+23,9372.6,-0.2545879779876307,53028292782.10725,-7133.757471788554,5197.2039457471
2016.07.22_05:12:00.000_TAI,12567,9.223108e+23,9956.5,-0.2538047002513626,53215430793.105,-7136.906520990611,5164.353823726712
2016.07.22_05:36:00.000_TAI,12567,9.179156e+23,9902.5,-0.2555231158830392,53089155623.22155,-7168.180694370065,5176.992639485213
2016.11.28_17:24:00.000_TAI,12615,1.55028e+22,2571.8,-0.6598685337117359,2156755356.480008,-752.0227375690855,497.9819223310767
2012.11.07_11:12:00.000_TAI,11611,2.437881e+22,7573.0,-0.6104588257347233,3079098241.081897,-993.2364342356396,670.5578435021871
2017.04.02_14:24:00.000_TAI,12644,7.77975e+23,11506.0,-0.2676671084494293,45405545430.03458,-6422.09394472396,5603.634370012199
2017.07.08_03:24:00.000_TAI,12665,6.350658e+23,11650.0,-0.2180721628917665,35767567036.57441,-4121.567415442842,3782.9938958223433
2017.07.13_02:12:00.000_TAI,12665,9.351993e+23,16157.0,-0.11214024477546,45490703221.54765,-2695.609320399972,3656.7232802833855
2017.09.03_05:48:00.000_TAI,12673,1.289552e+23,9320.6,-0.1573416206284048,7572741219.602603,-629.6071033195193,907.2753749885844
2017.09.03_15:36:00.000_TAI,12673,3.629503e+23,10985.0,-0.1007193667028809,19517639640.680584,-1038.7548163817007,2512.2380348601155
2017.09.03_18:24:00.000_TAI,12673,4.809242e+23,12905.0,-0.0892340978732775,24940894482.347733,-1176.022624282556,3022.5427034045856
2014.05.05_04:36:00.000_TAI,12051,5.421969e+23,7089.4,-0.0797576257584893,27434568470.765747,-1156.2270536519825,3325.5852855470507
2015.05.05_15:36:00.000_TAI,12339,5.645712e+23,8840.5,-0.0718085648455544,28176777804.244823,-1069.1543615009064,3388.496934270921
2017.09.03_20:36:00.000_TAI,12673,6.007235e+23,13977.0,-0.0484873066475293,29066306514.00642,-744.7158967193878,3365.89063590827
2017.09.03_22:12:00.000_TAI,12673,7.198432e+23,15782.0,-0.0170841584815701,33088318906.524868,-298.7040579758721,3913.56099320964
2017.09.04_01:12:00.000_TAI,12673,8.714245e+23,17441.0,-0.0117007724720378,39577686297.95844,-244.7020785459248,4393.888815613199
2017.09.04_03:48:00.000_TAI,12673,9.0231e+23,17431.0,-0.0081541591805235,40334786576.24033,-173.79281255375915,4279.242763207282
2017.09.04_04:48:00.000_TAI,12673,9.22081e+23,17316.0,-0.0057994014036392,40956615594.85226,-125.5104511660208,4358.57998045834
2017.09.04_17:48:00.000_TAI,12673,1.251844e+24,19717.0,-0.0229677625919366,55588913720.9839,-674.651737179723,5640.8833384761965
2017.09.05_09:12:00.000_TAI,12673,1.352892e+24,19376.0,-0.0301035177248887,60141213252.2125,-956.6701477040556,6662.629529358643
2012.01.18_02:00:00.000_TAI,11401,1.388368e+24,8354.7,-0.0427013043155454,62290993357.56025,-1405.526961232123,6634.34628198943
2017.09.05_16:00:00.000_TAI,12673,1.415445e+24,19469.0,-0.0430886745514671,63360729281.307785,-1442.6337105782245,6788.750241160856
2017.09.05_19:36:00.000_TAI,12673,1.473885e+24,20290.0,-0.0445552187651811,65946305924.13532,-1552.6081161459506,6644.598104906497
2012.05.09_04:48:00.000_TAI,11476,1.631026e+24,17046.0,-0.0497806948768714,72429316048.05666,-1905.2332365535292,7041.540636670428
2015.06.20_02:12:00.000_TAI,12371,1.699191e+24,17766.0,-0.0470885268024229,74739973156.81584,-1859.6912222078656,7418.489307700249
2012.07.07_00:00:00.000_TAI,11520,1.661681e+24,8972.0,-0.0492728461217148,73478533398.9648,-1913.1142146423792,7494.492249066001
2015.08.26_00:48:00.000_TAI,12403,1.698924e+24,14719.0,-0.0747488540040848,77389729053.91685,-3056.754764166384,8164.724543690815
2012.07.06_23:48:00.000_TAI,11515,1.604617e+24,12996.0,-0.165450592460853,81113551295.49513,-7091.441013399093,7812.699714600269
2014.01.28_07:00:00.000_TAI,11967,1.584434e+24,15416.0,-0.1677047752206119,80246644882.77628,-7111.236665088082,7459.040734247535
2017.09.07_03:48:00.000_TAI,12673,1.580492e+24,18122.0,-0.1630399324765085,79550227781.51598,-6853.4335488557,7550.080950743241
2017.09.07_15:48:00.000_TAI,12673,1.433866e+24,15305.0,-0.1913748472136508,74241212078.53076,-7507.626362364514,7517.885716098688
2014.06.09_15:48:00.000_TAI,12080,1.29992e+24,11340.0,-0.2451662616843261,72443997440.15329,-9385.033470045571,7518.078267251362
2017.09.08_04:24:00.000_TAI,12673,1.289169e+24,13170.0,-0.2603545011069359,72295490284.91685,-9946.014309667777,7994.463560246645
2014.12.16_16:36:00.000_TAI,12242,1.312024e+24,9645.6,-0.2307476136496428,69742140090.76688,-8503.647957963058,7533.685026255677
