,ABSNJZH,AREA_ACR,MEANGAM,MEANGBH,MEANGBT,MEANGBZ,MEANJZD,MEANJZH,MEANPOT,MEANSHR,R_VALUE,SAVNCPP,SHRGT45,TOTPOT,TOTUSJH,TOTUSJZ,USFLUX,d_l_f,g_s,slf
0,90.21416742424245,493.1331363636364,40.63151515151517,55.44037878787881,108.29066666666668,111.0640606060606,0.05295878787878786,-0.0014441141818181825,5803.343787878786,33.01519696969697,3.1903409090909083,3967315848484.8486,23.5895046969697,1.796172971212121e+23,787.6842424242425,15992267121212.121,1.1092573636363635e+22,100.21795454545453,4012.5212121212126,10.678039393939395
1,94.01375396825398,523.601253968254,41.678634920634906,56.17442857142857,109.37433333333338,112.15311111111112,0.052001020634920625,-0.000925594761904762,6049.230476190476,34.049428571428585,3.2995158730158733,4106550634920.635,25.025156984126983,1.9323297682539678e+23,839.455222222222,17073734126984.127,1.1737585555555555e+22,108.64489523809526,4529.115920634921,12.233584126984127
2,93.70531587301589,522.3734761904763,41.744825396825405,56.177539682539695,109.60336507936509,112.27074603174601,0.05413664126984125,-0.0005728546031746034,5978.699523809526,34.03726984126983,3.2394428571428575,4174395079365.0796,25.038421428571432,1.928841777777778e+23,839.6139047619046,17114847777777.777,1.1738115873015876e+22,111.47225555555558,5018.6674126984135,11.875966666666667
3,91.68928444444445,520.9069682539683,41.269063492063495,55.836126984126984,109.71396825396828,112.36066666666665,0.06316595936507939,-0.0005395756825396826,5876.4484126984125,33.61098412698412,3.2717015873015876,4098810634920.635,24.32317825396825,1.9157127714285715e+23,835.2975396825393,17004770158730.158,1.1751130158730159e+22,109.55143333333335,5143.162079365078,10.96750476190476
4,94.57968608196724,522.7302459016395,41.65909836065573,56.05391803278689,109.32598360655739,112.01596721311476,0.035716098360655736,-0.0007695886229508198,5940.000000000001,34.009721311475396,3.234122950819673,4184258852459.0166,24.891022622950818,1.9113170983606563e+23,839.745475409836,17120710819672.13,1.1757581475409838e+22,109.51849180327866,5114.41137704918,10.997583606557377
5,94.58946852459019,495.02522950819673,41.50783606557376,55.705704918032765,108.85396721311473,111.7512131147541,0.030269876721311456,-0.0003185904590163933,5909.252295081967,33.8771475409836,3.2088836065573765,4209904262295.082,24.672735409836058,1.8572045245901642e+23,812.154737704918,16513697704918.033,1.1344537868852458e+22,98.17755737704918,5369.926213114756,9.942065573770492
6,84.60230915254236,491.77245762711874,40.93230508474577,55.20927118644066,108.97093220338982,111.70933898305086,0.03527421355932204,-0.0005492150847457622,5793.186440677964,32.71627118644067,3.1262983050847466,3522876949152.5425,23.836449152542382,1.8264330508474567e+23,798.3854915254236,16178958135593.22,1.131136559322034e+22,94.34050847457625,4675.50313559322,9.226876271186441
7,92.31393666666669,525.1071833333333,41.108949999999986,55.00914999999999,108.56660000000001,111.43563333333334,0.0010440699999999996,-0.0004376578333333338,5920.851666666667,33.70189999999999,3.160096666666666,3970385500000.0,24.421826333333335,1.9613865166666668e+23,851.9578166666666,17281275000000.0,1.2103614999999998e+22,104.74574999999999,5012.485666666665,9.853838333333332
8,96.66609841269839,514.1641904761906,40.96150793650794,55.1892857142857,109.27985714285717,112.32182539682539,0.04855502063492062,-0.000990705238095238,5809.3063492063475,33.45053968253969,3.126261904761905,4136135873015.873,23.95166650793652,1.8965371269841268e+23,834.1056507936511,16945468253968.254,1.1820830317460318e+22,103.71555238095239,4856.693650793651,9.871874603174605
9,96.56272258064519,502.4121290322582,40.9838064516129,54.76920967741937,108.39330645161289,111.43261290322577,0.052729776129032256,-0.0010609935483870967,5830.890322580644,33.5011935483871,3.1178483870967737,4248383225806.4517,24.081370967741936,1.8995525806451618e+23,827.5804032258065,16769379032258.064,1.173614370967742e+22,98.38408870967739,4569.723387096775,9.140056451612905
10,97.80856935483875,501.4045322580645,41.36641935483871,54.84890322580646,107.88477419354832,110.86362903225803,0.03621639032258064,-0.0010790327419354844,5946.191935483871,33.931161290322585,3.2775209677419355,4213857741935.484,24.795618387096763,1.9357851290322576e+23,836.1703870967741,16990793548387.098,1.1835147903225802e+22,102.94150161290322,5063.233225806453,9.46934516129032
11,90.81078253968258,500.85222222222234,41.327825396825396,54.90103174603174,108.43982539682537,111.4459682539683,0.058974080952380964,-0.0006341848571428569,5916.425396825398,33.80625396825398,3.1593920634920623,4053606031746.0317,24.63856301587301,1.9203141111111108e+23,830.1023174603172,16951206349206.35,1.1810760000000003e+22,109.01073015873015,5266.867301587303,11.13829365079365
12,90.54226737704917,503.3849344262295,40.97155737704919,54.69863934426228,108.50195081967217,111.35580327868851,0.06655203606557376,-0.0008358211967213114,5846.788852459017,33.42327868852458,3.0444147540983604,4044234754098.361,23.93512606557376,1.915503462295082e+23,823.1590983606558,16802537540983.607,1.1821944918032786e+22,108.6064262295082,4767.1421475409825,11.106618032786887
13,93.86744262295082,491.40385245901643,40.73399999999999,54.60101639344263,108.75781967213112,111.56347540983604,0.054887390163934416,-0.0011121137704918026,5802.478852459016,33.20932786885246,3.1534819672131147,4028811475409.836,23.52238295081968,1.865071431147541e+23,804.3115901639345,16361152131147.541,1.1641040491803276e+22,102.53100000000002,4370.28606557377,10.141296721311477
14,92.90868688524588,491.0896065573772,40.67049180327869,54.73942622950819,108.73742622950819,111.75414754098364,0.027444841147540987,-0.0007752749180327864,5836.8690163934425,33.203819672131154,3.161536065573771,4053453934426.2295,23.50539016393443,1.905550283606558e+23,831.7057540983606,16805362786885.246,1.1865660491803275e+22,104.25852459016394,5232.734262295083,9.691355737704919
15,94.0966063333333,491.736,40.62738333333333,54.87171666666665,109.24691666666666,112.2630333333333,0.048472316666666654,-0.0009480730000000006,5775.053333333333,33.20948333333334,3.0869266666666664,4064317000000.0,23.305678500000006,1.9206816683333336e+23,840.7004166666668,16964624000000.0,1.198954233333333e+22,102.17930000000003,5506.173666666666,9.537231166666666
16,98.03050220338982,507.7179830508475,40.243355932203386,54.47452542372883,108.85971186440679,111.87581355932204,0.039795333898305085,-0.001556911813559322,5705.649491525422,32.90030508474576,3.1790084745762703,4109959152542.373,22.783297966101696,1.9249459966101695e+23,845.7756949152543,17089742033898.305,1.2102027627118643e+22,96.67674576271187,5370.634898305084,9.016511355932202
17,94.87217419354839,496.5344838709678,40.77183870967742,55.03270967741937,109.18516129032257,112.06517741935487,-0.006627890322580639,-0.0010999108064516125,5860.21370967742,33.280338709677416,3.06166935483871,4150787419354.839,23.50585919354839,1.857918559677419e+23,818.3683548387098,16526158709677.42,1.1715005000000001e+22,102.43662903225805,4389.518064516129,9.654440322580648
18,95.82897187500004,499.89170312500005,41.217953125000015,55.257234374999996,108.86182812499996,111.77885937500001,0.049919340625,-0.0014511976562499996,5914.76921875,33.56353124999999,3.2548890625000015,4039217968750.0,24.044609062500005,1.8525149562499998e+23,817.9771406250002,16562679843750.0,1.1680653125000005e+22,105.36068906250001,4444.12421875,10.00041078125
19,97.6805041428571,504.41319047619027,41.426412698412705,55.47890476190475,108.74809523809526,111.79068253968249,0.04798980952380951,-0.0012153033492063494,6029.086190476191,33.75747619047619,3.207931746031745,4107963333333.3335,24.496988412698418,1.9314478222222226e+23,834.5258412698412,16911879523809.523,1.1818561746031744e+22,101.72657142857143,5256.003333333332,9.22663492063492
20,97.47898387096775,510.71101612903243,41.69277419354839,55.597129032258096,108.94767741935485,112.04350000000004,0.06555694193548385,-0.0011961180645161291,6078.501451612904,33.97359677419355,3.280043548387097,4208879677419.355,24.863604677419353,1.9556367887096775e+23,842.9728225806451,17061402580645.162,1.1902541612903228e+22,104.01504838709677,5516.172903225807,9.384609677419352
21,98.6307387096774,514.8140645161291,41.80995161290323,55.25300000000001,107.71599999999997,110.79172580645164,0.06886520322580643,-0.0014634619354838708,6130.019516129031,34.0213064516129,3.2707585483870956,4195321935483.871,25.106553870967744,1.980818567741935e+23,845.2078870967745,17117269677419.355,1.201599161290323e+22,109.6980806451613,5509.710806451612,9.907387096774194
22,96.47221803278686,505.9895245901639,41.66480327868854,55.34845901639344,107.9092459016393,110.93263934426233,0.04600999196721312,-0.0016842875409836065,6041.367049180326,33.87511475409836,3.2330983606557386,4226696213114.754,24.800864918032786,1.9000129803278692e+23,823.3841475409837,16693029672131.148,1.172321557377049e+22,103.34719672131148,5241.931311475409,9.536729508196723
23,103.13945312500003,515.7050312500002,41.678546875,55.204984375000016,107.75420312499999,110.93810937499997,0.05352711874999996,-0.0015443490625000004,6051.85515625,33.96954687500001,3.2343593749999986,4419235468750.0,25.008398749999994,1.9529045625e+23,850.7810625000001,17262724687500.0,1.2079397968749997e+22,107.87368749999997,5682.055781249999,9.966576562500002
24,100.34662903225808,523.3897258064516,41.65741935483872,55.35619354838709,107.71417741935483,110.89990322580647,0.018913851612903227,-0.0014239629032258066,6083.618548387096,33.98272580645162,3.2583870967741935,4554092903225.807,25.03404661290323,1.9968298370967736e+23,868.5139354838708,17665756290322.582,1.231761129032258e+22,110.68367741935485,5654.60612903226,10.162988709677416
25,97.52709230769233,509.81309230769244,41.52704615384614,55.1111076923077,108.02023076923076,111.07036923076922,0.06610668923076923,-0.0012289835384615383,5966.658769230769,33.845630769230766,3.3133861538461535,4234835692307.6924,24.74151399999999,1.9306546430769225e+23,842.717476923077,17165161692307.691,1.1965408615384612e+22,105.69603076923073,5559.261030769232,9.672747692307693
26,97.17713846153843,510.5297692307693,41.52589230769231,54.832630769230775,107.62575384615383,110.62633846153848,0.026106387692307702,-0.0011068838461538463,5936.059076923078,33.833061538461536,3.2413830769230767,4426815076923.077,24.69423584615386,1.9298991230769225e+23,843.3459076923078,17200697846153.846,1.1992594307692305e+22,106.50367692307691,5143.556461538462,9.7863
27,95.4397016393443,505.37459016393444,42.06649180327868,55.889426229508224,108.90747540983611,111.89399999999998,0.06486422786885246,-0.0008819085245901639,5906.807868852458,34.2014262295082,3.272247540983607,4420982786885.246,25.276864754098362,1.823474314754098e+23,826.9025901639343,16931723934426.23,1.1684603278688524e+22,110.42442622950824,4827.353770491803,10.398226229508197
28,96.30853220338979,504.2957118644067,41.87067796610169,55.7565254237288,108.82255932203391,111.71979661016951,0.07752336610169487,-0.0011562127118644068,5933.4011864406775,34.05535593220339,3.2961813559322035,4364232033898.305,25.271524745762704,1.8569595677966103e+23,825.0189152542375,16895221016949.152,1.1692920508474573e+22,110.54971186440675,5181.830169491524,10.37215423728814
29,98.75620762711866,500.56066101694927,41.91981355932204,55.69122033898304,108.46357627118648,111.52581355932209,0.06360386067796608,-0.0008157772881355936,6096.348135593221,34.11052542372881,3.180528813559323,4464136661016.949,25.41308847457627,1.956799625423729e+23,836.2371864406779,16955472542372.88,1.1623315593220336e+22,105.2673728813559,5279.71118644068,9.489216949152544
30,99.12849666666665,508.75523333333336,41.854400000000005,55.155150000000006,107.77318333333334,110.85039999999996,0.06357045999999998,-0.001198050166666667,6089.494833333334,34.10268333333334,3.3160716666666663,4455935500000.0,25.397193333333327,1.9785448016666666e+23,854.1253166666665,17398230333333.334,1.2012630333333334e+22,109.12296666666666,5270.601999999998,9.883066666666666
31,100.95466245901639,515.2822459016392,41.442901639344264,54.56478688524592,107.31116393442622,110.39644262295083,0.06045194754098362,-0.0014679617049180326,6011.513278688523,33.12463934426229,3.3315622950819663,4489409016393.442,24.923402786885248,2.019520588524591e+23,867.5677049180331,17748876885245.902,1.2561401475409834e+22,112.61162295081967,5213.680655737704,10.323637704918033
32,108.86781500000001,522.6615333333333,41.67141666666666,54.770599999999995,107.4216333333333,110.55131666666666,0.06014188566666667,-0.001280404,6061.076999999999,34.054633333333335,3.405168333333333,4838333166666.667,25.238783666666674,2.0411706933333332e+23,879.4987333333331,17949530666666.668,1.2604800333333332e+22,113.13186666666664,5298.479833333334,10.239759999999999
33,100.43743220338986,499.00466101694917,41.6208305084746,54.88801694915256,107.81271186440677,110.9512881355932,0.12379743559322035,-0.0009194241694915253,5807.887627118644,33.94377966101695,3.3801294915254236,4590128813559.322,25.11307406779661,1.7843133593220332e+23,825.027084745763,17083059830508.475,1.1764892711864404e+22,110.16932881355933,4802.05406779661,10.176506779661015
34,100.81300166666668,495.2105166666668,41.545383333333334,53.61995,104.7445333333333,107.99658333333335,0.09753663025000005,-0.0008964738333333334,5972.16883333333,34.03336666666666,3.455956666666667,4585076500000.0,25.423757166666654,1.8852923349999996e+23,850.7588666666666,17479480500000.0,1.2504620666666665e+22,113.94866666666664,4826.787499999999,10.34850333333333
35,105.54956016666667,525.6251500000001,41.731116666666644,53.98288333333334,105.60196666666667,108.70461666666668,0.08482818333333333,-0.0009447103333333332,6125.395833333333,34.07818333333334,3.4640566666666666,4570848666666.667,25.514846666666656,2.073790828333333e+23,899.5249000000002,18266003166666.668,1.3013318333333334e+22,115.39574999999998,5075.668166666667,10.493005
36,99.31095515625005,529.220109375,41.491671875,54.172578124999994,106.11503125,109.28514062499997,0.07832027656250003,-0.0006769149062500001,6065.964062499999,33.90846875,3.365435937499999,4403123750000.0,25.13569640625,2.0462613656250006e+23,887.6552343750002,18046408437500.0,1.280673562499999e+22,111.48053125000001,4784.646718750001,9.981675
37,104.65292661538459,532.276446153846,41.70532307692309,53.914723076923075,105.42223076923078,108.81556923076924,0.05924385538461537,-0.0005334296923076922,6185.312923076922,34.11324615384615,3.3215307692307694,4736052923076.923,25.510181538461545,2.0794148400000005e+23,898.6261692307688,18205703230769.23,1.2985458153846158e+22,111.50276923076919,4903.380769230769,10.05836153846154
38,106.8977492878788,528.8059393939394,41.58965151515151,54.00018181818184,105.60760606060603,109.11719696969695,0.06262216818181819,-0.0006273857393939397,6158.7477272727265,34.06156060606061,3.38524090909091,4718426060606.061,25.39984848484847,2.058451477272727e+23,893.2405454545456,18117953030303.03,1.2902300454545458e+22,110.39286363636361,5055.590757575758,10.090236363636365
39,96.93062812500003,515.70828125,41.594968750000014,54.16509375000002,106.18039062499999,109.51551562499999,0.05411876093749998,-0.0005894115625000001,6111.1910937500015,33.9838125,3.3985500000000015,4335473281250.0,25.285313124999995,1.9528924218750003e+23,850.8582812500003,17378016093750.0,1.2347861718750005e+22,109.58500000000002,4784.83375,10.100120312500001
40,109.35692984126985,549.2338253968255,41.883015873015864,54.34606349206349,105.59279365079365,109.07287301587301,0.05946014285714291,-0.0004929226190476192,6370.007936507935,34.40180952380952,3.5399603174603174,4736757142857.143,25.965366666666668,2.1484415238095237e+23,926.1012698412699,18716071904761.906,1.3370739365079367e+22,115.64358730158732,5331.879523809522,10.351855555555558
41,109.19247656250003,544.16625,42.00940625,54.57065625,105.726890625,109.34518750000002,0.028667637499999992,-0.0005403781249999998,6376.34375,34.464203125000004,3.5355781250000007,4645573437500.0,25.979735937499992,2.1337205937499997e+23,921.2323906249995,18619774687500.0,1.3268141250000003e+22,115.27401562499999,5548.008437500001,10.708806249999997
42,107.81386612903225,532.853306451613,41.870016129032265,54.05767741935484,104.29438709677423,107.91682258064516,0.04335276935483873,-0.00026861391935483874,6341.0437096774185,34.4350806451613,3.4373354838709678,4851178709677.419,26.087612032258065,2.1205458096774187e+23,919.0012741935485,18530113064516.13,1.3261999677419354e+22,115.1229032258065,5383.602419354838,10.794930645161289
43,110.978153968254,529.2855555555557,42.04887301587303,54.093873015873015,104.11992063492066,107.84379365079366,0.02409606222222222,-0.00046119012698412715,6389.197777777778,34.63419047619046,3.4267825396825407,4854160952380.952,26.35275206349207,2.126471553968254e+23,926.643714285714,18593987460317.46,1.3250182222222224e+22,115.33134920634924,5443.283333333333,10.694255555555555
44,108.57244923076922,526.3420461538461,42.050738461538465,54.127553846153845,104.30607692307692,108.00284615384615,0.00707771076923077,-0.0005605248923076923,6403.302307692309,34.661907692307686,3.4642276923076922,4742779384615.385,26.32560733846154,2.131536912307693e+23,919.6196923076922,18510562769230.77,1.3150617230769232e+22,114.73406153846153,5463.935846153848,10.504553846153842
45,107.82227421874995,536.1019531249999,42.5788125,54.858781249999986,104.66851562500001,108.29470312499998,-0.004237857812500007,-0.00032419171875000015,6534.659375000002,35.124062499999994,3.5519984374999996,4763733125000.0,26.96222343749999,2.1692098281250004e+23,936.77975,18858437500000.0,1.3353315312500002e+22,116.18314375,5666.611250000001,10.590064062499998
46,109.49934385873013,536.2101428571428,42.6984761904762,54.71701587301588,104.4510634920635,108.09825396825397,-0.0058013492063492085,-0.00012249259587301587,6480.936507936509,35.304873015873014,3.555584126984127,4765642380952.381,27.19450793650794,2.173540936507936e+23,941.1354285714283,19137560317460.316,1.3316194444444445e+22,114.49028888888886,5623.560158730159,10.431347619047623
47,107.45513129032257,536.2878064516128,42.36308064516129,54.49964516129033,104.94429032258066,108.65296774193547,0.00793298387096774,6.18559677419355e-05,6470.37741935484,34.91511290322581,3.4520032258064526,4669746209677.419,26.677820967741933,2.183582427419355e+23,939.3007419354838,18924178709677.418,1.338112580645161e+22,117.6408387096774,5825.569612903228,11.754795161290321
48,106.12007500000004,538.283328125,42.68021874999999,54.71854687499999,104.64592187499998,108.4645,0.04726280625,-0.00025808690625000005,6496.837500000002,35.11681249999999,3.4519015625,4675372812500.0,27.107717187500004,2.1810509671875e+23,939.9167500000001,18950511875000.0,1.3415807187499998e+22,122.08198437499998,5894.419781250001,12.38219375
49,106.76418825396826,539.7763174603175,42.891650793650776,54.77693650793651,104.07061904761905,107.92028571428567,0.03580108095238094,-0.00046498203174603165,6559.712698412697,35.33414285714285,3.505801587301588,4790132698412.698,27.51616825396826,2.2110421571428575e+23,946.9486349206348,19149260158730.16,1.356351079365079e+22,123.72274603174603,5990.138095238096,12.456496825396826
50,112.46154508474575,545.1765423728814,43.15222033898304,55.38305084745763,105.12815254237285,109.04315254237288,0.02381484711864406,-0.0002803777627118643,6662.203220338982,35.57333898305086,3.464615254237289,4898956101694.915,27.851301694915254,2.2562990050847455e+23,952.1833220338983,19325376440677.965,1.3433914406779658e+22,124.02601694915253,5881.560847457628,12.124657627118644
51,110.65757017543858,555.8669824561405,42.66794736842105,54.96594736842106,105.1323684210526,108.83647368421053,0.036285085964912284,8.02107017543858e-05,6610.30596491228,35.19570175438595,3.535357894736843,4767573385964.912,27.25899824561403,2.2792098192982452e+23,955.7983859649121,19434021052631.58,1.3629016842105256e+22,129.35359649122807,5988.3651228070175,12.480022807017543
52,105.83319048387092,536.0168548387098,42.33248387096773,54.265967741935484,104.39279032258064,108.27199999999998,0.05013755080645162,-0.0008384490967741936,6362.593548387095,34.860967741935475,3.475698387096774,4324690967741.9355,26.59425322580645,2.1716951096774186e+23,933.8382419354837,18934810967741.934,1.3420786612903225e+22,119.11169354838712,5516.067516129033,11.627788709677414
53,111.95827129032259,535.0874354838711,41.97566129032257,53.93935483870968,104.58149999999996,108.5587258064516,0.058401129032258074,-0.000836899970967742,6303.9569354838695,34.55940322580645,3.487069354838709,4874402903225.807,26.093015967741938,2.1717979467741935e+23,941.721548387097,19037189838709.676,1.3533399354838715e+22,116.27988709677422,5532.673096774194,11.595364516129036
54,104.38689672131146,524.2236885245902,41.7810819672131,53.94390163934426,104.96308196721311,108.8737868852459,0.047737834262295095,-0.0009652268852459019,6235.317213114755,34.42673770491803,3.482114754098361,4427053606557.377,25.726105573770486,2.0968725344262302e+23,920.9680819672129,18642723934426.23,1.3263810327868852e+22,113.76813114754103,5224.378590163934,11.67841475409836
55,117.16395915254236,544.5462711864408,42.34079661016949,53.91947457627118,104.31738983050847,108.26677966101691,0.00901753389830509,-0.0007418852372881355,6556.194915254238,34.975322033898294,3.424605084745763,4821564237288.136,26.98915593220339,2.2656116372881357e+23,951.8380847457627,19212395084745.76,1.3678532033898305e+22,118.63822033898303,5748.19566101695,11.739155932203385
56,115.54914714285717,537.6553749999999,42.17017857142857,53.62528571428568,104.077,107.69226785714285,0.023849121428571433,-0.0007496592142857147,6414.698214285714,34.79683928571429,3.4618125,4859928392857.143,26.80468928571429,2.1672015303571428e+23,931.8589464285715,18873270000000.0,1.3553726964285716e+22,119.39317857142855,5032.639607142855,11.992155357142853
57,104.44217666666668,526.4233833333332,41.59823333333332,53.32021666666666,104.39545,108.15235,0.02556211166666666,-0.0004499323333333333,6188.330000000001,34.30478333333334,3.514796666666667,4549405000000.0,25.648041666666664,2.0840212916666673e+23,912.2929833333335,18502745000000.0,1.3423130166666667e+22,119.59515000000003,4751.670933333334,12.08932666666666
58,107.86559000000003,542.6259666666667,41.701333333333345,53.19713333333334,103.95989999999999,107.74141666666665,0.04665487333333333,-0.0003174400000000001,6295.7783333333355,34.385033333333354,3.470863333333334,4627971000000.0,25.831423500000007,2.22756951e+23,943.1061166666667,19126118666666.668,1.3869031666666663e+22,120.68203333333335,5624.331683333335,12.478823333333334
59,120.38697241379313,540.0191896551723,42.12255172413793,53.493793103448276,103.26568965517244,107.42341379310345,0.011337051724137924,-0.001367356103448276,6449.146551724136,34.73651724137932,3.517467241379309,5067693620689.655,26.378624137931038,2.2689351965517237e+23,962.3683448275863,19389978620689.656,1.4049019482758623e+22,118.12029310344828,5852.140862068966,12.151936206896549
60,121.71245706896549,545.1153275862067,42.141362068965535,53.26196551724141,103.17293103448277,107.30425862068967,0.026002152931034483,-0.0013138822413793104,6522.1034482758605,34.80968965517242,3.465275862068967,5084833620689.655,26.66090172413794,2.291549551724138e+23,969.6737931034481,19526862758620.69,1.4165695e+22,115.05944827586208,5795.028103448276,10.413806896551721
61,126.01520671186441,554.7752203389831,42.30506779661015,53.64357627118645,103.84366101694916,108.01145762711862,0.09737330508474572,-0.0014046093423728816,6567.149152542373,35.00191525423728,3.4949542372881353,5207395423728.813,26.917322033898298,2.3015139101694923e+23,969.1604576271186,19559458305084.746,1.398081762711864e+22,118.9539152542373,6114.014,11.338469491525421
62,124.2362646666667,546.5774000000001,42.330600000000004,53.95915,104.19148333333337,107.99330000000003,0.07124778333333334,-0.001768080333333333,6483.868333333333,34.95638333333333,3.4819500000000017,5128328500000.0,26.863591666666675,2.2361821866666664e+23,942.4325666666667,19098610166666.668,1.357126833333333e+22,120.18688333333331,5928.6785,11.952711666666666
63,128.63374249999995,549.4708035714284,42.10166071428572,54.00212500000002,104.69992857142856,108.56460714285716,0.07127740714285713,-0.0018266946250000001,6531.4571428571435,33.981125,3.458649999999999,5395272678571.429,26.562530357142855,2.270518667857143e+23,951.5688035714287,19223622678571.43,1.3597316607142858e+22,113.21169642857144,6158.111428571428,11.383737499999999
64,129.5434559259259,548.5800000000002,42.58064814814813,54.57762962962962,104.62196296296294,108.51505555555553,0.06530130740740743,-0.0015811340740740738,6609.253703703705,35.171481481481464,3.479948148148148,5236377222222.223,27.289140740740745,2.2445712055555555e+23,958.6590000000001,19381461666666.668,1.3587956666666664e+22,112.3584814814815,6104.4982592592605,10.706898148148149
65,119.95281018867925,546.8030188679244,42.48062264150943,54.584,104.8948113207547,108.36562264150945,0.07573526415094341,-0.001137331075471698,6542.075471698113,35.03362264150943,3.5403169811320763,4971078490566.038,27.170132075471695,2.224985701886792e+23,946.8466226415093,19213237924528.3,1.3428942452830188e+22,112.92243396226415,5887.062433962262,10.460349056603777
66,110.12393418181817,549.677927272727,42.05056363636364,53.54525454545454,103.24312727272726,106.62036363636362,0.027176656363636364,-0.0007450378909090909,6476.6909090909085,34.432272727272725,3.511192727272728,4634223272727.272,26.631274545454545,2.2567872727272725e+23,962.0678545454548,19476305454545.453,1.400572563636364e+22,117.18223636363636,5815.671781818181,11.750401818181816
67,116.59914982758619,567.740793103448,42.06834482758622,53.680224137931056,103.41308620689658,106.79905172413797,0.04750855689655172,-0.00038517637931034484,6475.184482758621,34.839948275862064,3.5600344827586192,5202576206896.552,26.623687931034485,2.309859534482758e+23,984.1646206896548,19910950000000.0,1.4432344655172412e+22,128.25606896551724,6277.50124137931,12.983067241379308
68,127.29572380952378,548.1607142857143,42.32526984126985,54.6265873015873,104.6083492063492,108.44192063492062,0.04066398253968257,-0.001527195396825397,6561.619047619049,34.944857142857146,3.5088746031746028,5476756507936.508,26.794873015873023,2.2450658761904765e+23,965.2834285714287,19394580317460.316,1.3876026031746029e+22,121.15534920634921,6059.231333333333,12.267814285714284
69,133.22059500000003,552.7000833333333,42.47471666666667,54.14958333333333,103.46713333333332,107.56565000000005,0.007244296666666667,-0.002066365333333333,6718.426666666666,35.206066666666665,3.6464400000000006,5670967000000.0,27.42716666666668,2.3312857799999994e+23,991.7815333333334,19803747500000.0,1.4234911000000001e+22,124.05121666666666,6728.130066666668,12.001904999999997
70,132.29683599999998,553.38385,42.38760000000002,54.208183333333324,103.46391666666666,107.60669999999998,0.03706509833333332,-0.002109644783333334,6738.961666666668,35.150683333333326,3.6415166666666665,5573248333333.333,27.336329999999986,2.3343669083333333e+23,991.2588166666669,19703911666666.668,1.4225177166666665e+22,120.4155,6681.136666666668,11.353366666666664
71,134.670617,567.1178000000001,42.35591666666666,54.333000000000034,103.90201666666668,107.99296666666665,0.022786218333333327,-0.0017482918000000004,6736.489999999999,35.12376666666666,3.6425849999999995,5651348666666.667,27.28924666666666,2.349710798333334e+23,1007.1283333333332,20086606833333.332,1.4389612999999996e+22,120.23896333333332,6635.648166666665,11.304728333333328
72,135.16328,562.6097288135595,42.60250847457627,54.758050847457625,104.26271186440675,108.47544067796606,0.031852323728813574,-0.0015474159322033895,6733.898305084746,33.71137288135592,3.6126355932203387,5828065593220.339,27.587928813559316,2.3277505949152544e+23,993.0696101694916,19755457966101.695,1.4111193898305087e+22,119.06018644067797,6129.126169491526,11.602752542372878
73,134.4390263934426,549.3667213114753,42.443786885245906,54.8237868852459,104.8885573770492,109.06065573770492,0.014031745901639343,-0.0014827611475409835,6658.7918032786865,35.11540983606557,3.540127868852459,5636609754098.36,27.25034508196721,2.2650485245901643e+23,970.137918032787,19312815901639.344,1.3791940327868853e+22,119.25237704918032,5987.571147540985,11.748008196721317
74,137.5588720338983,558.5145423728814,41.810101694915254,53.53645762711865,103.59706779661016,107.83145762711862,0.003496886610169488,-0.0012560377966101702,6628.347457627117,34.73527118644068,3.506120338983051,5797413898305.085,26.511520338983047,2.3332013203389835e+23,997.7085254237288,19811550508474.58,1.4341003559322025e+22,121.9761711864407,6321.402542372883,11.756461016949153
75,140.7461403508772,557.5534385964912,41.49291228070175,53.56182456140351,103.99598245614037,108.35980701754386,0.06150768596491229,-0.001160537894736842,6553.417543859651,34.5601754385965,3.5236035087719295,5906573684210.526,26.135877192982456,2.3552371228070188e+23,1014.3411754385965,20058632807017.543,1.4482848947368419e+22,118.40219298245611,6508.996842105263,10.786926315789476
76,138.9473118644068,563.7720677966101,42.25915254237289,54.287932203389836,104.01972881355931,108.35696610169492,0.03249712881355931,-0.0011898700000000002,6633.416949152542,35.06308474576271,3.5885372881355937,5759147796610.17,27.06811355932204,2.3376141644067793e+23,1007.8016101694917,19999274406779.66,1.4320395932203389e+22,119.06000508474578,6104.525491525424,11.769654237288135
77,133.0309152542373,555.2116779661015,42.35633898305086,54.330762711864395,104.10015254237291,108.35045762711867,0.03566772881355932,-0.0006976867796610169,6575.922033898307,35.103644067796616,3.5058203389830505,5369509830508.475,27.11285423728814,2.257650698305084e+23,980.7318305084749,19487521694915.254,1.397073389830509e+22,114.28903050847458,5751.630305084746,11.454105084745763
78,135.38735633333334,550.5630333333335,42.163383333333336,54.045016666666676,103.91318333333336,108.08818333333333,0.04823531333333332,-0.0007530439999999998,6507.645,34.95656666666665,3.4933650000000003,5625202000000.0,26.781601666666667,2.232849651666667e+23,975.5130166666665,19353729833333.332,1.3902775000000004e+22,109.5785516666667,5568.726833333334,10.22212
79,135.74097315254238,560.7915423728813,42.746813559322035,54.677271186440684,104.15767796610169,108.39986440677964,0.046264589830508476,-0.000788214372881356,6668.106779661017,35.47554237288134,3.50322372881356,5659688813559.322,27.725318644067798,2.2992212779661014e+23,999.3130508474574,19822995254237.29,1.3960244576271188e+22,119.02145932203389,6089.172305084746,11.470681355932205
80,133.7246157894737,571.6351578947368,43.04449122807017,54.97315789473686,104.02994736842106,108.10678947368424,0.06522513684210524,-0.0006832078947368421,6709.784210526316,35.6857894736842,3.5030350877192986,5552300000000.0,28.041568421052627,2.3549652859649127e+23,1012.4275964912281,20145514385964.914,1.4159181403508779e+22,120.93835087719296,6344.564385964911,11.577984210526314
81,134.67288599999998,565.2765499999999,42.53886666666667,54.045483333333344,103.11290000000002,107.34851666666665,0.050924991666666655,-0.0006315137666666668,6616.431666666666,35.28848333333334,3.586593333333334,5629929166666.667,27.42470166666667,2.3481016216666674e+23,1013.1809500000002,20160262166666.668,1.4449647166666658e+22,118.47779666666663,6045.278999999999,11.385158333333335
82,136.1175634098361,561.6342622950822,42.67104918032788,54.34365573770491,103.09237704918033,107.4381803278688,0.06538069180327871,-0.0009321194639344264,6652.173770491805,35.37640983606557,3.651539344262295,5565185737704.918,27.578406557377047,2.341397808196721e+23,1013.5366065573769,20175565409836.066,1.4416306721311477e+22,118.61538196721311,5834.235901639345,11.584660655737709
83,137.65079263934425,570.4533442622948,42.89360655737706,54.49142622950821,103.05947540983603,107.34781967213115,0.010176672131147544,-0.0006034607737704918,6789.567213114753,35.558786885245894,3.643809836065574,5822110622950.819,27.95796229508197,2.369816672131147e+23,1022.726180327869,20326547377049.18,1.4541492459016393e+22,122.41483606557377,6012.954590163935,11.682472131147538
84,141.40971220338983,573.0772881355933,42.65316949152544,54.31913559322033,103.16574576271185,107.70644067796606,0.03688001016949151,-0.0005508952542372883,6729.468644067794,35.38603389830507,3.7007067796610165,5960004067796.61,27.60533728813559,2.4068945305084742e+23,1038.8822372881357,20640568644067.797,1.4793895762711863e+22,118.38333898305085,6028.978135593221,11.218120338983049
85,135.72384918032785,563.918868852459,42.417918032786886,53.91868852459014,103.32326229508193,107.60552459016388,0.03970405081967213,-0.0003458598360655737,6585.931147540983,34.65118032786884,3.645529508196722,5538128655737.705,27.238463934426225,2.3332001114754103e+23,1007.9530327868853,20065941803278.688,1.4427349508196722e+22,115.77678852459017,5920.01475409836,11.146537704918034
86,130.9888822580645,563.1574193548388,42.498532258064515,54.210951612903244,103.57275806451617,107.90146774193546,0.03804621935483872,-0.0003369964516129031,6663.266129032257,35.18579032258065,3.677390322580644,5264952870967.742,27.385167741935472,2.3199705548387096e+23,1004.5531774193546,19974258870967.742,1.4346927096774191e+22,121.55254838709683,5758.2667741935475,12.0162935483871
87,130.3706793333333,547.6342833333333,42.397733333333335,54.22986666666667,103.72391666666671,107.8602833333333,0.06662183666666667,-0.00031010233333333346,6471.548333333334,35.07073333333333,3.6833050000000016,5293390833333.333,27.17608333333333,2.1825600516666667e+23,974.0909650000001,19404598833333.332,1.4022299333333336e+22,120.80961666666664,5859.372000000002,12.011543333333332
88,124.74832258620687,535.5014482758619,42.589999999999996,54.50477586206897,103.95456896551724,108.28439655172414,0.07250108448275862,-0.00022735120689655166,6486.044137931035,35.16979310344827,3.645656896551724,5111354724137.931,27.298116724137934,2.1506509155172413e+23,960.7244137931037,19108323275862.07,1.3701274137931035e+22,120.11806896551722,5675.859655172412,11.781258620689655
89,130.88684032258064,553.0956290322582,42.672370967741934,54.27679032258065,103.16725806451613,107.5920322580645,0.017305007096774187,-0.0006980967741935482,6701.885645161291,34.82035483870967,3.6207064516129037,5272675000000.0,27.599579032258056,2.3309248741935478e+23,1000.11914516129,19815877096774.195,1.43427635483871e+22,122.56212903225806,5778.242903225806,12.145333870967741
90,130.15925149999993,538.2766333333332,42.165600000000005,54.414183333333334,104.2038666666667,108.63298333333334,0.006052293333333334,-0.0006780830666666669,6564.8035,34.884449999999994,3.66035,5313442150000.0,26.780736666666673,2.2195851966666662e+23,982.6543600000002,19548025333333.332,1.3891631000000007e+22,125.52095000000001,5585.164266666666,12.857510000000007
91,133.15135714285714,539.5067142857143,42.2665,54.13394642857141,103.04689285714288,107.70555357142857,-0.023297991071428572,-0.0014098967857142856,6682.616964285714,35.00846428571429,3.7459,5491040696428.571,27.060037500000004,2.324017826785714e+23,1012.3664642857141,20027083750000.0,1.4429553392857144e+22,128.6067678571429,6083.920214285715,12.924841071428576
92,143.9175446428571,570.324375,42.573589285714306,53.94178571428573,101.92926785714283,106.59887499999998,0.008575750000000002,-0.001748188094642857,6891.157142857141,35.439428571428564,3.7256321428571435,5827105839285.714,27.80940178571428,2.481615085714286e+23,1065.7244642857142,21049304285714.285,1.5154890714285712e+22,129.08264285714284,6391.218607142856,12.673183928571428
93,141.4380031166667,551.6606499999999,41.90279999999999,53.42058333333333,102.63065,107.05185000000002,0.018120007499999993,-0.0008511336733333334,6494.733000000002,34.76618333333334,3.6289000000000002,5726667666666.667,26.601514833333336,2.2827996849999994e+23,1013.5683199999997,20159237833333.332,1.4336310333333337e+22,116.56693333333332,5635.937533333332,11.298545
94,144.24901224137932,566.4723275862069,42.629603448275866,54.42353448275861,103.26812068965516,107.61850000000001,0.010563175862068962,-0.0009335812413793103,6577.320689655173,34.81817241379311,3.6706551724137935,5593278448275.862,27.53886379310344,2.3273802120689653e+23,1030.5487810344825,20549890000000.0,1.4576713103448276e+22,121.27624137931033,5869.791103448279,12.228653448275862
95,143.8333401666666,559.3686166666664,42.19835,53.56513333333336,102.41573333333332,106.93403333333339,-0.014928813333333344,-0.0006918855,6587.204500000001,34.9755,3.6959183333333336,5411236000000.0,27.031114999999996,2.3493768799999995e+23,1023.7343716666668,20373447500000.0,1.457962766666667e+22,118.49938333333331,5874.5578000000005,11.549034999999998
96,141.5828369354839,557.9599032258063,41.77887096774193,53.5549193548387,102.62777419354836,107.05119354838708,-0.002013687096774197,-0.00042334687096774206,6547.3854838709685,34.57312903225809,3.63033870967742,5598806806451.613,26.378483870967745,2.323375093548387e+23,1032.0304999999998,20379952903225.805,1.4798344354838706e+22,123.08199999999995,5577.037645161292,12.419077419354833
97,142.40754698412695,554.2995555555555,41.90330158730159,53.74609523809523,102.95944444444444,107.35387301587305,0.009629361904761907,-0.0006505313650793649,6511.466666666666,34.65612698412698,3.60566507936508,5474625793650.794,26.3936265079365,2.300471192063492e+23,1020.5341904761904,20202990317460.316,1.465660555555555e+22,124.1084920634921,5800.819523809524,12.957433333333334
98,142.5488215873016,555.1847301587302,41.90657142857143,53.78825396825397,102.91930158730158,107.1406507936508,0.0038794238095238077,-0.00047108746031746033,6504.509523809525,34.68852380952382,3.4698666666666664,5464286396825.396,26.428607936507934,2.3023558666666662e+23,1019.6713809523808,20186824603174.6,1.4689996031746025e+22,118.52846031746026,5743.842698412698,11.11061746031746
99,131.38654999999997,517.3123389830508,41.34964406779661,53.95845762711864,103.9632372881356,107.93757627118644,0.004340677966101699,-0.0005638677627118644,6138.0881355932215,34.06116949152541,3.502964406779663,4977852627118.645,25.37868813559322,1.9761412525423734e+23,941.0508305084745,18800618135593.22,1.3591935593220342e+22,118.10896610169493,5349.957898305086,12.668181355932205
100,136.59907590163937,531.2715573770492,41.32908196721311,53.51542622950817,103.17383606557378,107.19196721311478,-0.010808309836065578,3.802032786885229e-05,6075.077049180328,34.038426229508204,3.5624508196721307,5145176557377.049,25.240355737704917,2.0432411983606558e+23,970.2396393442622,19378868196721.312,1.4119778360655744e+22,120.21903278688522,5427.153213114753,12.682204918032783
101,145.35069344262294,550.5465081967213,41.684032786885254,53.46511475409838,102.38595081967208,106.73867213114755,-0.02786851163934426,-0.0006053969836065578,6503.43606557377,34.47016393442623,3.6375229508196716,5434821147540.983,26.11431639344262,2.333044770491804e+23,1027.6723442622952,20296428032786.887,1.4838385573770494e+22,121.4944262295082,6146.0001639344255,11.648801639344263
102,149.2624305084745,551.9958644067797,41.45249152542373,53.339033898305075,102.03605084745759,106.30289830508471,-0.03143263389830509,-0.0009607725423728815,6485.388135593223,34.3285593220339,3.7062220338983045,5692015254237.288,25.859730508474577,2.3309042508474567e+23,1027.6997627118649,20273780000000.0,1.4916104406779665e+22,118.95196610169492,6090.812881355935,11.497516949152542
103,140.31696607142854,547.554,41.32298214285713,53.29358928571429,102.40358928571432,106.51973214285715,-0.030204917857142854,-0.0005798605000000002,6290.599999999999,33.624125,3.5785857142857145,5372720357142.857,25.51509285714286,2.274107373214286e+23,1013.5407499999999,20131001964285.715,1.4787477857142854e+22,118.45983928571431,5633.570357142859,11.576453571428571
104,139.90498620689652,535.4404310344829,41.79563793103448,53.69939655172413,103.05648275862067,107.05008620689654,0.034943915517241374,0.00022963289655172383,6278.112068965517,34.401051724137936,3.5921172413793103,5237418275862.069,26.049412068965513,2.1757896862068975e+23,967.5537931034486,19351787241379.31,1.3911597758620688e+22,114.15993103448274,5382.026379310342,11.254591379310346
105,148.79948360655737,539.9454590163934,42.12257377049179,53.71021311475411,102.41993442622952,106.69870491803279,-0.008419577049180336,0.0001816842950819671,6563.483606557376,34.8034262295082,3.5909508196721314,5505930655737.705,26.679759016393447,2.2855015131147545e+23,998.3844754098362,19816110655737.703,1.4188283770491808e+22,116.04726229508194,5670.582459016395,11.253039344262294
106,148.59618448275856,538.6184137931033,42.16305172413792,53.637999999999984,102.26808620689654,106.84406896551724,-0.01296600448275861,0.0005727232758620692,6649.25344827586,34.906086206896546,3.583336206896552,5469304482758.621,26.87473965517241,2.3373595586206905e+23,995.0036551724136,19672202586206.9,1.4064236034482755e+22,113.09743103448282,6001.405172413794,10.695925862068963
107,155.731927118644,548.1614576271187,42.78676271186439,54.2394745762712,102.1995593220339,106.78761016949156,-0.03649110508474576,9.814898305084743e-05,6791.642372881354,35.38405084745763,3.612827118644067,5890775254237.288,27.7009186440678,2.3726707271186443e+23,1013.5264745762714,20029169152542.37,1.4186412881355932e+22,117.30172881355934,5515.641016949152,10.989335593220341
108,162.50898245614036,578.1316666666665,43.491421052631594,55.30031578947367,102.86987719298241,107.55252631578948,-0.03428046842105265,0.00023870038596491232,7076.280701754385,34.9349298245614,3.7197596491228064,6181240877192.982,28.80929298245613,2.4766676315789467e+23,1060.8322982456139,20895899649122.81,1.4748802631578941e+22,131.3417543859649,6318.724631578949,14.572319298245617
109,154.6599981132075,570.3235660377358,43.096603773584896,55.544943396226394,104.4678679245283,108.53896226415092,0.02743286773584907,0.001195641509433962,6724.6886792452815,35.518132075471684,3.613262264150944,6159385283018.868,27.939722641509437,2.3345418905660375e+23,1011.3753773584906,20224653018867.926,1.411446339622641e+22,124.72515094339624,5896.722075471698,11.731864150943395
110,177.3064780769231,578.0334038461535,42.827288461538465,55.54448076923078,104.92563461538461,109.75055769230767,0.00478497500000001,-0.00014858798076923093,6955.676923076922,35.46836538461538,3.595234615384615,6737712692307.692,27.80286730769232,2.4486364730769232e+23,1055.6482500000002,20632186153846.152,1.4420145576923074e+22,118.02551923076923,6495.16076923077,10.762875000000001
111,176.82985000000008,580.1266458333334,42.88858333333334,55.60783333333333,104.9179375,109.76122916666668,-0.012610786208333316,0.0007004143749999996,6980.258333333334,35.48922916666667,3.5480312499999997,6473088410416.667,27.820881250000003,2.5101846374999992e+23,1053.125770833333,20667280625000.0,1.4443423958333336e+22,119.31435416666663,6360.929791666665,10.848693749999997
112,138.6414571428572,583.4869999999999,42.18818367346938,54.700591836734716,105.16128571428574,108.85291836734693,-0.0047778714285714235,0.0013089746938775508,6378.163265306123,34.722755102040814,3.5349081632653068,5263815918367.347,26.442302040816323,2.2940595081632657e+23,997.0683061224487,20132779591836.734,1.4123952857142855e+22,117.59436734693877,6143.5993877551,11.137312244897956
113,152.7410725,564.5405416666669,42.165333333333336,55.14233333333333,105.58935416666667,109.34814583333332,0.021227409166666673,0.0011782207708333334,6476.6875,34.78714583333334,3.460435416666666,6030260000000.0,26.460972916666666,2.296138025e+23,988.8843333333331,19763457500000.0,1.3795644375000003e+22,109.49339583333331,6092.140416666666,10.38765208333333
114,172.95357708333336,568.9981666666666,42.4404375,54.7159375,104.21814583333331,108.825625,-0.010186002916666671,0.0004908145833333334,6838.691666666668,35.19089583333334,3.5901395833333347,6540938541666.667,27.21625625,2.4566587187500008e+23,1039.5555,20456112291666.668,1.4268057708333336e+22,105.18106249999998,6835.195208333331,9.681052083333332
115,194.02040217391308,593.4495652173914,43.16382608695654,55.66267391304346,104.55697826086957,109.28569565217391,-0.06791766521739129,0.001143490869565217,7097.495652173914,35.85684782608697,3.707439130434783,7295885217391.305,28.432810869565213,2.598766145652173e+23,1097.2730869565219,21530530000000.0,1.4789388913043485e+22,118.62117391304349,7490.88043478261,12.787895652173917
116,189.62634444444444,577.1225111111111,42.80193333333333,55.55546666666666,105.08919999999996,109.63437777777774,-0.031137104444444452,0.0016531208888888893,6911.188888888889,35.455711111111114,3.597366666666666,7293042222222.223,27.759333333333334,2.4143706177777778e+23,1065.967177777778,20869021333333.332,1.4369349333333332e+22,116.63122222222218,5815.3892,12.7459
117,182.40697391304343,554.223152173913,42.10095652173913,54.50028260869565,104.48591304347826,109.01030434782606,-0.010387886956521743,0.0014746960869565216,6624.386956521739,34.77982608695652,3.492097826086956,6918795652173.913,26.55022543478261,2.2704803739130435e+23,1011.8606956521738,19809139565217.39,1.3856757391304346e+22,106.23773913043478,5588.919913043479,12.136719565217392
118,184.02585957446806,573.122340425532,42.40312765957449,54.699659574468086,104.17231914893615,108.65612765957448,0.03486561276595746,0.0010701855319148936,6831.336170212767,35.14329787234042,3.590419148936171,7041657872340.426,27.276940425531915,2.4672604446808514e+23,1044.1159574468088,20559377659574.47,1.4328697659574467e+22,106.48091489361703,6959.732042553191,11.524074468085105
119,178.53402272727274,548.2416363636365,42.53268181818181,54.647909090909096,103.86631818181819,108.44215909090909,0.0673298475,0.001214042409090909,6652.8568181818155,35.12849999999999,3.5190181818181827,6821411136363.637,27.237549999999995,2.2939997090909096e+23,1003.7758409090912,19706895227272.727,1.3929615454545449e+22,107.83679545454542,6759.642909090909,11.797545454545455
